variety,combination,altitude_m,annotation_method,index,treatment_no,d12,d23,d34,p12_%,p23_%,p34_%
Enrosadira,CONTROL,30,Bounded,GNDVI,1,0.0119,0.00633,0.03962,1.704844193,0.891661067,5.53165764
Enrosadira,CONTROL,30,Bounded,GNDVI,2,-0.02556,0.05132,-0.04279,-3.289740412,6.829908398,-5.330619231
Enrosadira,CONTROL,30,Bounded,GNDVI,3,-0.02861,0.00136,0.01634,-3.554562724,0.175196549,2.101253679
Enrosadira,CONTROL,30,Bounded,GNDVI,4,-0.03294,0.03697,0.02911,-4.176487668,4.891758109,3.672115762
Enrosadira,CONTROL,30,Bounded,LCI,1,0.00099,-0.02745,0.02892,0.306310933,-8.467230737,9.745872663
Enrosadira,CONTROL,30,Bounded,LCI,2,0.01856,0.00552,-0.04469,4.715674791,1.339347456,-10.70006536
Enrosadira,CONTROL,30,Bounded,LCI,3,-0.11926,0.07316,0.0448,-25.96215177,21.51125695,10.84060678
Enrosadira,CONTROL,30,Bounded,LCI,4,-0.05512,0.06544,0.04772,-14.4546339,20.0606356,12.18431716
Enrosadira,CONTROL,30,Bounded,MCARI,1,0.18351,-0.21231,0.0056,16.23722218,-16.16133474,0.50845257
Enrosadira,CONTROL,30,Bounded,MCARI,2,0.03668,0.03096,0.1255,3.435096989,2.803126536,11.05297413
Enrosadira,CONTROL,30,Bounded,MCARI,3,-0.02881,0.10251,-0.08169,-3.279823224,12.06580578,-8.579972083
Enrosadira,CONTROL,30,Bounded,MCARI,4,0.21536,-0.11888,0.10119,23.04767388,-10.3394502,9.815780718
Enrosadira,CONTROL,30,Bounded,MCARI2,1,0.01246,-0.06781,0.04854,1.410553795,-7.569761588,5.862382562
Enrosadira,CONTROL,30,Bounded,MCARI2,2,-0.05034,0.06993,-0.01795,-5.697528468,8.392932798,-1.987530048
Enrosadira,CONTROL,30,Bounded,MCARI2,3,-0.09915,0.02791,0.01374,-10.781381,3.401621712,1.619517186
Enrosadira,CONTROL,30,Bounded,MCARI2,4,-0.0229,0.02961,0.07546,-2.835804446,3.773748424,9.267526445
Enrosadira,CONTROL,30,Bounded,NDRE,1,-0.0004,-0.01783,0.0197,-0.190665948,-8.515170184,10.28393045
Enrosadira,CONTROL,30,Bounded,NDRE,2,0.01821,-0.00055,-0.03623,6.864936798,-0.194023375,-12.80569488
Enrosadira,CONTROL,30,Bounded,NDRE,3,-0.0954,0.05854,0.03731,-29.92556252,26.20517389,13.2337345
Enrosadira,CONTROL,30,Bounded,NDRE,4,-0.0441,0.05258,0.03431,-17.2413119,24.83926285,12.98337628
Enrosadira,CONTROL,30,Bounded,NDVI,1,5.00E-05,-0.01467,0.02011,0.005672916,-1.664339012,2.320132078
Enrosadira,CONTROL,30,Bounded,NDVI,2,-0.01706,0.02965,-0.012,-1.90096062,3.367860052,-1.318636398
Enrosadira,CONTROL,30,Bounded,NDVI,3,-0.02715,0.00609,0.01202,-2.960092717,0.684230454,1.341306781
Enrosadira,CONTROL,30,Bounded,NDVI,4,-0.01161,0.00795,0.02718,-1.29623489,0.899259214,3.047047626
Enrosadira,CONTROL,30,Bounded,OSAVI,1,0.00988,-0.02713,0.02984,1.401913584,-3.796364837,4.340357323
Enrosadira,CONTROL,30,Bounded,OSAVI,2,-0.02662,0.04023,-0.01651,-3.683302409,5.779333746,-2.242198142
Enrosadira,CONTROL,30,Bounded,OSAVI,3,-0.04724,0.01221,0.00698,-6.373267892,1.759414163,0.988401155
Enrosadira,CONTROL,30,Bounded,OSAVI,4,-0.01328,0.01913,0.03498,-1.923686989,2.825447042,5.024483224
Enrosadira,CONTROL,30,Bounded,SIPI2,1,0.00962,0.01222,0.01734,1.098598659,1.380352679,1.932031274
Enrosadira,CONTROL,30,Bounded,SIPI2,2,-0.0081,0.01872,-0.02231,-0.877581688,2.046145388,-2.389646223
Enrosadira,CONTROL,30,Bounded,SIPI2,3,-0.00439,-0.00243,0.00449,-0.471611461,-0.262288429,0.485914434
Enrosadira,CONTROL,30,Bounded,SIPI2,4,-0.01573,0.02089,0.00443,-1.688309876,2.280639889,0.472855632
Enrosadira,CONTROL,30,Edges,GNDVI,1,-0.00055,0.00356,0.04427,-0.0788846,0.511001606,6.322199388
Enrosadira,CONTROL,30,Edges,GNDVI,2,-0.02407,0.06053,-0.04383,-3.196627803,8.304168822,-5.552029854
Enrosadira,CONTROL,30,Edges,GNDVI,3,-0.03313,0.00939,0.0134,-4.273454662,1.265292318,1.783074366
Enrosadira,CONTROL,30,Edges,GNDVI,4,-0.04778,0.05483,0.02856,-6.249419594,7.649584037,3.701394892
Enrosadira,CONTROL,30,Edges,LCI,1,-0.01377,-0.02171,0.03328,-4.062534113,-6.676281825,10.96645149
Enrosadira,CONTROL,30,Edges,LCI,2,0.01985,0.00834,-0.04884,5.159046785,2.061239067,-11.82706907
Enrosadira,CONTROL,30,Edges,LCI,3,-0.1254,0.08318,0.03965,-28.07246906,25.88849708,9.802685417
Enrosadira,CONTROL,30,Edges,LCI,4,-0.07623,0.08911,0.03486,-20.48252013,30.11073153,9.05334618
Enrosadira,CONTROL,30,Edges,MCARI,1,0.16116,-0.19444,0.00496,17.15104863,-17.66334094,0.547237279
Enrosadira,CONTROL,30,Edges,MCARI,2,0.034,0.05195,0.14195,3.748287088,5.52024746,14.2946192
Enrosadira,CONTROL,30,Edges,MCARI,3,0.00138,0.07127,-0.05194,0.189784375,9.782833988,-6.494196609
Enrosadira,CONTROL,30,Edges,MCARI,4,0.22664,-0.15044,0.13979,28.4855668,-14.7162543,16.03407082
Enrosadira,CONTROL,30,Edges,MCARI2,1,0.01824,-0.0897,0.05,2.368643523,-11.37890222,7.157161241
Enrosadira,CONTROL,30,Edges,MCARI2,2,-0.0445,0.09121,-0.00282,-5.749272297,12.50289578,-0.343600322
Enrosadira,CONTROL,30,Edges,MCARI2,3,-0.07857,0.02011,0.01984,-9.966372847,2.83326829,2.71821409
Enrosadira,CONTROL,30,Edges,MCARI2,4,0.00099,0.00699,0.10783,0.141707736,0.999126658,15.26038033
Enrosadira,CONTROL,30,Edges,NDRE,1,-0.0106,-0.01123,0.02236,-4.697311454,-5.221774287,10.9698721
Enrosadira,CONTROL,30,Edges,NDRE,2,0.01889,-0.00098,-0.04069,7.112975438,-0.344511198,-14.35369566
Enrosadira,CONTROL,30,Edges,NDRE,3,-0.102,0.06713,0.03295,-32.18467694,31.23473276,11.68228441
Enrosadira,CONTROL,30,Edges,NDRE,4,-0.06049,0.07109,0.0213,-23.80549467,36.71795507,8.046815086
Enrosadira,CONTROL,30,Edges,NDVI,1,-0.01963,-0.02051,0.02913,-2.251789789,-2.406935165,3.502839669
Enrosadira,CONTROL,30,Edges,NDVI,2,-0.01409,0.04799,-0.00938,-1.650712126,5.716627297,-1.056935945
Enrosadira,CONTROL,30,Edges,NDVI,3,-0.0296,0.01384,0.01146,-3.386258882,1.638798798,1.335102597
Enrosadira,CONTROL,30,Edges,NDVI,4,-0.0238,0.02227,0.03561,-2.753957078,2.649893921,4.127829406
Enrosadira,CONTROL,30,Edges,OSAVI,1,0.01118,-0.04531,0.03287,1.718463958,-6.846882787,5.332135076
Enrosadira,CONTROL,30,Edges,OSAVI,2,-0.02363,0.05472,-0.00839,-3.554821424,8.535316588,-1.205769875
Enrosadira,CONTROL,30,Edges,OSAVI,3,-0.03981,0.01023,0.01078,-5.923569438,1.618028283,1.67787063
Enrosadira,CONTROL,30,Edges,OSAVI,4,-0.00195,0.00907,0.05589,-0.308885936,1.441167171,8.754411274
Enrosadira,CONTROL,30,Edges,SIPI2,1,0.01379,0.0133,0.01439,1.565709264,1.486796022,1.585079326
Enrosadira,CONTROL,30,Edges,SIPI2,2,-0.00897,0.01513,-0.02422,-0.963323886,1.640675746,-2.583987599
Enrosadira,CONTROL,30,Edges,SIPI2,3,-0.0066,-0.00112,0.00314,-0.704886465,-0.120466247,0.338143078
Enrosadira,CONTROL,30,Edges,SIPI2,4,-0.01898,0.02503,-0.00077,-2.032422384,2.735874939,-0.08192265
Enrosadira,CONTROL,50,Bounded,GNDVI,1,0.01708,-0.00511,0.04249,2.478052263,-0.72345685,6.059430622
Enrosadira,CONTROL,50,Bounded,GNDVI,2,-0.01344,0.04955,-0.0391,-1.774419056,6.660026801,-4.92728164
Enrosadira,CONTROL,50,Bounded,GNDVI,3,-0.02456,-0.00549,0.02354,-3.093195097,-0.713504999,3.081349458
Enrosadira,CONTROL,50,Bounded,GNDVI,4,-0.03841,0.03259,0.03659,-4.892800412,4.364999109,4.695775599
Enrosadira,CONTROL,50,Bounded,LCI,1,0.00024,-0.04497,0.0779,0.077494099,-14.50921304,29.39944371
Enrosadira,CONTROL,50,Bounded,LCI,2,-0.01596,0.03073,-0.04117,-4.261898467,8.571324971,-10.57672299
Enrosadira,CONTROL,50,Bounded,LCI,3,-0.07183,7.00E-05,0.04634,-16.19576516,0.018833354,12.46533298
Enrosadira,CONTROL,50,Bounded,LCI,4,-0.09021,0.08852,0.02496,-23.27213252,29.76252517,6.46730977
Enrosadira,CONTROL,50,Bounded,MCARI,1,0.0257,-0.20127,0.05654,2.166562273,-16.60765518,5.594469253
Enrosadira,CONTROL,50,Bounded,MCARI,2,0.16592,0.02123,0.1367,17.6456012,1.919163704,12.12480298
Enrosadira,CONTROL,50,Bounded,MCARI,3,-0.03858,0.23414,-0.2216,-4.315672783,27.37291772,-20.33939997
Enrosadira,CONTROL,50,Bounded,MCARI,4,0.23278,-0.26952,0.29118,25.42929274,-23.47365093,33.13906046
Enrosadira,CONTROL,50,Bounded,MCARI2,1,0.00559,-0.0729,0.0694,0.630277446,-8.168058075,8.467534813
Enrosadira,CONTROL,50,Bounded,MCARI2,2,-0.05343,0.06333,-0.02483,-6.0349628,7.612593174,-2.77355483
Enrosadira,CONTROL,50,Bounded,MCARI2,3,-0.07606,-0.03279,0.07572,-8.386618019,-3.946508501,9.487877645
Enrosadira,CONTROL,50,Bounded,MCARI2,4,-0.05555,0.00411,0.10166,-6.769181276,0.537198022,13.21648329
Enrosadira,CONTROL,50,Bounded,NDRE,1,-0.00079,-0.0305,0.05593,-0.396544541,-15.37058222,33.30534565
Enrosadira,CONTROL,50,Bounded,NDRE,2,-0.01138,0.02107,-0.03243,-4.560007373,8.846213594,-12.50911279
Enrosadira,CONTROL,50,Bounded,NDRE,3,-0.05671,-0.00092,0.03686,-18.62513589,-0.371310605,14.93208454
Enrosadira,CONTROL,50,Bounded,NDRE,4,-0.07007,0.06901,0.01509,-26.90023457,36.24265405,5.816799719
Enrosadira,CONTROL,50,Bounded,NDVI,1,0.00204,-0.01801,0.02615,0.232454526,-2.047449442,3.034977095
Enrosadira,CONTROL,50,Bounded,NDVI,2,-0.01363,0.02676,-0.01037,-1.528247919,3.046999628,-1.145855087
Enrosadira,CONTROL,50,Bounded,NDVI,3,-0.02452,-0.00157,0.01702,-2.683092034,-0.176533225,1.917139475
Enrosadira,CONTROL,50,Bounded,NDVI,4,-0.01638,0.01114,0.02656,-1.831270452,1.268675669,2.986884025
Enrosadira,CONTROL,50,Bounded,OSAVI,1,0.0073,-0.03139,0.03917,1.034080752,-4.401036957,5.744656824
Enrosadira,CONTROL,50,Bounded,OSAVI,2,-0.02578,0.03721,-0.01966,-3.574692068,5.350869498,-2.68355239
Enrosadira,CONTROL,50,Bounded,OSAVI,3,-0.03528,-0.01434,0.03405,-4.804438386,-2.051381822,4.972973605
Enrosadira,CONTROL,50,Bounded,OSAVI,4,-0.02865,0.00644,0.0477,-4.112237531,0.963998258,7.071999478
Enrosadira,CONTROL,50,Bounded,SIPI2,1,0.01211,0.00567,0.0166,1.389126273,0.641489069,1.866109981
Enrosadira,CONTROL,50,Bounded,SIPI2,2,-0.0017,0.01931,-0.02092,-0.186221575,2.119204426,-2.248251211
Enrosadira,CONTROL,50,Bounded,SIPI2,3,-0.00323,-0.00263,0.00657,-0.348883303,-0.28506982,0.714168472
Enrosadira,CONTROL,50,Bounded,SIPI2,4,-0.01724,0.01638,0.01,-1.853283181,1.794083468,1.075984984
Enrosadira,CONTROL,50,Edges,GNDVI,1,0.00218,-0.01013,0.05113,0.315096748,-1.459588981,7.476228285
Enrosadira,CONTROL,50,Edges,GNDVI,2,-0.02775,0.06664,-0.04041,-3.754053363,9.366772975,-5.19347994
Enrosadira,CONTROL,50,Edges,GNDVI,3,-0.05075,-0.00782,0.02189,-6.487106955,-1.068932475,3.024520864
Enrosadira,CONTROL,50,Edges,GNDVI,4,-0.03977,0.03976,0.04425,-5.310802817,5.607257845,5.909131578
Enrosadira,CONTROL,50,Edges,LCI,1,-0.01933,-0.04178,0.08716,-5.812292713,-13.337973,32.10774292
Enrosadira,CONTROL,50,Edges,LCI,2,-0.03065,0.03632,-0.04321,-8.197576299,10.58148648,-11.38420438
Enrosadira,CONTROL,50,Edges,LCI,3,-0.10013,-0.00063,0.03634,-22.24117672,-0.179963493,10.39946658
Enrosadira,CONTROL,50,Edges,LCI,4,-0.08966,0.09573,0.0253,-24.95539703,35.50539461,6.924847612
Enrosadira,CONTROL,50,Edges,MCARI,1,0.04781,-0.1813,0.03535,4.912856146,-17.75760526,4.209982243
Enrosadira,CONTROL,50,Edges,MCARI,2,0.14109,0.06261,0.14481,17.79931397,6.705141894,14.53374295
Enrosadira,CONTROL,50,Edges,MCARI,3,-0.01889,0.1908,-0.16127,-2.515008168,26.05841839,-17.47235377
Enrosadira,CONTROL,50,Edges,MCARI,4,0.21588,-0.26555,0.27736,26.67816772,-25.90526993,36.51727184
Enrosadira,CONTROL,50,Edges,MCARI2,1,0.01827,-0.09325,0.06495,2.37063065,-11.81949196,9.335907236
Enrosadira,CONTROL,50,Edges,MCARI2,2,-0.05448,0.10022,-0.0134,-7.05936318,13.97259854,-1.639181828
Enrosadira,CONTROL,50,Edges,MCARI2,3,-0.07503,-0.03424,0.09268,-9.493610824,-4.786862969,13.60837881
Enrosadira,CONTROL,50,Edges,MCARI2,4,-0.04876,-0.01001,0.1181,-6.67012302,-1.467180449,17.56784296
Enrosadira,CONTROL,50,Edges,NDRE,1,-0.01511,-0.02586,0.06356,-6.842646306,-12.57103412,35.34036508
Enrosadira,CONTROL,50,Edges,NDRE,2,-0.0221,0.02193,-0.03495,-8.637164821,9.380975399,-13.66830791
Enrosadira,CONTROL,50,Edges,NDRE,3,-0.07805,-0.00089,0.02689,-24.6789835,-0.373618347,11.33064499
Enrosadira,CONTROL,50,Edges,NDRE,4,-0.06898,0.07377,0.01348,-28.31912177,42.25061712,5.427364708
Enrosadira,CONTROL,50,Edges,NDVI,1,-0.01782,-0.02754,0.04016,-2.048320596,-3.231783665,4.87011609
Enrosadira,CONTROL,50,Edges,NDVI,2,-0.03375,0.05883,-0.00703,-3.940910858,7.151270709,-0.797521444
Enrosadira,CONTROL,50,Edges,NDVI,3,-0.05956,-0.00381,0.02274,-6.638127326,-0.454827076,2.727040513
Enrosadira,CONTROL,50,Edges,NDVI,4,-0.01645,0.01746,0.04073,-1.93222302,2.091265911,4.778491742
Enrosadira,CONTROL,50,Edges,OSAVI,1,0.01144,-0.04837,0.03982,1.754463991,-7.290226996,6.473523095
Enrosadira,CONTROL,50,Edges,OSAVI,2,-0.03061,0.06195,-0.0133,-4.615841641,9.793831546,-1.915071614
Enrosadira,CONTROL,50,Edges,OSAVI,3,-0.04071,-0.01424,0.04442,-6.02922642,-2.244283303,7.161501368
Enrosadira,CONTROL,50,Edges,OSAVI,4,-0.02707,0.00174,0.06039,-4.176753673,0.280174739,9.696827617
Enrosadira,CONTROL,50,Edges,SIPI2,1,0.01445,0.00759,0.01372,1.645765258,0.850457331,1.524358064
Enrosadira,CONTROL,50,Edges,SIPI2,2,-0.00069,0.01291,-0.02365,-0.074911165,1.402649497,-2.533989206
Enrosadira,CONTROL,50,Edges,SIPI2,3,-0.00031,-0.00213,0.00179,-0.033424586,-0.229736041,0.19350912
Enrosadira,CONTROL,50,Edges,SIPI2,4,-0.01857,0.01783,0.00714,-1.994284554,1.95377776,0.767394545
Enrosadira,KAISHI,30,Bounded,GNDVI,1,0.0096,0.00556,0.04597,1.34761241,0.770114035,6.318631096
Enrosadira,KAISHI,30,Bounded,GNDVI,2,-0.0304,0.05203,-0.04471,-3.878337571,6.90565021,-5.550789538
Enrosadira,KAISHI,30,Bounded,GNDVI,3,-0.02074,-0.01193,0.01814,-2.561249554,-1.512000314,2.334346943
Enrosadira,KAISHI,30,Bounded,GNDVI,4,-0.03,0.03191,0.03431,-3.807681617,4.210423536,4.34418726
Enrosadira,KAISHI,30,Bounded,LCI,1,0.03141,0.00589,-0.03801,10.01782861,1.70748889,-10.83396752
Enrosadira,KAISHI,30,Bounded,LCI,2,0.00109,0.02338,-0.05207,0.270591652,5.788403881,-12.1860746
Enrosadira,KAISHI,30,Bounded,LCI,3,-0.09659,0.02948,0.04233,-20.08563271,7.671070333,10.23004923
Enrosadira,KAISHI,30,Bounded,LCI,4,-0.06227,0.07554,0.0412,-16.11079633,23.29748551,10.30564234
Enrosadira,KAISHI,30,Bounded,MCARI,1,0.20802,-0.20436,-0.03998,18.09056763,-15.04969803,-3.465849935
Enrosadira,KAISHI,30,Bounded,MCARI,2,-0.02664,0.09706,0.13632,-2.521053732,9.422742925,12.09453111
Enrosadira,KAISHI,30,Bounded,MCARI,3,0.02267,0.03171,-0.07379,2.578506832,3.516062897,-7.904058716
Enrosadira,KAISHI,30,Bounded,MCARI,4,0.2336,-0.1344,0.10964,24.97858749,-11.49896347,10.59937104
Enrosadira,KAISHI,30,Bounded,MCARI2,1,0.03182,-0.05212,0.01082,3.585226882,-5.669216654,1.247649127
Enrosadira,KAISHI,30,Bounded,MCARI2,2,-0.06921,0.08924,-0.01782,-7.816444009,10.93317946,-1.968036525
Enrosadira,KAISHI,30,Bounded,MCARI2,3,-0.07724,0.00973,0.00599,-8.467060788,1.165268066,0.709101477
Enrosadira,KAISHI,30,Bounded,MCARI2,4,-0.01988,0.03415,0.06857,-2.448996687,4.312516653,8.30114124
Enrosadira,KAISHI,30,Bounded,NDRE,1,0.02234,0.00675,-0.03027,11.06756964,3.010825591,-13.10724384
Enrosadira,KAISHI,30,Bounded,NDRE,2,0.00368,0.01512,-0.04252,1.35228989,5.482014858,-14.6151493
Enrosadira,KAISHI,30,Bounded,NDRE,3,-0.07989,0.02325,0.03598,-23.57395151,8.976799317,12.74751905
Enrosadira,KAISHI,30,Bounded,NDRE,4,-0.04987,0.06072,0.02905,-19.17184695,28.87976752,10.72070443
Enrosadira,KAISHI,30,Bounded,NDVI,1,0.01023,-0.01024,0.00617,1.15950768,-1.14733765,0.699339538
Enrosadira,KAISHI,30,Bounded,NDVI,2,-0.01585,0.02702,-0.0137,-1.75778889,3.050174352,-1.500759691
Enrosadira,KAISHI,30,Bounded,NDVI,3,-0.02428,0.00729,0.00619,-2.654129149,0.818621908,0.689454685
Enrosadira,KAISHI,30,Bounded,NDVI,4,-0.01124,0.01098,0.02422,-1.254140952,1.240690583,2.703212492
Enrosadira,KAISHI,30,Bounded,OSAVI,1,0.01598,-0.0206,0.01688,2.246619176,-2.832506727,2.388664598
Enrosadira,KAISHI,30,Bounded,OSAVI,2,-0.03622,0.04844,-0.01614,-4.996889016,7.034246207,-2.189748342
Enrosadira,KAISHI,30,Bounded,OSAVI,3,-0.03631,-0.00025,0.0058,-4.903635659,-0.035503244,0.823967803
Enrosadira,KAISHI,30,Bounded,OSAVI,4,-0.0112,0.01863,0.03452,-1.619524525,2.738252193,4.938547134
Enrosadira,KAISHI,30,Bounded,SIPI2,1,0.00194,0.00934,0.02896,0.218953964,1.051836152,3.227420593
Enrosadira,KAISHI,30,Bounded,SIPI2,2,-0.01248,0.02088,-0.02246,-1.348648272,2.287239112,-2.405300657
Enrosadira,KAISHI,30,Bounded,SIPI2,3,-0.00045,-0.01212,0.00902,-0.048114911,-1.296518762,0.977575375
Enrosadira,KAISHI,30,Bounded,SIPI2,4,-0.01387,0.01549,0.00969,-1.490162457,1.689386313,1.039263571
Enrosadira,KAISHI,30,Edges,GNDVI,1,0.00338,0.00704,0.04736,0.477178042,0.989165546,6.589208224
Enrosadira,KAISHI,30,Edges,GNDVI,2,-0.04589,0.05988,-0.04706,-5.974708067,8.291550179,-6.017433423
Enrosadira,KAISHI,30,Edges,GNDVI,3,-0.02631,-0.01111,0.02082,-3.341160275,-1.459650709,2.775885263
Enrosadira,KAISHI,30,Edges,GNDVI,4,-0.0439,0.04296,0.03778,-5.719340621,5.936399275,4.928055349
Enrosadira,KAISHI,30,Edges,LCI,1,0.02046,0.01334,-0.03575,6.348891116,3.892378932,-10.04041442
Enrosadira,KAISHI,30,Edges,LCI,2,-0.01643,0.02018,-0.05513,-4.034565149,5.163753419,-13.41424543
Enrosadira,KAISHI,30,Edges,LCI,3,-0.10339,0.03269,0.04421,-21.89858323,8.865301119,11.01310063
Enrosadira,KAISHI,30,Edges,LCI,4,-0.08315,0.08853,0.03704,-21.94446717,29.93295262,9.638529135
Enrosadira,KAISHI,30,Edges,MCARI,1,0.19978,-0.19539,-0.03596,20.48309258,-16.62722392,-3.670395241
Enrosadira,KAISHI,30,Edges,MCARI,2,-0.00615,0.11513,0.14811,-0.706733272,13.32444497,15.12590624
Enrosadira,KAISHI,30,Edges,MCARI,3,0.03387,0.02366,-0.06376,4.560443038,3.046766448,-7.967798896
Enrosadira,KAISHI,30,Edges,MCARI,4,0.25077,-0.14441,0.13721,30.95463517,-13.612143,14.97139602
Enrosadira,KAISHI,30,Edges,MCARI2,1,0.04536,-0.07131,0.01239,5.727988726,-8.517057405,1.617596948
Enrosadira,KAISHI,30,Edges,MCARI2,2,-0.05802,0.11464,-0.00217,-7.709469147,16.50538974,-0.268165759
Enrosadira,KAISHI,30,Edges,MCARI2,3,-0.06637,0.00897,0.0067,-8.358405191,1.232683003,0.909521605
Enrosadira,KAISHI,30,Edges,MCARI2,4,0.00388,0.02546,0.08769,0.542406243,3.539990351,11.77567006
Enrosadira,KAISHI,30,Edges,NDRE,1,0.01379,0.01467,-0.0292,6.508984664,6.501189891,-12.15041549
Enrosadira,KAISHI,30,Edges,NDRE,2,-0.01043,0.01049,-0.04557,-3.680687156,3.84332145,-16.07798723
Enrosadira,KAISHI,30,Edges,NDRE,3,-0.08588,0.02574,0.03754,-25.33026979,10.16744285,13.45997325
Enrosadira,KAISHI,30,Edges,NDRE,4,-0.06593,0.06983,0.02433,-25.46631594,36.18865988,9.258307933
Enrosadira,KAISHI,30,Edges,NDVI,1,0.00298,-0.01253,0.01005,0.342111517,-1.433571194,1.166555041
Enrosadira,KAISHI,30,Edges,NDVI,2,-0.03037,0.0361,-0.01255,-3.474188393,4.278310624,-1.426313032
Enrosadira,KAISHI,30,Edges,NDVI,3,-0.03272,0.0097,0.00933,-3.700641618,1.139231735,1.083433684
Enrosadira,KAISHI,30,Edges,NDVI,4,-0.02301,0.01937,0.03407,-2.650033226,2.291545652,3.940318117
Enrosadira,KAISHI,30,Edges,OSAVI,1,0.02235,-0.03299,0.01651,3.352981153,-4.788647755,2.517033042
Enrosadira,KAISHI,30,Edges,OSAVI,2,-0.03237,0.06563,-0.0084,-4.942882753,10.54278559,-1.220680064
Enrosadira,KAISHI,30,Edges,OSAVI,3,-0.03307,0.00103,0.00679,-4.879157132,0.159761506,1.05150517
Enrosadira,KAISHI,30,Edges,OSAVI,4,-0.00114,0.01707,0.04642,-0.178049607,2.670813965,7.074052005
Enrosadira,KAISHI,30,Edges,SIPI2,1,0.00226,0.01162,0.02713,0.254020778,1.302762147,3.002531068
Enrosadira,KAISHI,30,Edges,SIPI2,2,-0.01498,0.02099,-0.02402,-1.610629726,2.293760948,-2.566017257
Enrosadira,KAISHI,30,Edges,SIPI2,3,-0.00037,-0.01169,0.00904,-0.039456944,-1.247118239,0.976588874
Enrosadira,KAISHI,30,Edges,SIPI2,4,-0.01633,0.01767,0.00668,-1.749497274,1.926765466,0.714628816
Enrosadira,KAISHI,50,Bounded,GNDVI,1,0.01298,-0.00032,0.03669,1.836443355,-0.044457967,5.099650989
Enrosadira,KAISHI,50,Bounded,GNDVI,2,0.00364,0.05104,-0.04544,0.485993637,6.781633784,-5.654125309
Enrosadira,KAISHI,50,Bounded,GNDVI,3,-0.02667,-0.01738,0.02546,-3.298166902,-2.222617241,3.329928418
Enrosadira,KAISHI,50,Bounded,GNDVI,4,-0.04658,0.03534,0.03,-5.818855941,4.687493783,3.801023996
Enrosadira,KAISHI,50,Bounded,LCI,1,0.03977,-0.03473,0.011,13.5221056,-10.40190966,3.677072783
Enrosadira,KAISHI,50,Bounded,LCI,2,-0.07464,0.08224,-0.04565,-18.98458901,25.81933373,-11.39082895
Enrosadira,KAISHI,50,Bounded,LCI,3,-0.07616,-0.04781,0.01081,-15.25607408,-11.30123791,2.880815263
Enrosadira,KAISHI,50,Bounded,LCI,4,-0.11284,0.0659,0.03827,-26.45962937,21.01262352,10.08376348
Enrosadira,KAISHI,50,Bounded,MCARI,1,0.07596,-0.20748,0.02214,6.46880437,-16.59559866,2.123270527
Enrosadira,KAISHI,50,Bounded,MCARI,2,0.11786,0.07092,0.16948,12.89227306,6.871753431,15.36577118
Enrosadira,KAISHI,50,Bounded,MCARI,3,-0.01554,0.22177,-0.2582,-1.703777364,24.73590459,-23.08818309
Enrosadira,KAISHI,50,Bounded,MCARI,4,0.2276,-0.22599,0.24997,24.38603653,-19.46644087,26.73673244
Enrosadira,KAISHI,50,Bounded,MCARI2,1,0.02996,-0.07392,0.05149,3.385039166,-8.07841483,6.121665274
Enrosadira,KAISHI,50,Bounded,MCARI2,2,-0.07486,0.08403,-0.01937,-8.453684851,10.36548736,-2.164969079
Enrosadira,KAISHI,50,Bounded,MCARI2,3,-0.06896,-0.0394,0.06321,-7.523283887,-4.648084553,7.820493628
Enrosadira,KAISHI,50,Bounded,MCARI2,4,-0.062,0.02391,0.08089,-7.420786101,3.091180117,10.14420599
Enrosadira,KAISHI,50,Bounded,NDRE,1,0.02869,-0.02375,0.00601,15.36352488,-11.02441153,3.135417699
Enrosadira,KAISHI,50,Bounded,NDRE,2,-0.0578,0.06146,-0.03609,-21.85825414,29.74384289,-13.46184691
Enrosadira,KAISHI,50,Bounded,NDRE,3,-0.06363,-0.04079,0.00691,-17.96437616,-14.03787715,2.766423387
Enrosadira,KAISHI,50,Bounded,NDRE,4,-0.09018,0.05136,0.0265,-30.8285559,25.38289323,10.44536679
Enrosadira,KAISHI,50,Bounded,NDVI,1,0.00929,-0.02011,0.02019,1.054051632,-2.257898997,2.319247456
Enrosadira,KAISHI,50,Bounded,NDVI,2,-0.01311,0.02785,-0.01288,-1.464917407,3.158237329,-1.415896516
Enrosadira,KAISHI,50,Bounded,NDVI,3,-0.02661,-0.00416,0.01772,-2.896764789,-0.46636719,1.995852861
Enrosadira,KAISHI,50,Bounded,NDVI,4,-0.01974,0.01107,0.02525,-2.190288832,1.255798283,2.828874914
Enrosadira,KAISHI,50,Bounded,OSAVI,1,0.01577,-0.02998,0.03031,2.221530391,-4.131519581,4.35700722
Enrosadira,KAISHI,50,Bounded,OSAVI,2,-0.03039,0.04546,-0.01763,-4.231288141,6.609181616,-2.404229699
Enrosadira,KAISHI,50,Bounded,OSAVI,3,-0.03238,-0.02005,0.0295,-4.366288156,-2.82708531,4.28056724
Enrosadira,KAISHI,50,Bounded,OSAVI,4,-0.03276,0.01556,0.03741,-4.644364455,2.313372811,5.436148864
Enrosadira,KAISHI,50,Bounded,SIPI2,1,0.00475,0.0106,0.01502,0.537956513,1.194068857,1.672008113
Enrosadira,KAISHI,50,Bounded,SIPI2,2,0.00961,0.0196,-0.02352,1.061384704,2.142003932,-2.516501165
Enrosadira,KAISHI,50,Bounded,SIPI2,3,-0.00327,-0.00928,0.00742,-0.350527023,-0.998267017,0.806231671
Enrosadira,KAISHI,50,Bounded,SIPI2,4,-0.0207,0.01814,0.00612,-2.209553169,1.980044556,0.655049177
Enrosadira,KAISHI,50,Edges,GNDVI,1,0.00209,0.00418,0.03836,0.297030688,0.592302057,5.403570357
Enrosadira,KAISHI,50,Edges,GNDVI,2,-0.00237,0.06749,-0.05866,-0.328864751,9.395913355,-7.46518432
Enrosadira,KAISHI,50,Edges,GNDVI,3,-0.03292,-0.03028,0.03239,-4.187757044,-4.020281977,4.480558195
Enrosadira,KAISHI,50,Edges,GNDVI,4,-0.05772,0.05816,0.02579,-7.469611029,8.134140594,3.335613984
Enrosadira,KAISHI,50,Edges,LCI,1,0.02479,-0.026,0.01251,8.117462532,-7.874468852,4.112682909
Enrosadira,KAISHI,50,Edges,LCI,2,-0.07646,0.08726,-0.06251,-20.02299266,28.57227056,-15.91958458
Enrosadira,KAISHI,50,Edges,LCI,3,-0.08101,-0.05944,0.01561,-16.6024171,-14.60689896,4.492202676
Enrosadira,KAISHI,50,Edges,LCI,4,-0.12377,0.09235,0.02314,-30.55136614,32.82376818,6.192116157
Enrosadira,KAISHI,50,Edges,MCARI,1,0.0794,-0.19358,0.02434,7.941659807,-17.9375106,2.748385013
Enrosadira,KAISHI,50,Edges,MCARI,2,0.0762,0.08352,0.18838,9.694274144,9.686499326,19.91856207
Enrosadira,KAISHI,50,Edges,MCARI,3,-0.01673,0.19307,-0.21586,-2.138207714,25.21480317,-22.51423958
Enrosadira,KAISHI,50,Edges,MCARI,4,0.21716,-0.23202,0.27007,26.10375389,-22.11671088,33.05424019
Enrosadira,KAISHI,50,Edges,MCARI2,1,0.03634,-0.08741,0.05709,4.594004533,-10.56478895,7.715271481
Enrosadira,KAISHI,50,Edges,MCARI2,2,-0.08653,0.10752,-0.00232,-11.20926069,15.68670934,-0.292581667
Enrosadira,KAISHI,50,Edges,MCARI2,3,-0.07121,-0.03801,0.0672,-8.809509966,-5.156548246,9.612207504
Enrosadira,KAISHI,50,Edges,MCARI2,4,-0.05718,0.0177,0.10324,-7.613331185,2.550906436,14.50874192
Enrosadira,KAISHI,50,Edges,NDRE,1,0.0182,-0.01607,0.0065,9.158569049,-7.408226958,3.236229842
Enrosadira,KAISHI,50,Edges,NDRE,2,-0.05908,0.06286,-0.04901,-22.44587042,30.79395094,-18.356424
Enrosadira,KAISHI,50,Edges,NDRE,3,-0.0667,-0.0491,0.00942,-18.98872918,-17.25464839,4.00066253
Enrosadira,KAISHI,50,Edges,NDRE,4,-0.09718,0.06977,0.01332,-34.65009395,38.0672301,5.26376106
Enrosadira,KAISHI,50,Edges,NDVI,1,-0.00449,-0.01793,0.02635,-0.516055771,-2.071464964,3.108627355
Enrosadira,KAISHI,50,Edges,NDVI,2,-0.019,0.05255,-0.02739,-2.225421102,6.295139625,-3.086819764
Enrosadira,KAISHI,50,Edges,NDVI,3,-0.03779,-0.02017,0.02724,-4.234738301,-2.360193356,3.264539124
Enrosadira,KAISHI,50,Edges,NDVI,4,-0.02797,0.03314,0.02619,-3.232700085,3.958191749,3.00899251
Enrosadira,KAISHI,50,Edges,OSAVI,1,0.01698,-0.03828,0.03341,2.547556641,-5.600577029,5.17807077
Enrosadira,KAISHI,50,Edges,OSAVI,2,-0.03826,0.06321,-0.01073,-5.817852261,10.20551495,-1.571974608
Enrosadira,KAISHI,50,Edges,OSAVI,3,-0.036,-0.02091,0.0334,-5.249106558,-3.217759694,5.3106829
Enrosadira,KAISHI,50,Edges,OSAVI,4,-0.03389,0.01759,0.0501,-5.12846898,2.805731412,7.773214527
Enrosadira,KAISHI,50,Edges,SIPI2,1,0.00581,0.01223,0.01213,0.654816849,1.36941666,1.33987105
Enrosadira,KAISHI,50,Edges,SIPI2,2,0.00824,0.0171,-0.02448,0.90547361,1.862215645,-2.617171338
Enrosadira,KAISHI,50,Edges,SIPI2,3,-0.00183,-0.00743,0.00646,-0.19612235,-0.797842925,0.699262094
Enrosadira,KAISHI,50,Edges,SIPI2,4,-0.0233,0.02065,0.003,-2.481413362,2.255152176,0.320399517
Enrosadira,KUMA,30,Bounded,GNDVI,1,0.00856,0.01125,0.04401,1.221058698,1.585420334,6.10536859
Enrosadira,KUMA,30,Bounded,GNDVI,2,-0.03136,0.05909,-0.04485,-4.076427822,8.007415227,-5.6271337
Enrosadira,KUMA,30,Bounded,GNDVI,3,-0.02792,-0.00686,0.00999,-3.450444962,-0.878078876,1.290045985
Enrosadira,KUMA,30,Bounded,GNDVI,4,-0.03888,0.05013,0.02036,-4.941152249,6.702041897,2.551023604
Enrosadira,KUMA,30,Bounded,LCI,1,0.04007,0.00734,-0.0424,13.36285812,2.159261733,-12.20948481
Enrosadira,KUMA,30,Bounded,LCI,2,0.00425,0.02345,-0.04356,1.095555653,5.979381969,-10.48045021
Enrosadira,KUMA,30,Bounded,LCI,3,-0.0978,0.0308,0.04061,-20.58596324,8.163676411,9.951455716
Enrosadira,KUMA,30,Bounded,LCI,4,-0.08449,0.10846,0.01894,-21.34281117,34.83192616,4.511231633
Enrosadira,KUMA,30,Bounded,MCARI,1,0.24815,-0.23989,-0.06675,22.10314325,-17.4994766,-5.90211247
Enrosadira,KUMA,30,Bounded,MCARI,2,-0.02245,0.08138,0.13854,-2.032444882,7.520346428,11.90706405
Enrosadira,KUMA,30,Bounded,MCARI,3,0.03013,0.03651,-0.09632,3.270552759,3.837579266,-9.750063519
Enrosadira,KUMA,30,Bounded,MCARI,4,0.26643,-0.13421,0.07244,27.97632361,-11.01191282,6.679200156
Enrosadira,KUMA,30,Bounded,MCARI2,1,0.0447,-0.05817,0.00454,5.132320877,-6.352857148,0.529457796
Enrosadira,KUMA,30,Bounded,MCARI2,2,-0.06568,0.0856,-0.01732,-7.327404918,10.30479811,-1.890249825
Enrosadira,KUMA,30,Bounded,MCARI2,3,-0.0723,0.01122,-0.00085,-7.800859066,1.313016298,-0.098181789
Enrosadira,KUMA,30,Bounded,MCARI2,4,-0.01809,0.03863,0.04981,-2.189831387,4.780934677,5.883318707
Enrosadira,KUMA,30,Bounded,NDRE,1,0.02841,0.00771,-0.03327,14.75300019,3.488987741,-14.54801457
Enrosadira,KUMA,30,Bounded,NDRE,2,0.00629,0.0144,-0.03488,2.417733634,5.404370785,-12.41939676
Enrosadira,KUMA,30,Bounded,NDRE,3,-0.0801,0.02416,0.03459,-24.04387331,9.547859833,12.47830996
Enrosadira,KUMA,30,Bounded,NDRE,4,-0.06682,0.08648,0.01135,-24.97281095,43.0782412,3.951523338
Enrosadira,KUMA,30,Bounded,NDVI,1,0.01201,-0.00737,0.00628,1.37410886,-0.831799339,0.714723881
Enrosadira,KUMA,30,Bounded,NDVI,2,-0.01687,0.03142,-0.01302,-1.880942054,3.570369343,-1.428507166
Enrosadira,KUMA,30,Bounded,NDVI,3,-0.02613,0.00802,0.00443,-2.854798585,0.901963739,0.493763312
Enrosadira,KUMA,30,Bounded,NDVI,4,-0.01607,0.01756,0.01825,-1.786804333,1.987997297,2.025839724
Enrosadira,KUMA,30,Bounded,OSAVI,1,0.02159,-0.0226,0.01281,3.075318963,-3.123138727,1.827308635
Enrosadira,KUMA,30,Bounded,OSAVI,2,-0.0355,0.04855,-0.0167,-4.878578369,7.014162685,-2.254560084
Enrosadira,KUMA,30,Bounded,OSAVI,3,-0.03651,0.00131,0.00114,-4.881140029,0.184125565,0.159936923
Enrosadira,KUMA,30,Bounded,OSAVI,4,-0.01118,0.02416,0.02419,-1.605742757,3.526641764,3.410736417
Enrosadira,KUMA,30,Bounded,SIPI2,1,0.00045,0.01188,0.02777,0.051012831,1.34605209,3.104663032
Enrosadira,KUMA,30,Bounded,SIPI2,2,-0.01309,0.02387,-0.02338,-1.425505107,2.637041652,-2.516546454
Enrosadira,KUMA,30,Bounded,SIPI2,3,-0.00428,-0.00917,0.00451,-0.457924937,-0.985628314,0.489578279
Enrosadira,KUMA,30,Bounded,SIPI2,4,-0.01734,0.02449,0.0038,-1.868230493,2.688812498,0.406286319
Enrosadira,KUMA,30,Edges,GNDVI,1,0.00335,0.00999,0.04615,0.475932722,1.412551203,6.434557828
Enrosadira,KUMA,30,Edges,GNDVI,2,-0.04769,0.06253,-0.04886,-6.221292239,8.698361737,-6.252871445
Enrosadira,KUMA,30,Edges,GNDVI,3,-0.02749,-0.00549,0.01071,-3.433070119,-0.709989382,1.39496536
Enrosadira,KUMA,30,Edges,GNDVI,4,-0.04316,0.06183,0.0144,-5.55533388,8.426564325,1.809997976
Enrosadira,KUMA,30,Edges,LCI,1,0.03216,0.0096,-0.0356,10.43474875,2.820534668,-10.17256209
Enrosadira,KUMA,30,Edges,LCI,2,-0.01654,0.01859,-0.05075,-4.111962729,4.819795645,-12.55283942
Enrosadira,KUMA,30,Edges,LCI,3,-0.0949,0.03248,0.04034,-20.08673915,8.602811276,9.83828052
Enrosadira,KUMA,30,Edges,LCI,4,-0.09339,0.12544,0.00453,-23.76692684,41.87600776,1.065904925
Enrosadira,KUMA,30,Edges,MCARI,1,0.23771,-0.2207,-0.06427,24.02006404,-17.98196263,-6.384599872
Enrosadira,KUMA,30,Edges,MCARI,2,0.00732,0.10535,0.16436,0.806957473,11.52082552,16.11718594
Enrosadira,KUMA,30,Edges,MCARI,3,0.02456,0.02836,-0.07936,3.007588773,3.371530539,-9.126864101
Enrosadira,KUMA,30,Edges,MCARI,4,0.2752,-0.15704,0.11158,32.07305945,-13.85759958,11.43002312
Enrosadira,KUMA,30,Edges,MCARI2,1,0.05871,-0.07368,-0.00122,7.334156984,-8.575309208,-0.155308957
Enrosadira,KUMA,30,Edges,MCARI2,2,-0.05638,0.11373,-0.00189,-7.212107335,15.67908945,-0.225243746
Enrosadira,KUMA,30,Edges,MCARI2,3,-0.07713,0.00952,0.00315,-8.961196034,1.214935023,0.397175139
Enrosadira,KUMA,30,Edges,MCARI2,4,0.00061,0.02851,0.06895,0.080122838,3.741759533,8.722868337
Enrosadira,KUMA,30,Edges,NDRE,1,0.02228,0.01099,-0.02809,11.08838357,4.923592475,-11.99397099
Enrosadira,KUMA,30,Edges,NDRE,2,-0.01057,0.00898,-0.04091,-3.817248764,3.371744183,-14.85955883
Enrosadira,KUMA,30,Edges,NDRE,3,-0.07813,0.02564,0.03442,-23.36695966,10.00659561,12.21125976
Enrosadira,KUMA,30,Edges,NDRE,4,-0.074,0.09967,-0.0012,-27.63761853,51.44231514,-0.408968683
Enrosadira,KUMA,30,Edges,NDVI,1,0.00672,-0.01032,0.0101,0.772226506,-1.176831472,1.165459474
Enrosadira,KUMA,30,Edges,NDVI,2,-0.03043,0.03925,-0.01573,-3.448701835,4.607180628,-1.765073537
Enrosadira,KUMA,30,Edges,NDVI,3,-0.02578,0.00905,0.00545,-2.857868172,1.032761948,0.615582019
Enrosadira,KUMA,30,Edges,NDVI,4,-0.01905,0.02658,0.01713,-2.152272427,3.069067883,1.919024557
Enrosadira,KUMA,30,Edges,OSAVI,1,0.02752,-0.03228,0.00828,4.105556973,-4.625761825,1.244081971
Enrosadira,KUMA,30,Edges,OSAVI,2,-0.03224,0.06337,-0.00935,-4.802328474,9.915490666,-1.3310158
Enrosadira,KUMA,30,Edges,OSAVI,3,-0.03825,0.0013,0.0033,-5.350690554,0.192134033,0.486789564
Enrosadira,KUMA,30,Edges,OSAVI,4,-0.00333,0.02114,0.03266,-0.500849037,3.195569133,4.784079241
Enrosadira,KUMA,30,Edges,SIPI2,1,0.00019,0.01261,0.02671,0.021432334,1.422125384,2.970051517
Enrosadira,KUMA,30,Edges,SIPI2,2,-0.01647,0.02201,-0.02443,-1.781867791,2.424433353,-2.627302654
Enrosadira,KUMA,30,Edges,SIPI2,3,-0.00447,-0.00855,0.00446,-0.477354495,-0.917440053,0.483002325
Enrosadira,KUMA,30,Edges,SIPI2,4,-0.01849,0.02702,0.00076,-1.988725892,2.965154496,0.081000052
Enrosadira,KUMA,50,Bounded,GNDVI,1,-0.00049,0.00219,0.0417,-0.068961538,0.308428549,5.854759836
Enrosadira,KUMA,50,Bounded,GNDVI,2,0.00421,0.06754,-0.05292,0.577114728,9.205384755,-6.604754375
Enrosadira,KUMA,50,Bounded,GNDVI,3,-0.02192,-0.02419,0.0274,-2.732856995,-3.100602304,3.624429715
Enrosadira,KUMA,50,Bounded,GNDVI,4,-0.06084,0.05144,0.0228,-7.550719763,6.905522942,2.863059128
Enrosadira,KUMA,50,Bounded,LCI,1,0.0461,-0.00963,-0.03692,16.0230231,-2.884865987,-11.38869952
Enrosadira,KUMA,50,Bounded,LCI,2,-0.11603,0.11466,-0.04687,-29.00887792,40.38020644,-11.7583308
Enrosadira,KUMA,50,Bounded,LCI,3,-0.07053,-0.06013,-0.01403,-14.02881347,-13.91186453,-3.770583003
Enrosadira,KUMA,50,Bounded,LCI,4,-0.14716,0.10393,0.02469,-32.81152104,34.48916676,6.092219774
Enrosadira,KUMA,50,Bounded,MCARI,1,0.17906,-0.21899,-0.03127,16.5422411,-17.35947891,-2.999488734
Enrosadira,KUMA,50,Bounded,MCARI,2,0.10123,0.00448,0.24003,10.42983533,0.417984141,22.30158944
Enrosadira,KUMA,50,Bounded,MCARI,3,-0.01923,0.20832,-0.2729,-2.009675285,22.21745849,-23.81407395
Enrosadira,KUMA,50,Bounded,MCARI,4,0.24507,-0.24696,0.20173,24.68420793,-19.95006022,20.35762329
Enrosadira,KUMA,50,Bounded,MCARI2,1,0.06347,-0.07214,0.02816,7.499695735,-7.929467965,3.361862204
Enrosadira,KUMA,50,Bounded,MCARI2,2,-0.08318,0.06151,0.00022,-9.167143318,7.463075913,0.024839082
Enrosadira,KUMA,50,Bounded,MCARI2,3,-0.06859,-0.042,0.0536,-7.343675221,-4.853185365,6.509507403
Enrosadira,KUMA,50,Bounded,MCARI2,4,-0.06301,0.01811,0.06255,-7.297376488,2.26247453,7.641458608
Enrosadira,KUMA,50,Bounded,NDRE,1,0.03299,-0.00475,-0.02977,18.01049293,-2.19743617,-14.0815757
Enrosadira,KUMA,50,Bounded,NDRE,2,-0.08963,0.08617,-0.03717,-33.15442349,47.68387093,-13.92755573
Enrosadira,KUMA,50,Bounded,NDRE,3,-0.05885,-0.05135,-0.01272,-16.47946997,-17.21646477,-5.151653835
Enrosadira,KUMA,50,Bounded,NDRE,4,-0.11764,0.08176,0.01561,-37.84328044,42.31424121,5.676755849
Enrosadira,KUMA,50,Bounded,NDVI,1,0.00918,-0.01743,0.01645,1.049201612,-1.971427311,1.898001733
Enrosadira,KUMA,50,Bounded,NDVI,2,-0.01403,0.03002,-0.01249,-1.574191782,3.422170696,-1.37670145
Enrosadira,KUMA,50,Bounded,NDVI,3,-0.02581,-0.00343,0.01456,-2.809034622,-0.384093813,1.636725605
Enrosadira,KUMA,50,Bounded,NDVI,4,-0.02508,0.01335,0.02445,-2.767078823,1.51482314,2.732939805
Enrosadira,KUMA,50,Bounded,OSAVI,1,0.02775,-0.02929,0.02127,3.996825584,-4.056500164,3.070322954
Enrosadira,KUMA,50,Bounded,OSAVI,2,-0.03399,0.03819,-0.00961,-4.695717765,5.535897811,-1.319962475
Enrosadira,KUMA,50,Bounded,OSAVI,3,-0.03228,-0.02348,0.0268,-4.310661409,-3.276762202,3.866791905
Enrosadira,KUMA,50,Bounded,OSAVI,4,-0.03631,0.01696,0.02763,-5.056039747,2.487383422,3.953915349
Enrosadira,KUMA,50,Bounded,SIPI2,1,-0.00481,0.01099,0.02076,-0.541020245,1.242859776,2.318928646
Enrosadira,KUMA,50,Bounded,SIPI2,2,0.0105,0.03008,-0.02899,1.174863296,3.326620373,-3.102854433
Enrosadira,KUMA,50,Bounded,SIPI2,3,-0.00072,-0.01451,0.01074,-0.077536827,-1.563794967,1.175876789
Enrosadira,KUMA,50,Bounded,SIPI2,4,-0.02759,0.02804,0.00174,-2.943024371,3.081721676,0.185516691
Enrosadira,KUMA,50,Edges,GNDVI,1,-0.00566,0.00461,0.04124,-0.796923818,0.654298857,5.815158613
Enrosadira,KUMA,50,Edges,GNDVI,2,-0.00404,0.08168,-0.06388,-0.568468835,11.55891039,-8.103298022
Enrosadira,KUMA,50,Edges,GNDVI,3,-0.03167,-0.01903,0.03894,-4.015616144,-2.513867221,5.276630111
Enrosadira,KUMA,50,Edges,GNDVI,4,-0.06628,0.06153,0.01701,-8.330809036,8.43661433,2.150847631
Enrosadira,KUMA,50,Edges,LCI,1,0.03907,-0.00129,-0.04115,13.35128541,-0.388904465,-12.45418585
Enrosadira,KUMA,50,Edges,LCI,2,-0.12553,0.11771,-0.0579,-31.72344775,43.56870278,-14.92725862
Enrosadira,KUMA,50,Edges,LCI,3,-0.08237,-0.05165,-0.00062,-16.67371779,-12.54734101,-0.172226528
Enrosadira,KUMA,50,Edges,LCI,4,-0.15787,0.12224,0.00709,-35.65580528,42.90763836,1.741454225
Enrosadira,KUMA,50,Edges,MCARI,1,0.15782,-0.22136,0.00274,16.20842752,-19.56322121,0.301048947
Enrosadira,KUMA,50,Edges,MCARI,2,0.09719,0.03936,0.23374,11.90337677,4.307849238,24.52570246
Enrosadira,KUMA,50,Edges,MCARI,3,-0.00847,0.17986,-0.24936,-0.985501378,21.13535866,-24.18972286
Enrosadira,KUMA,50,Edges,MCARI,4,0.25372,-0.27304,0.25627,27.9405465,-23.5016453,28.83484801
Enrosadira,KUMA,50,Edges,MCARI2,1,0.06989,-0.09309,0.04515,8.946595647,-10.93785433,5.956535104
Enrosadira,KUMA,50,Edges,MCARI2,2,-0.07678,0.09419,0.00161,-9.633976644,13.07847502,0.197696164
Enrosadira,KUMA,50,Edges,MCARI2,3,-0.0711,-0.04303,0.0575,-8.164521422,-5.380491934,7.598673734
Enrosadira,KUMA,50,Edges,MCARI2,4,-0.05056,0.0024,0.09083,-6.259277187,0.316956792,11.95759353
Enrosadira,KUMA,50,Edges,NDRE,1,0.02807,0.00311,-0.03437,14.84313446,1.431985303,-15.60208996
Enrosadira,KUMA,50,Edges,NDRE,2,-0.09842,0.0858,-0.04437,-35.98129645,48.99749302,-17.00579891
Enrosadira,KUMA,50,Edges,NDRE,3,-0.06763,-0.04493,-0.00286,-19.15478756,-15.74055584,-1.1891348
Enrosadira,KUMA,50,Edges,NDRE,4,-0.12586,0.09586,9.00E-05,-40.76160002,52.40800171,0.032284563
Enrosadira,KUMA,50,Edges,NDVI,1,0.00043,-0.01597,0.01973,0.049445122,-1.835461296,2.310004203
Enrosadira,KUMA,50,Edges,NDVI,2,-0.01754,0.05228,-0.02735,-2.041550321,6.211895995,-3.059657162
Enrosadira,KUMA,50,Edges,NDVI,3,-0.03925,0.00339,0.02574,-4.342722096,0.392106514,2.965605201
Enrosadira,KUMA,50,Edges,NDVI,4,-0.02897,0.02042,0.02495,-3.244553306,2.363669406,2.821341783
Enrosadira,KUMA,50,Edges,OSAVI,1,0.02945,-0.04045,0.02977,4.431296843,-5.828185943,4.554836281
Enrosadira,KUMA,50,Edges,OSAVI,2,-0.03222,0.05798,-0.01063,-4.823779346,9.120353111,-1.532360484
Enrosadira,KUMA,50,Edges,OSAVI,3,-0.03527,-0.02169,0.03025,-4.918345974,-3.181093539,4.582284962
Enrosadira,KUMA,50,Edges,OSAVI,4,-0.03159,0.011,0.04093,-4.56904993,1.667169343,6.101660552
Enrosadira,KUMA,50,Edges,SIPI2,1,-0.00265,0.01163,0.01805,-0.297108184,1.307798098,2.00352754
Enrosadira,KUMA,50,Edges,SIPI2,2,0.00612,0.02766,-0.02813,0.680460445,3.054628823,-3.014452871
Enrosadira,KUMA,50,Edges,SIPI2,3,-4.00E-05,-0.01423,0.01176,-0.004309644,-1.533221781,1.286819619
Enrosadira,KUMA,50,Edges,SIPI2,4,-0.02905,0.03066,-0.00196,-3.09575748,3.371709532,-0.208512635
Enrosadira,NATURAL,30,Bounded,GNDVI,1,0.00778,0.00671,0.04485,1.101201555,0.9394062,6.220604695
Enrosadira,NATURAL,30,Bounded,GNDVI,2,-0.03013,0.05268,-0.0491,-3.913795186,7.121700232,-6.19643585
Enrosadira,NATURAL,30,Bounded,GNDVI,3,-0.02274,-0.00569,0.01601,-2.848906478,-0.733757081,2.079839329
Enrosadira,NATURAL,30,Bounded,GNDVI,4,-0.03918,0.03642,0.03645,-4.989106227,4.881180383,4.657843387
Enrosadira,NATURAL,30,Bounded,LCI,1,0.01744,-0.00576,-0.01471,5.516525854,-1.726717049,-4.487204908
Enrosadira,NATURAL,30,Bounded,LCI,2,0.00691,0.01799,-0.05446,1.794707302,4.590093664,-13.28548672
Enrosadira,NATURAL,30,Bounded,LCI,3,-0.10443,0.0493,0.04206,-22.77937619,13.92612094,10.42867663
Enrosadira,NATURAL,30,Bounded,LCI,4,-0.06146,0.05652,0.06354,-16.25276675,17.84704965,17.02522166
Enrosadira,NATURAL,30,Bounded,MCARI,1,0.20108,-0.21003,-0.02289,17.51154562,-15.56526063,-2.00909138
Enrosadira,NATURAL,30,Bounded,MCARI,2,-0.03112,0.09784,0.10976,-2.828445509,9.151357504,9.405546496
Enrosadira,NATURAL,30,Bounded,MCARI,3,-0.00874,0.04964,-0.06923,-0.944731071,5.416901737,-7.166436688
Enrosadira,NATURAL,30,Bounded,MCARI,4,0.2382,-0.1686,0.12709,24.95492504,-14.13574507,12.40966644
Enrosadira,NATURAL,30,Bounded,MCARI2,1,0.0209,-0.05531,0.02308,2.343178045,-6.059039208,2.691416504
Enrosadira,NATURAL,30,Bounded,MCARI2,2,-0.06702,0.0849,-0.02216,-7.518080074,10.2980116,-2.4369564
Enrosadira,NATURAL,30,Bounded,MCARI2,3,-0.0851,0.0121,0.01553,-9.147183667,1.431544376,1.811414595
Enrosadira,NATURAL,30,Bounded,MCARI2,4,-0.02116,0.01991,0.0748,-2.570422407,2.482385783,9.100188452
Enrosadira,NATURAL,30,Bounded,NDRE,1,0.01216,-0.00234,-0.01251,5.97481341,-1.084935623,-5.863851768
Enrosadira,NATURAL,30,Bounded,NDRE,2,0.00847,0.01022,-0.04339,3.284333304,3.836898044,-15.68799014
Enrosadira,NATURAL,30,Bounded,NDRE,3,-0.084,0.03946,0.03459,-26.42581425,16.8725494,12.65498608
Enrosadira,NATURAL,30,Bounded,NDRE,4,-0.04809,0.04426,0.04749,-19.01910611,21.61544435,19.07068079
Enrosadira,NATURAL,30,Bounded,NDVI,1,0.00428,-0.01115,0.01063,0.484332193,-1.255671638,1.212334102
Enrosadira,NATURAL,30,Bounded,NDVI,2,-0.01578,0.02735,-0.01351,-1.762004353,3.10869286,-1.489294388
Enrosadira,NATURAL,30,Bounded,NDVI,3,-0.0246,0.0062,0.0099,-2.691551482,0.697121899,1.105439993
Enrosadira,NATURAL,30,Bounded,NDVI,4,-0.01303,0.00932,0.02622,-1.452132562,1.053975535,2.934228299
Enrosadira,NATURAL,30,Bounded,OSAVI,1,0.01167,-0.02175,0.02138,1.64042502,-3.008003363,3.048532698
Enrosadira,NATURAL,30,Bounded,OSAVI,2,-0.03605,0.04786,-0.02039,-4.965831498,6.937126673,-2.763730209
Enrosadira,NATURAL,30,Bounded,OSAVI,3,-0.04143,0.00241,0.00886,-5.545434955,0.341518923,1.251269276
Enrosadira,NATURAL,30,Bounded,OSAVI,4,-0.01397,0.01433,0.03725,-2.00804656,2.102002109,5.351542465
Enrosadira,NATURAL,30,Bounded,SIPI2,1,0.00383,0.01066,0.02602,0.434683424,1.204613693,2.905344069
Enrosadira,NATURAL,30,Bounded,SIPI2,2,-0.01269,0.02179,-0.02627,-1.380231474,2.40316481,-2.829261043
Enrosadira,NATURAL,30,Bounded,SIPI2,3,-0.00193,-0.0074,0.00562,-0.207888787,-0.798747047,0.611500341
Enrosadira,NATURAL,30,Bounded,SIPI2,4,-0.01954,0.02011,0.01014,-2.104852687,2.212830013,1.091612562
Enrosadira,NATURAL,30,Edges,GNDVI,1,0.00147,0.00353,0.04954,0.20907975,0.501028314,6.996374709
Enrosadira,NATURAL,30,Edges,GNDVI,2,-0.04418,0.05769,-0.04762,-5.780445139,8.011153681,-6.122309918
Enrosadira,NATURAL,30,Edges,GNDVI,3,-0.02728,-0.0238,0.02271,-3.525773169,-3.188420941,3.142595804
Enrosadira,NATURAL,30,Edges,GNDVI,4,-0.04665,0.04344,0.04459,-6.185353772,6.139486765,5.937487933
Enrosadira,NATURAL,30,Edges,LCI,1,0.00906,-0.00366,-0.00641,2.802862261,-1.10141107,-1.950456577
Enrosadira,NATURAL,30,Edges,LCI,2,-0.00928,0.01545,-0.05362,-2.354786077,4.014957992,-13.39625894
Enrosadira,NATURAL,30,Edges,LCI,3,-0.10885,0.03314,0.0475,-24.25567284,9.749610928,12.7328435
Enrosadira,NATURAL,30,Edges,LCI,4,-0.0702,0.06092,0.06503,-19.47290021,20.98511545,18.51540768
Enrosadira,NATURAL,30,Edges,MCARI,1,0.18263,-0.19591,-0.03239,18.58808705,-16.81427398,-3.341824601
Enrosadira,NATURAL,30,Edges,MCARI,2,-0.0157,0.10894,0.11702,-1.657480145,11.69485175,11.24693766
Enrosadira,NATURAL,30,Edges,MCARI,3,0.01565,0.03486,-0.05113,2.037625106,4.448124986,-6.246327396
Enrosadira,NATURAL,30,Edges,MCARI,4,0.2316,-0.15261,0.1317,28.17172099,-14.48323576,14.61561596
Enrosadira,NATURAL,30,Edges,MCARI2,1,0.02552,-0.07308,0.01846,3.195468245,-8.867307083,2.457823561
Enrosadira,NATURAL,30,Edges,MCARI2,2,-0.06713,0.10783,-0.01464,-8.41058383,14.75040046,-1.745223583
Enrosadira,NATURAL,30,Edges,MCARI2,3,-0.07284,-0.00157,0.02072,-8.981825491,-0.212699372,2.813073187
Enrosadira,NATURAL,30,Edges,MCARI2,4,-0.00966,0.02324,0.08269,-1.342056236,3.272635612,11.27532995
Enrosadira,NATURAL,30,Edges,NDRE,1,0.00597,0.00153,-0.0065,2.810059731,0.700482097,-2.955203659
Enrosadira,NATURAL,30,Edges,NDRE,2,-0.00382,0.00618,-0.04322,-1.412716669,2.318244736,-15.84537379
Enrosadira,NATURAL,30,Edges,NDRE,3,-0.08902,0.02872,0.03855,-27.97514856,12.53103307,14.94701661
Enrosadira,NATURAL,30,Edges,NDRE,4,-0.0545,0.04656,0.04731,-22.26389042,24.46778881,19.97458318
Enrosadira,NATURAL,30,Edges,NDVI,1,-0.0028,-0.0189,0.01822,-0.321816516,-2.179274751,2.147670626
Enrosadira,NATURAL,30,Edges,NDVI,2,-0.03178,0.0394,-0.01241,-3.626028449,4.664593251,-1.403749289
Enrosadira,NATURAL,30,Edges,NDVI,3,-0.03065,-0.01579,0.01893,-3.508105268,-1.872981267,2.288301858
Enrosadira,NATURAL,30,Edges,NDVI,4,-0.01943,0.01654,0.04153,-2.279096009,1.985353517,4.887946792
Enrosadira,NATURAL,30,Edges,OSAVI,1,0.01345,-0.03548,0.01831,2.013922267,-5.207683535,2.835150916
Enrosadira,NATURAL,30,Edges,OSAVI,2,-0.03814,0.06144,-0.01563,-5.618482362,9.589646179,-2.226080318
Enrosadira,NATURAL,30,Edges,OSAVI,3,-0.03695,-0.00774,0.01362,-5.405832447,-1.197084311,2.132019266
Enrosadira,NATURAL,30,Edges,OSAVI,4,-0.00985,0.01782,0.04543,-1.541082763,2.831668285,7.020216927
Enrosadira,NATURAL,30,Edges,SIPI2,1,0.00386,0.01321,0.02404,0.435277309,1.483184772,2.659700994
Enrosadira,NATURAL,30,Edges,SIPI2,2,-0.01326,0.01831,-0.02517,-1.43162377,2.005562121,-2.702757844
Enrosadira,NATURAL,30,Edges,SIPI2,3,-0.00279,-0.00547,0.00531,-0.298395403,-0.586777028,0.572975621
Enrosadira,NATURAL,30,Edges,SIPI2,4,-0.01983,0.01965,0.0074,-2.125513559,2.151960145,0.793335127
Enrosadira,NATURAL,50,Bounded,GNDVI,1,0.01409,-0.00299,0.03865,2.019547616,-0.42007893,5.453024277
Enrosadira,NATURAL,50,Bounded,GNDVI,2,-0.00123,0.0539,-0.05173,-0.16627666,7.298568316,-6.528260313
Enrosadira,NATURAL,50,Bounded,GNDVI,3,-0.0238,-0.01052,0.02332,-3.001030186,-1.367546255,3.073512569
Enrosadira,NATURAL,50,Bounded,GNDVI,4,-0.04756,0.03698,0.03663,-6.036597826,4.995265439,4.712581422
Enrosadira,NATURAL,50,Bounded,LCI,1,0.02254,-0.04743,0.04733,7.512306651,-14.70328383,17.20146392
Enrosadira,NATURAL,50,Bounded,LCI,2,-0.03963,0.05846,-0.051,-10.82369907,17.90445039,-13.24775113
Enrosadira,NATURAL,50,Bounded,LCI,3,-0.07194,-0.02314,0.02703,-15.61025147,-5.949947417,7.389869618
Enrosadira,NATURAL,50,Bounded,LCI,4,-0.1064,0.07229,0.04216,-26.57999855,24.59671794,11.51311747
Enrosadira,NATURAL,50,Bounded,MCARI,1,0.06109,-0.20682,0.0259,5.185639793,-16.69045984,2.508885232
Enrosadira,NATURAL,50,Bounded,MCARI,2,0.14583,0.05396,0.15187,15.49996227,4.96562437,13.3145601
Enrosadira,NATURAL,50,Bounded,MCARI,3,-0.03317,0.27076,-0.28167,-3.546565648,30.01437755,-24.01563357
Enrosadira,NATURAL,50,Bounded,MCARI,4,0.24951,-0.28972,0.29652,26.55545397,-24.36482994,32.96970883
Enrosadira,NATURAL,50,Bounded,MCARI2,1,0.01631,-0.07188,0.05659,1.828575785,-7.914024713,6.766055183
Enrosadira,NATURAL,50,Bounded,MCARI2,2,-0.06077,0.0729,-0.02173,-6.848628077,8.819675741,-2.415891295
Enrosadira,NATURAL,50,Bounded,MCARI2,3,-0.07467,-0.02227,0.06017,-8.08553537,-2.623608233,7.279559524
Enrosadira,NATURAL,50,Bounded,MCARI2,4,-0.05671,0.00132,0.09706,-6.746122853,0.168384314,12.36053645
Enrosadira,NATURAL,50,Bounded,NDRE,1,0.01612,-0.03295,0.03305,8.442398437,-15.913185,18.98214358
Enrosadira,NATURAL,50,Bounded,NDRE,2,-0.02969,0.04252,-0.03951,-12.23416749,19.96328483,-15.46313075
Enrosadira,NATURAL,50,Bounded,NDRE,3,-0.05728,-0.01976,0.02009,-17.95380531,-7.548870917,8.301618588
Enrosadira,NATURAL,50,Bounded,NDRE,4,-0.08216,0.05473,0.02961,-30.4137469,29.11464457,12.19969429
Enrosadira,NATURAL,50,Bounded,NDVI,1,0.00392,-0.01955,0.02299,0.444257574,-2.20582179,2.652464808
Enrosadira,NATURAL,50,Bounded,NDVI,2,-0.01206,0.02784,-0.01296,-1.35621277,3.173803354,-1.43201097
Enrosadira,NATURAL,50,Bounded,NDVI,3,-0.02752,0.00035,0.01787,-3.009028178,0.039456137,2.013723066
Enrosadira,NATURAL,50,Bounded,NDVI,4,-0.01986,0.01174,0.02613,-2.207449085,1.334362331,2.930814605
Enrosadira,NATURAL,50,Bounded,OSAVI,1,0.01104,-0.03002,0.03251,1.554708415,-4.162847488,4.703951985
Enrosadira,NATURAL,50,Bounded,OSAVI,2,-0.02641,0.04246,-0.0211,-3.676424528,6.136272655,-2.873050649
Enrosadira,NATURAL,50,Bounded,OSAVI,3,-0.03549,-0.01121,0.02772,-4.780757351,-1.585884636,3.984756724
Enrosadira,NATURAL,50,Bounded,OSAVI,4,-0.03099,0.00676,0.04554,-4.397048203,1.003263575,6.691538304
Enrosadira,NATURAL,50,Bounded,SIPI2,1,0.00858,0.00825,0.01526,0.979752915,0.932929705,1.709687069
Enrosadira,NATURAL,50,Bounded,SIPI2,2,0.00569,0.02201,-0.02835,0.630721805,2.424460059,-3.048908362
Enrosadira,NATURAL,50,Bounded,SIPI2,3,-0.00107,-0.0074,0.00603,-0.115669298,-0.800882269,0.657879664
Enrosadira,NATURAL,50,Bounded,SIPI2,4,-0.02203,0.01965,0.01025,-2.370930647,2.166146167,1.105966717
Enrosadira,NATURAL,50,Edges,GNDVI,1,0.00073,-0.00462,0.04617,0.104572392,-0.661122965,6.650907315
Enrosadira,NATURAL,50,Edges,GNDVI,2,-0.01524,0.0659,-0.05326,-2.097985851,9.266407095,-6.853942561
Enrosadira,NATURAL,50,Edges,GNDVI,3,-0.0489,-0.00955,0.01537,-6.346437624,-1.323427719,2.158522936
Enrosadira,NATURAL,50,Edges,GNDVI,4,-0.04384,0.04918,0.04735,-5.908745995,7.044724979,6.336219759
Enrosadira,NATURAL,50,Edges,LCI,1,0.00715,-0.04579,0.05784,2.290631477,-14.34114961,21.14800312
Enrosadira,NATURAL,50,Edges,LCI,2,-0.05475,0.06138,-0.05453,-14.87161518,19.58513215,-14.54983043
Enrosadira,NATURAL,50,Edges,LCI,3,-0.09345,-0.0203,0.01606,-20.79666007,-5.703833369,4.78544462
Enrosadira,NATURAL,50,Edges,LCI,4,-0.09852,0.07838,0.04397,-26.91575304,29.29972973,12.71209716
Enrosadira,NATURAL,50,Edges,MCARI,1,0.05716,-0.18051,0.02158,5.656096284,-16.90562687,2.432259104
Enrosadira,NATURAL,50,Edges,MCARI,2,0.11218,0.07079,0.16508,13.5977241,7.553584138,16.37761778
Enrosadira,NATURAL,50,Edges,MCARI,3,-0.03896,0.22584,-0.22218,-4.826554972,29.39702515,-22.35029137
Enrosadira,NATURAL,50,Edges,MCARI,4,0.21643,-0.2404,0.29792,26.51870204,-23.28169201,37.6080417
Enrosadira,NATURAL,50,Edges,MCARI2,1,0.01592,-0.07969,0.05552,1.989699058,-9.765440707,7.539882475
Enrosadira,NATURAL,50,Edges,MCARI2,2,-0.06892,0.09591,-0.00926,-8.663286996,13.19945336,-1.125793435
Enrosadira,NATURAL,50,Edges,MCARI2,3,-0.09297,-0.02218,0.06332,-11.28508153,-3.034776791,8.934908654
Enrosadira,NATURAL,50,Edges,MCARI2,4,-0.05427,0.01913,0.11933,-7.404415908,2.818744281,17.100864
Enrosadira,NATURAL,50,Edges,NDRE,1,0.0056,-0.03078,0.04126,2.751829229,-14.72015916,23.1380488
Enrosadira,NATURAL,50,Edges,NDRE,2,-0.04158,0.04272,-0.04254,-16.61664622,20.47438066,-16.92319321
Enrosadira,NATURAL,50,Edges,NDRE,3,-0.07208,-0.01753,0.01112,-22.79923201,-7.182336287,4.908603741
Enrosadira,NATURAL,50,Edges,NDRE,4,-0.07576,0.0572,0.02855,-30.24339224,32.73416084,12.30916483
Enrosadira,NATURAL,50,Edges,NDVI,1,-0.01384,-0.02474,0.03657,-1.583322942,-2.875837963,4.376857352
Enrosadira,NATURAL,50,Edges,NDVI,2,-0.02647,0.04944,-0.01563,-3.074542855,5.924711584,-1.768277575
Enrosadira,NATURAL,50,Edges,NDVI,3,-0.06329,0.00296,0.01153,-7.164843475,0.36095316,1.400953329
Enrosadira,NATURAL,50,Edges,NDVI,4,-0.0138,0.02761,0.04693,-1.649748772,3.356059565,5.519222017
Enrosadira,NATURAL,50,Edges,OSAVI,1,0.00889,-0.03738,0.03267,1.331035588,-5.523123091,5.109389735
Enrosadira,NATURAL,50,Edges,OSAVI,2,-0.03281,0.05784,-0.0144,-4.890438381,9.064537817,-2.069170651
Enrosadira,NATURAL,50,Edges,OSAVI,3,-0.05244,-0.00933,0.02789,-7.591297513,-1.461578348,4.433874227
Enrosadira,NATURAL,50,Edges,OSAVI,4,-0.02993,0.01924,0.06131,-4.649891016,3.134872854,9.685914743
Enrosadira,NATURAL,50,Edges,SIPI2,1,0.01028,0.01007,0.01217,1.167145976,1.130113427,1.350525062
Enrosadira,NATURAL,50,Edges,SIPI2,2,0.00335,0.01842,-0.02765,0.368329795,2.01783185,-2.969028682
Enrosadira,NATURAL,50,Edges,SIPI2,3,0.00131,-0.00691,0.00548,0.141154515,-0.743513624,0.594063055
Enrosadira,NATURAL,50,Edges,SIPI2,4,-0.02192,0.01735,0.00601,-2.344959354,1.900638768,0.646096919
Enrosadira,VALKIRIA,30,Bounded,GNDVI,1,0.00824,0.0081,0.04589,1.168245831,1.135135817,6.358853272
Enrosadira,VALKIRIA,30,Bounded,GNDVI,2,-0.02921,0.05755,-0.04254,-3.802192281,7.787224081,-5.340323206
Enrosadira,VALKIRIA,30,Bounded,GNDVI,3,-0.01942,-0.01378,0.01169,-2.406798524,-1.749927933,1.510958651
Enrosadira,VALKIRIA,30,Bounded,GNDVI,4,-0.03446,0.04636,0.02343,-4.385055182,6.169890244,2.93700666
Enrosadira,VALKIRIA,30,Bounded,LCI,1,0.03993,0.00439,-0.04284,13.25164857,1.286443117,-12.39436294
Enrosadira,VALKIRIA,30,Bounded,LCI,2,0.00725,0.01872,-0.0387,1.880572005,4.766135993,-9.404822949
Enrosadira,VALKIRIA,30,Bounded,LCI,3,-0.08636,0.02024,0.03797,-18.16800991,5.203338981,9.278604959
Enrosadira,VALKIRIA,30,Bounded,LCI,4,-0.07497,0.11692,0.00868,-19.11763581,36.86223324,1.999534671
Enrosadira,VALKIRIA,30,Bounded,MCARI,1,0.22585,-0.21646,-0.03961,19.82286251,-15.85565683,-3.448152788
Enrosadira,VALKIRIA,30,Bounded,MCARI,2,-0.03418,0.08585,0.15306,-3.113156593,8.07057357,13.31430048
Enrosadira,VALKIRIA,30,Bounded,MCARI,3,0.01237,0.04333,-0.08947,1.36561197,4.71906172,-9.30504898
Enrosadira,VALKIRIA,30,Bounded,MCARI,4,0.26129,-0.08137,0.02581,27.80861238,-6.7758023,2.305450277
Enrosadira,VALKIRIA,30,Bounded,MCARI2,1,0.04152,-0.05597,0.0137,4.731564619,-6.090110127,1.587373314
Enrosadira,VALKIRIA,30,Bounded,MCARI2,2,-0.07064,0.08776,-0.01292,-7.878995406,10.6257136,-1.414060268
Enrosadira,VALKIRIA,30,Bounded,MCARI2,3,-0.07746,0.01655,-0.00499,-8.406124555,1.960874918,-0.579854304
Enrosadira,VALKIRIA,30,Bounded,MCARI2,4,-0.01794,0.0579,0.03573,-2.182585305,7.201304444,4.145391515
Enrosadira,VALKIRIA,30,Bounded,NDRE,1,0.02838,0.00562,-0.03396,14.69012532,2.536433017,-14.94777522
Enrosadira,VALKIRIA,30,Bounded,NDRE,2,0.00886,0.01054,-0.03109,3.432498712,3.947846476,-11.20275583
Enrosadira,VALKIRIA,30,Bounded,NDRE,3,-0.07087,0.01504,0.0326,-21.22485407,5.717957199,11.72362454
Enrosadira,VALKIRIA,30,Bounded,NDRE,4,-0.05927,0.09401,0.00263,-22.42264434,45.84489493,0.879389844
Enrosadira,VALKIRIA,30,Bounded,NDVI,1,0.01275,-0.01002,0.00741,1.454498164,-1.126676944,0.842695671
Enrosadira,VALKIRIA,30,Bounded,NDVI,2,-0.01637,0.03062,-0.01223,-1.823628296,3.474448281,-1.341139651
Enrosadira,VALKIRIA,30,Bounded,NDVI,3,-0.02384,0.00918,0.00182,-2.608255171,1.031250948,0.202365902
Enrosadira,VALKIRIA,30,Bounded,NDVI,4,-0.01522,0.01833,0.01777,-1.690921352,2.071464977,1.967425109
Enrosadira,VALKIRIA,30,Bounded,OSAVI,1,0.01945,-0.0217,0.01781,2.754914583,-2.991201457,2.530688686
Enrosadira,VALKIRIA,30,Bounded,OSAVI,2,-0.0371,0.04884,-0.01404,-5.101332259,7.076609661,-1.899862111
Enrosadira,VALKIRIA,30,Bounded,OSAVI,3,-0.03745,0.00246,0.00053,-5.031093366,0.347987965,0.074713024
Enrosadira,VALKIRIA,30,Bounded,OSAVI,4,-0.01034,0.03158,0.01814,-1.48973967,4.618707961,2.535924431
Enrosadira,VALKIRIA,30,Bounded,SIPI2,1,-0.00039,0.0111,0.02844,-0.0441161,1.256166249,3.178573464
Enrosadira,VALKIRIA,30,Bounded,SIPI2,2,-0.0119,0.02339,-0.02223,-1.297793424,2.584413303,-2.394362101
Enrosadira,VALKIRIA,30,Bounded,SIPI2,3,0.00012,-0.01446,0.00717,0.012852218,-1.548493218,0.779897993
Enrosadira,VALKIRIA,30,Bounded,SIPI2,4,-0.01476,0.02141,0.00607,-1.592196941,2.346916069,0.650121938
Enrosadira,VALKIRIA,30,Edges,GNDVI,1,-0.00303,0.00972,0.04281,-0.430874505,1.38819265,6.03033338
Enrosadira,VALKIRIA,30,Edges,GNDVI,2,-0.04669,0.06487,-0.04618,-6.100070421,9.025881057,-5.893455814
Enrosadira,VALKIRIA,30,Edges,GNDVI,3,-0.03405,-0.00803,0.01183,-4.264293524,-1.05044078,1.563964564
Enrosadira,VALKIRIA,30,Edges,GNDVI,4,-0.04467,0.05616,0.02335,-5.798354342,7.738511081,2.986387954
Enrosadira,VALKIRIA,30,Edges,LCI,1,0.0255,0.01144,-0.04807,8.118407773,3.368659103,-13.69355716
Enrosadira,VALKIRIA,30,Edges,LCI,2,-0.01504,0.01974,-0.04439,-3.775185684,5.149327901,-11.01240167
Enrosadira,VALKIRIA,30,Edges,LCI,3,-0.10605,0.02845,0.03663,-21.91881049,7.530818119,9.017037105
Enrosadira,VALKIRIA,30,Edges,LCI,4,-0.09275,0.12865,-0.00035,-23.83944934,43.41722042,-0.082360499
Enrosadira,VALKIRIA,30,Edges,MCARI,1,0.20555,-0.19511,-0.02844,21.71292878,-16.93338344,-2.971442184
Enrosadira,VALKIRIA,30,Edges,MCARI,2,0.00099,0.10189,0.1718,0.106951756,10.9956283,16.70343432
Enrosadira,VALKIRIA,30,Edges,MCARI,3,0.0393,0.03794,-0.06779,5.292138145,4.852214638,-8.268575631
Enrosadira,VALKIRIA,30,Edges,MCARI,4,0.2738,-0.09569,0.07415,33.48166518,-8.766344712,7.445743475
Enrosadira,VALKIRIA,30,Edges,MCARI2,1,0.04833,-0.07143,0.01998,6.288375288,-8.744128654,2.680220696
Enrosadira,VALKIRIA,30,Edges,MCARI2,2,-0.05974,0.11119,0.00034,-7.512566005,15.11840873,0.040158223
Enrosadira,VALKIRIA,30,Edges,MCARI2,3,-0.05949,0.01915,0.00273,-7.469761216,2.59865033,0.3610772
Enrosadira,VALKIRIA,30,Edges,MCARI2,4,0.00812,0.05162,0.05751,1.114357508,7.006057349,7.294418774
Enrosadira,VALKIRIA,30,Edges,NDRE,1,0.0183,0.01303,-0.03924,8.850798748,5.789541502,-16.48109336
Enrosadira,VALKIRIA,30,Edges,NDRE,2,-0.00884,0.00949,-0.03587,-3.235594467,3.58965242,-13.09788542
Enrosadira,VALKIRIA,30,Edges,NDRE,3,-0.0884,0.02146,0.03186,-25.41610242,8.272586745,11.34328571
Enrosadira,VALKIRIA,30,Edges,NDRE,4,-0.07329,0.10246,-0.00622,-27.54424405,53.14563439,-2.106682111
Enrosadira,VALKIRIA,30,Edges,NDVI,1,-0.00136,-0.0101,0.00572,-0.157378081,-1.170605968,0.67080958
Enrosadira,VALKIRIA,30,Edges,NDVI,2,-0.03159,0.04291,-0.01381,-3.582034718,5.046388909,-1.546089937
Enrosadira,VALKIRIA,30,Edges,NDVI,3,-0.03877,0.01642,0.00119,-4.334211653,1.918804872,0.136442698
Enrosadira,VALKIRIA,30,Edges,NDVI,4,-0.02611,0.02784,0.02356,-2.970654124,3.264459951,2.67526324
Enrosadira,VALKIRIA,30,Edges,OSAVI,1,0.02187,-0.03374,0.02111,3.340558226,-4.987059364,3.284013497
Enrosadira,VALKIRIA,30,Edges,OSAVI,2,-0.03412,0.0622,-0.00812,-5.031698818,9.658670054,-1.149846852
Enrosadira,VALKIRIA,30,Edges,OSAVI,3,-0.02987,0.00585,0.00424,-4.391671849,0.899611091,0.646212418
Enrosadira,VALKIRIA,30,Edges,OSAVI,4,0.00167,0.03081,0.03016,0.258549552,4.757705986,4.445813697
Enrosadira,VALKIRIA,30,Edges,SIPI2,1,0.00067,0.01202,0.02637,0.075286736,1.349650405,2.921491966
Enrosadira,VALKIRIA,30,Edges,SIPI2,2,-0.01539,0.02178,-0.02351,-1.666213754,2.397989124,-2.527845547
Enrosadira,VALKIRIA,30,Edges,SIPI2,3,-0.00197,-0.01363,0.00752,-0.209804137,-1.454640924,0.81440721
Enrosadira,VALKIRIA,30,Edges,SIPI2,4,-0.01539,0.02234,0.00294,-1.656422107,2.444947637,0.314082095
Enrosadira,VALKIRIA,50,Bounded,GNDVI,1,0.00504,0.00122,0.04013,0.711571939,0.171028597,5.616114175
Enrosadira,VALKIRIA,50,Bounded,GNDVI,2,0.0065,0.06015,-0.04695,0.888948456,8.153709972,-5.884557392
Enrosadira,VALKIRIA,50,Bounded,GNDVI,3,-0.02104,-0.02055,0.02675,-2.620203713,-2.628041911,3.513260424
Enrosadira,VALKIRIA,50,Bounded,GNDVI,4,-0.06033,0.04785,0.02426,-7.472771391,6.405613915,3.052144364
Enrosadira,VALKIRIA,50,Bounded,LCI,1,0.04718,-0.01976,-0.02038,16.55781372,-5.949638836,-6.524502099
Enrosadira,VALKIRIA,50,Bounded,LCI,2,-0.1013,0.10706,-0.0427,-26.19865981,37.51739025,-10.88117099
Enrosadira,VALKIRIA,50,Bounded,LCI,3,-0.06962,-0.05716,-0.00314,-13.85828402,-13.20851945,-0.836015772
Enrosadira,VALKIRIA,50,Bounded,LCI,4,-0.13881,0.08876,0.0289,-31.0445932,28.78817855,7.278112022
Enrosadira,VALKIRIA,50,Bounded,MCARI,1,0.09692,-0.21214,-0.00017,8.337340567,-16.84451577,-0.016232821
Enrosadira,VALKIRIA,50,Bounded,MCARI,2,0.08959,0.06429,0.18472,9.298188623,6.104769583,16.53121843
Enrosadira,VALKIRIA,50,Bounded,MCARI,3,-0.03834,0.21275,-0.25659,-4.044470184,23.38886195,-22.86142461
Enrosadira,VALKIRIA,50,Bounded,MCARI,4,0.25027,-0.22816,0.2136,26.22520331,-18.94102597,21.87580972
Enrosadira,VALKIRIA,50,Bounded,MCARI2,1,0.03941,-0.07342,0.04258,4.508993388,-8.037738617,5.068920896
Enrosadira,VALKIRIA,50,Bounded,MCARI2,2,-0.0895,0.08352,-0.01573,-9.86866407,10.21762614,-1.745971667
Enrosadira,VALKIRIA,50,Bounded,MCARI2,3,-0.07381,-0.03909,0.06003,-7.930581357,-4.561840421,7.340416556
Enrosadira,VALKIRIA,50,Bounded,MCARI2,4,-0.06301,0.02755,0.06615,-7.384696883,3.486278237,8.088863781
Enrosadira,VALKIRIA,50,Bounded,NDRE,1,0.03394,-0.01233,-0.01756,18.80947235,-5.751442525,-8.690875076
Enrosadira,VALKIRIA,50,Bounded,NDRE,2,-0.07695,0.07921,-0.03327,-29.71375173,43.51695683,-12.73585447
Enrosadira,VALKIRIA,50,Bounded,NDRE,3,-0.05828,-0.04931,-0.00406,-16.31528704,-16.49544544,-1.626465722
Enrosadira,VALKIRIA,50,Bounded,NDRE,4,-0.11093,0.06902,0.01927,-35.82420209,34.73211186,7.197254063
Enrosadira,VALKIRIA,50,Bounded,NDVI,1,0.0102,-0.01916,0.01935,1.163333109,-2.160112109,2.229696796
Enrosadira,VALKIRIA,50,Bounded,NDVI,2,-0.01459,0.03147,-0.01281,-1.634768695,3.584727489,-1.408681481
Enrosadira,VALKIRIA,50,Bounded,NDVI,3,-0.02474,-0.00232,0.01536,-2.69354844,-0.259580129,1.723072229
Enrosadira,VALKIRIA,50,Bounded,NDVI,4,-0.02596,0.0149,0.02337,-2.859878092,1.689781134,2.606307107
Enrosadira,VALKIRIA,50,Bounded,OSAVI,1,0.01788,-0.02971,0.02729,2.532394969,-4.103982286,3.931024847
Enrosadira,VALKIRIA,50,Bounded,OSAVI,2,-0.03613,0.04696,-0.01655,-4.991427675,6.828449741,-2.252709036
Enrosadira,VALKIRIA,50,Bounded,OSAVI,3,-0.03469,-0.02098,0.02887,-4.644151435,-2.9455081,4.176244158
Enrosadira,VALKIRIA,50,Bounded,OSAVI,4,-0.03504,0.01972,0.02962,-4.916783716,2.910181355,4.247563244
Enrosadira,VALKIRIA,50,Bounded,SIPI2,1,-0.00149,0.01123,0.01799,-0.168063246,1.268810425,2.007115834
Enrosadira,VALKIRIA,50,Bounded,SIPI2,2,0.01237,0.02446,-0.02496,1.383466181,2.69828715,-2.681100497
Enrosadira,VALKIRIA,50,Bounded,SIPI2,3,-0.00072,-0.01247,0.00971,-0.077487594,-1.3430828,1.060054084
Enrosadira,VALKIRIA,50,Bounded,SIPI2,4,-0.0267,0.0248,0.00337,-2.847723581,2.722608962,0.360161635
Enrosadira,VALKIRIA,50,Edges,GNDVI,1,-0.00447,-0.0041,0.04376,-0.632471691,-0.583811893,6.267715678
Enrosadira,VALKIRIA,50,Edges,GNDVI,2,-0.01984,0.08349,-0.056,-2.745408982,11.8792694,-7.121863995
Enrosadira,VALKIRIA,50,Edges,GNDVI,3,-0.02671,-0.02918,0.03561,-3.412716361,-3.860038547,4.899755219
Enrosadira,VALKIRIA,50,Edges,GNDVI,4,-0.06687,0.05946,0.02008,-8.482154749,8.241267043,2.571224059
Enrosadira,VALKIRIA,50,Edges,LCI,1,0.03079,-0.02322,-0.01223,10.21325434,-6.988481946,-3.95740371
Enrosadira,VALKIRIA,50,Edges,LCI,2,-0.13162,0.1259,-0.05769,-33.4433544,48.06425875,-14.87465224
Enrosadira,VALKIRIA,50,Edges,LCI,3,-0.07558,-0.06568,0.00349,-15.3299758,-15.73396001,0.992150921
Enrosadira,VALKIRIA,50,Edges,LCI,4,-0.15255,0.10997,0.01472,-35.12217359,39.02537696,3.7573929
Enrosadira,VALKIRIA,50,Edges,MCARI,1,0.10793,-0.18525,-0.0057,11.20394967,-17.292866,-0.643340132
Enrosadira,VALKIRIA,50,Edges,MCARI,2,0.09812,0.0623,0.21787,12.01477725,6.810373193,22.29804898
Enrosadira,VALKIRIA,50,Edges,MCARI,3,-0.02562,0.19666,-0.22101,-3.165929556,25.09631569,-22.54557622
Enrosadira,VALKIRIA,50,Edges,MCARI,4,0.25701,-0.25421,0.24283,29.88380651,-22.75744579,28.14340236
Enrosadira,VALKIRIA,50,Edges,MCARI2,1,0.05473,-0.08467,0.03746,7.165385154,-10.34401453,5.104439336
Enrosadira,VALKIRIA,50,Edges,MCARI2,2,-0.08585,0.10354,0.00554,-10.69141113,14.43808732,0.675057362
Enrosadira,VALKIRIA,50,Edges,MCARI2,3,-0.07184,-0.03084,0.0633,-8.691538695,-4.086332384,8.744652017
Enrosadira,VALKIRIA,50,Edges,MCARI2,4,-0.04228,0.00585,0.08674,-5.449359494,0.797447079,11.73048289
Enrosadira,VALKIRIA,50,Edges,NDRE,1,0.02189,-0.01343,-0.01146,11.1133111,-6.13631483,-5.578515414
Enrosadira,VALKIRIA,50,Edges,NDRE,2,-0.10031,0.09121,-0.04511,-37.15309029,53.75380862,-17.29074594
Enrosadira,VALKIRIA,50,Edges,NDRE,3,-0.063,-0.05609,0.00017,-17.72097066,-19.17534725,0.071905626
Enrosadira,VALKIRIA,50,Edges,NDRE,4,-0.12148,0.08537,0.00692,-40.05658306,46.9605206,2.59019842
Enrosadira,VALKIRIA,50,Edges,NDVI,1,-0.00192,-0.02927,0.02748,-0.221655001,-3.386590859,3.290935198
Enrosadira,VALKIRIA,50,Edges,NDVI,2,-0.04656,0.06766,-0.01978,-5.337239973,8.193257213,-2.21386272
Enrosadira,VALKIRIA,50,Edges,NDVI,3,-0.03395,-0.00766,0.02383,-3.80690311,-0.892928959,2.802899584
Enrosadira,VALKIRIA,50,Edges,NDVI,4,-0.03074,0.02214,0.0238,-3.472696853,2.591137467,2.715063239
Enrosadira,VALKIRIA,50,Edges,OSAVI,1,0.02544,-0.03922,0.02388,3.888118771,-5.769844691,3.728215
Enrosadira,VALKIRIA,50,Edges,OSAVI,2,-0.04096,0.06359,-0.00722,-6.082647377,10.05485183,-1.037325023
Enrosadira,VALKIRIA,50,Edges,OSAVI,3,-0.0352,-0.01733,0.03207,-5.072258063,-2.630656176,4.999680407
Enrosadira,VALKIRIA,50,Edges,OSAVI,4,-0.02632,0.01063,0.04096,-3.905154596,1.641290737,6.222172261
Enrosadira,VALKIRIA,50,Edges,SIPI2,1,-0.00062,0.01335,0.01531,-0.069534712,1.498281185,1.692889312
Enrosadira,VALKIRIA,50,Edges,SIPI2,2,0.01156,0.02064,-0.02711,1.284600024,2.264521077,-2.908514297
Enrosadira,VALKIRIA,50,Edges,SIPI2,3,-1.00E-04,-0.0141,0.01062,-0.010740781,-1.514612791,1.158337796
Enrosadira,VALKIRIA,50,Edges,SIPI2,4,-0.0286,0.02844,0.0009,-3.049069767,3.127367656,0.095966118
GlenAmple,CONTROL,30,Bounded,GNDVI,1,0.06578,-0.0073,0.03099,9.82390743,-0.992696204,4.256453011
GlenAmple,CONTROL,30,Bounded,GNDVI,2,-0.01307,0.00768,0.0467,-1.750694183,1.047047612,6.300840157
GlenAmple,CONTROL,30,Bounded,GNDVI,3,0.00937,0.02455,-0.01037,1.255105144,3.247693873,-1.328684858
GlenAmple,CONTROL,30,Bounded,GNDVI,4,-0.02848,0.01524,-0.00261,-3.627882211,2.014404845,-0.338174454
GlenAmple,CONTROL,30,Bounded,LCI,1,-0.00289,0.03145,0.02083,-1.06637738,11.72977872,6.953276519
GlenAmple,CONTROL,30,Bounded,LCI,2,-0.02246,0.03052,0.0039,-6.682117452,9.730250175,1.133124722
GlenAmple,CONTROL,30,Bounded,LCI,3,-0.02135,0.05807,-0.09438,-5.560460568,16.01440662,-22.43505174
GlenAmple,CONTROL,30,Bounded,LCI,4,0.0123,0.11711,0.00516,3.874125566,35.51036869,1.154618137
GlenAmple,CONTROL,30,Bounded,MCARI,1,-0.02121,0.13811,0.17066,-2.504986944,16.73044612,17.71046615
GlenAmple,CONTROL,30,Bounded,MCARI,2,-0.02148,-0.12232,0.33313,-2.280349186,-13.28870449,41.73719337
GlenAmple,CONTROL,30,Bounded,MCARI,3,0.2195,-0.29158,0.08084,24.06188783,-25.76407291,9.62207984
GlenAmple,CONTROL,30,Bounded,MCARI,4,0.29091,-0.23053,-0.12448,33.96493407,-20.09131863,-13.57646194
GlenAmple,CONTROL,30,Bounded,MCARI2,1,0.00734,-0.00372,0.08341,1.041694755,-0.52250053,11.77706459
GlenAmple,CONTROL,30,Bounded,MCARI2,2,0.01314,-0.04889,0.07973,1.765960506,-6.456588718,11.25619599
GlenAmple,CONTROL,30,Bounded,MCARI2,3,0.04554,0.0008,-0.05394,5.679642709,0.094411879,-6.359716607
GlenAmple,CONTROL,30,Bounded,MCARI2,4,0.02243,0.0485,-0.07236,2.814653263,5.919463562,-8.338028948
GlenAmple,CONTROL,30,Bounded,NDRE,1,-0.00415,0.02492,0.01097,-2.358611204,14.50515422,5.576425496
GlenAmple,CONTROL,30,Bounded,NDRE,2,-0.01571,0.02219,-0.00067,-7.060007819,10.72960336,-0.292575142
GlenAmple,CONTROL,30,Bounded,NDRE,3,-0.01828,0.04916,-0.07514,-7.101759511,20.55862931,-26.06484645
GlenAmple,CONTROL,30,Bounded,NDRE,4,0.00956,0.09733,0.00366,4.664301989,45.37084947,1.17363741
GlenAmple,CONTROL,30,Bounded,NDVI,1,0.00998,-0.00778,0.03743,1.193164768,-0.9191752,4.463226377
GlenAmple,CONTROL,30,Bounded,NDVI,2,-0.01737,0.02065,0.0141,-2.008995953,2.437323029,1.624627977
GlenAmple,CONTROL,30,Bounded,NDVI,3,-0.00451,0.00272,-0.01215,-0.505027317,0.306130144,-1.36328292
GlenAmple,CONTROL,30,Bounded,NDVI,4,-0.0117,0.01101,0.00418,-1.315817589,1.254728023,0.47046059
GlenAmple,CONTROL,30,Bounded,OSAVI,1,0.0189,-0.00366,0.04072,3.020805196,-0.567828336,6.353555385
GlenAmple,CONTROL,30,Bounded,OSAVI,2,0.00476,-0.02192,0.04455,0.723326206,-3.30702698,6.951043125
GlenAmple,CONTROL,30,Bounded,OSAVI,3,0.02477,0.00597,-0.02546,3.648436269,0.848383737,-3.587628459
GlenAmple,CONTROL,30,Bounded,OSAVI,4,0.00634,0.02418,-0.0353,0.922797912,3.487260251,-4.919442389
GlenAmple,CONTROL,30,Bounded,SIPI2,1,0.04553,-0.00061,0.00012,5.17962597,-0.065977972,0.012987842
GlenAmple,CONTROL,30,Bounded,SIPI2,2,0.00117,-0.00731,0.02534,0.12701087,-0.792539933,2.769274819
GlenAmple,CONTROL,30,Bounded,SIPI2,3,0.00966,0.01515,-0.0004,1.067343166,1.65626083,-0.043017182
GlenAmple,CONTROL,30,Bounded,SIPI2,4,-0.01265,0.00403,-0.00415,-1.354373771,0.437396417,-0.448459084
GlenAmple,CONTROL,30,Edges,GNDVI,1,0.07025,0.00049,0.02548,10.86433729,0.068353558,3.551957131
GlenAmple,CONTROL,30,Edges,GNDVI,2,-0.00953,-0.00048,0.04596,-1.286949147,-0.065665181,6.291572496
GlenAmple,CONTROL,30,Edges,GNDVI,3,0.00558,0.03083,-0.00763,0.750584124,4.116149378,-0.978417119
GlenAmple,CONTROL,30,Edges,GNDVI,4,-0.03274,0.02124,-0.00671,-4.173353508,2.825366041,-0.868045449
GlenAmple,CONTROL,30,Edges,LCI,1,-0.00696,0.03452,0.01359,-2.5775773,13.12243168,4.566823823
GlenAmple,CONTROL,30,Edges,LCI,2,-0.01997,0.01933,-0.00305,-5.870576857,6.036833114,-0.898297946
GlenAmple,CONTROL,30,Edges,LCI,3,-0.03316,0.06837,-0.08807,-8.546589998,19.26832774,-20.81044232
GlenAmple,CONTROL,30,Edges,LCI,4,0.00055,0.12849,0.00086,0.170220141,39.69894427,0.190201946
GlenAmple,CONTROL,30,Edges,MCARI,1,-0.00501,0.15499,0.15608,-0.665461486,20.72471655,17.28765087
GlenAmple,CONTROL,30,Edges,MCARI,2,-0.04133,-0.07633,0.33368,-4.706211904,-9.12088004,43.87403177
GlenAmple,CONTROL,30,Edges,MCARI,3,0.25582,-0.31529,0.06494,29.774867,-28.27710468,8.120433507
GlenAmple,CONTROL,30,Edges,MCARI,4,0.32341,-0.27438,-0.10643,39.84005341,-24.17059482,-12.36406556
GlenAmple,CONTROL,30,Edges,MCARI2,1,0.02364,0.0116,0.08361,3.778102031,1.786399035,12.64995438
GlenAmple,CONTROL,30,Edges,MCARI2,2,0.00958,-0.02276,0.08746,1.386836059,-3.249752628,12.9073009
GlenAmple,CONTROL,30,Edges,MCARI2,3,0.07979,-0.01624,-0.06572,10.46713132,-1.928555567,-7.957948322
GlenAmple,CONTROL,30,Edges,MCARI2,4,0.05327,0.02465,-0.07553,6.982740427,3.020274435,-8.983100639
GlenAmple,CONTROL,30,Edges,NDRE,1,-0.00882,0.02643,0.00554,-4.911979773,15.47958604,2.809743826
GlenAmple,CONTROL,30,Edges,NDRE,2,-0.01504,0.01387,-0.00654,-6.596462296,6.512929597,-2.883203795
GlenAmple,CONTROL,30,Edges,NDRE,3,-0.02842,0.05757,-0.06995,-10.88175946,24.73458761,-24.09402007
GlenAmple,CONTROL,30,Edges,NDRE,4,-7.00E-05,0.1069,0.00043,-0.033384045,50.99923191,0.135856258
GlenAmple,CONTROL,30,Edges,NDVI,1,0.01821,0.00265,0.03503,2.264612721,0.322258583,4.246209867
GlenAmple,CONTROL,30,Edges,NDVI,2,-0.01146,0.01464,0.01547,-1.341149292,1.736590944,1.80372194
GlenAmple,CONTROL,30,Edges,NDVI,3,-0.0053,0.00517,-0.01141,-0.593112509,0.582016479,-1.277056301
GlenAmple,CONTROL,30,Edges,NDVI,4,-0.01286,0.01288,0.00094,-1.444406631,1.467854778,0.10557634
GlenAmple,CONTROL,30,Edges,OSAVI,1,0.03145,0.00441,0.04317,5.434491482,0.722760058,7.024412151
GlenAmple,CONTROL,30,Edges,OSAVI,2,0.00638,-0.01194,0.05011,1.01351727,-1.877739353,8.031336798
GlenAmple,CONTROL,30,Edges,OSAVI,3,0.04046,-0.00095,-0.0306,6.134011319,-0.13570246,-4.376987345
GlenAmple,CONTROL,30,Edges,OSAVI,4,0.01989,0.0142,-0.03701,2.963168221,2.054603252,-5.24718182
GlenAmple,CONTROL,30,Edges,SIPI2,1,0.04483,-0.00144,-0.00261,5.086797814,-0.155485563,-0.282256451
GlenAmple,CONTROL,30,Edges,SIPI2,2,0.00014,-0.00944,0.02414,0.015170708,-1.022784031,2.642493796
GlenAmple,CONTROL,30,Edges,SIPI2,3,0.00746,0.01808,0.00099,0.826591882,1.98689834,0.106676321
GlenAmple,CONTROL,30,Edges,SIPI2,4,-0.01497,0.00712,-0.00503,-1.604654678,0.77564898,-0.543747926
GlenAmple,CONTROL,50,Bounded,GNDVI,1,0.02507,-0.02772,0.07564,3.721677323,-3.967419074,11.27321449
GlenAmple,CONTROL,50,Bounded,GNDVI,2,-0.00419,0.00045,0.04941,-0.564704487,0.060992883,6.692936318
GlenAmple,CONTROL,50,Bounded,GNDVI,3,0.01612,0.02049,-0.01285,2.187450385,2.720931252,-1.661191844
GlenAmple,CONTROL,50,Bounded,GNDVI,4,-0.04816,0.01895,-0.01621,-6.018563068,2.519842932,-2.102516145
GlenAmple,CONTROL,50,Bounded,LCI,1,-0.04059,-0.0238,0.09374,-13.89730579,-9.463935645,41.17163927
GlenAmple,CONTROL,50,Bounded,LCI,2,-0.02963,0.054,0.00138,-9.448010433,19.01535666,0.408306976
GlenAmple,CONTROL,50,Bounded,LCI,3,0.0169,0.06745,-0.1147,5.212976301,19.77478151,-28.07551751
GlenAmple,CONTROL,50,Bounded,LCI,4,-0.08012,0.10365,0.00812,-20.40488882,33.16471006,1.951074172
GlenAmple,CONTROL,50,Bounded,MCARI,1,-0.12604,0.2671,0.0716,-13.63285817,33.45059619,6.71927597
GlenAmple,CONTROL,50,Bounded,MCARI,2,-0.03846,-0.06297,0.24455,-3.957681823,-6.746874869,28.09785937
GlenAmple,CONTROL,50,Bounded,MCARI,3,0.21957,-0.42746,0.11355,23.24522725,-36.71860437,15.41351802
GlenAmple,CONTROL,50,Bounded,MCARI,4,0.18374,-0.14017,-0.23244,18.26530318,-11.78205097,-22.14724622
GlenAmple,CONTROL,50,Bounded,MCARI2,1,-0.01549,0.0228,0.07069,-2.2289662,3.355650371,10.0662014
GlenAmple,CONTROL,50,Bounded,MCARI2,2,-0.15299,0.11813,0.06166,-20.58361733,20.01284156,8.704109678
GlenAmple,CONTROL,50,Bounded,MCARI2,3,0.04538,-0.00193,-0.0625,5.739138573,-0.230836117,-7.492558391
GlenAmple,CONTROL,50,Bounded,MCARI2,4,-0.02276,0.0436,-0.07397,-2.721117715,5.358496966,-8.628644019
GlenAmple,CONTROL,50,Bounded,NDRE,1,-0.03055,-0.01575,0.06468,-16.03834503,-9.847996949,44.86027979
GlenAmple,CONTROL,50,Bounded,NDRE,2,-0.02171,0.04119,-0.0023,-10.6332437,22.57468719,-1.028387979
GlenAmple,CONTROL,50,Bounded,NDRE,3,0.01225,0.05733,-0.09082,5.846390272,25.84982483,-32.53902569
GlenAmple,CONTROL,50,Bounded,NDRE,4,-0.06118,0.0833,0.00725,-23.30835375,41.38081778,2.547426046
GlenAmple,CONTROL,50,Bounded,NDVI,1,0.00052,-0.02008,0.04562,0.061697561,-2.381006022,5.541377522
GlenAmple,CONTROL,50,Bounded,NDVI,2,-0.01232,0.01267,0.01417,-1.423633941,1.485222215,1.636748173
GlenAmple,CONTROL,50,Bounded,NDVI,3,-0.00111,-0.0067,-0.00544,-0.124987192,-0.75537131,-0.617984484
GlenAmple,CONTROL,50,Bounded,NDVI,4,-0.02161,0.01307,4.00E-05,-2.413524673,1.495832384,0.004510442
GlenAmple,CONTROL,50,Bounded,OSAVI,1,-0.0004,0.00382,0.04479,-0.064050113,0.612070609,7.132949321
GlenAmple,CONTROL,50,Bounded,OSAVI,2,-0.06467,0.04889,0.0362,-9.817062896,8.229517524,5.630113955
GlenAmple,CONTROL,50,Bounded,OSAVI,3,0.02438,0.00588,-0.03088,3.613077622,0.841020037,-4.37994925
GlenAmple,CONTROL,50,Bounded,OSAVI,4,-0.01812,0.02235,-0.03784,-2.554159601,3.232987758,-5.302237337
GlenAmple,CONTROL,50,Bounded,SIPI2,1,0.01953,-0.00946,0.03019,2.221511925,-1.052677261,3.395182866
GlenAmple,CONTROL,50,Bounded,SIPI2,2,0.0044,-0.00761,0.02684,0.479432874,-0.825244456,2.934805547
GlenAmple,CONTROL,50,Bounded,SIPI2,3,0.01233,0.0178,-0.00594,1.367976914,1.948206173,-0.637707859
GlenAmple,CONTROL,50,Bounded,SIPI2,4,-0.02053,0.00555,-0.01138,-2.182043894,0.603043905,-1.229099636
GlenAmple,CONTROL,50,Edges,GNDVI,1,0.02817,-0.0303,0.07721,4.299706484,-4.434161483,11.82332845
GlenAmple,CONTROL,50,Edges,GNDVI,2,-0.00411,-0.0037,0.04884,-0.558620493,-0.505719413,6.70942713
GlenAmple,CONTROL,50,Edges,GNDVI,3,0.01086,0.02567,-0.00715,1.477971287,3.442629327,-0.926981114
GlenAmple,CONTROL,50,Edges,GNDVI,4,-0.05246,0.0255,-0.0178,-6.573926599,3.420335032,-2.308567249
GlenAmple,CONTROL,50,Edges,LCI,1,-0.04275,-0.03008,0.0899,-14.41038761,-11.84667068,40.16423105
GlenAmple,CONTROL,50,Edges,LCI,2,-0.03414,0.04687,-0.00448,-10.67672418,16.40985782,-1.347404892
GlenAmple,CONTROL,50,Edges,LCI,3,0.00263,0.07636,-0.09645,0.796918984,22.95498886,-23.58127288
GlenAmple,CONTROL,50,Edges,LCI,4,-0.08939,0.11871,0.00788,-22.62917668,38.84095527,1.856997085
GlenAmple,CONTROL,50,Edges,MCARI,1,-0.10212,0.25161,0.08189,-12.46124166,35.07341287,8.451058885
GlenAmple,CONTROL,50,Edges,MCARI,2,-0.02409,-0.02734,0.25174,-2.725541686,-3.179916513,30.24154555
GlenAmple,CONTROL,50,Edges,MCARI,3,0.26073,-0.44789,0.06838,29.40217937,-39.03177426,9.774002982
GlenAmple,CONTROL,50,Edges,MCARI,4,0.22969,-0.2064,-0.21862,24.30785219,-17.57177483,-22.57978891
GlenAmple,CONTROL,50,Edges,MCARI2,1,-0.00247,0.03283,0.07776,-0.402279475,5.368493175,12.06776946
GlenAmple,CONTROL,50,Edges,MCARI2,2,-0.13332,0.13456,0.07041,-19.63212589,24.65502931,10.34937405
GlenAmple,CONTROL,50,Edges,MCARI2,3,0.07958,-0.0181,-0.09916,10.59581839,-2.179066276,-12.20384207
GlenAmple,CONTROL,50,Edges,MCARI2,4,-0.00034,0.00517,-0.08273,-0.042048452,0.639652781,-10.17062505
GlenAmple,CONTROL,50,Edges,NDRE,1,-0.03417,-0.02121,0.06161,-17.17594664,-12.8724108,42.91555506
GlenAmple,CONTROL,50,Edges,NDRE,2,-0.0267,0.03583,-0.00717,-12.62286014,19.38632515,-3.249475416
GlenAmple,CONTROL,50,Edges,NDRE,3,0.00063,0.0645,-0.0758,0.293650165,29.9761585,-27.10327492
GlenAmple,CONTROL,50,Edges,NDRE,4,-0.06828,0.09637,0.00778,-25.82245737,49.13302165,2.659729036
GlenAmple,CONTROL,50,Edges,NDVI,1,0.00602,-0.02012,0.05202,0.739057468,-2.451951141,6.498836281
GlenAmple,CONTROL,50,Edges,NDVI,2,-0.00754,0.0098,0.01601,-0.883358073,1.158363681,1.870718293
GlenAmple,CONTROL,50,Edges,NDVI,3,-0.00256,-0.00541,-0.0039,-0.287989596,-0.61036079,-0.442703397
GlenAmple,CONTROL,50,Edges,NDVI,4,-0.02369,0.01411,-0.00202,-2.643822729,1.617449657,-0.227869834
GlenAmple,CONTROL,50,Edges,OSAVI,1,0.00865,0.01063,0.05054,1.498325859,1.814113909,8.471465376
GlenAmple,CONTROL,50,Edges,OSAVI,2,-0.05649,0.05933,0.04068,-9.028562478,10.42356608,6.47233744
GlenAmple,CONTROL,50,Edges,OSAVI,3,0.03952,-0.00076,-0.04856,6.025850778,-0.109295747,-6.991063935
GlenAmple,CONTROL,50,Edges,OSAVI,4,-0.00881,0.00631,-0.04333,-1.264821453,0.917509898,-6.243147019
GlenAmple,CONTROL,50,Edges,SIPI2,1,0.01934,-0.01165,0.02768,2.192716417,-1.292504252,3.111157569
GlenAmple,CONTROL,50,Edges,SIPI2,2,0.00155,-0.00892,0.02567,0.168419497,-0.967597419,2.811760982
GlenAmple,CONTROL,50,Edges,SIPI2,3,0.00947,0.02065,-0.00292,1.053040083,2.272299622,-0.314174093
GlenAmple,CONTROL,50,Edges,SIPI2,4,-0.02258,0.00964,-0.0113,-2.404683275,1.051918278,-1.220221994
GlenAmple,KAISHI,30,Bounded,GNDVI,1,0.07518,-0.01445,0.02786,11.27675755,-1.947804238,3.830021817
GlenAmple,KAISHI,30,Bounded,GNDVI,2,0.00424,0.01131,0.03865,0.581131589,1.541184791,5.186798558
GlenAmple,KAISHI,30,Bounded,GNDVI,3,0.01559,0.02081,-0.01012,2.115501784,2.765334584,-1.308607716
GlenAmple,KAISHI,30,Bounded,GNDVI,4,-0.02611,0.01257,-0.00594,-3.355950546,1.671740405,-0.776997728
GlenAmple,KAISHI,30,Bounded,LCI,1,-0.03111,0.04007,0.04601,-10.09864929,14.46826334,14.51323414
GlenAmple,KAISHI,30,Bounded,LCI,2,-0.0486,0.06671,0.00225,-14.71875369,23.69038783,0.645992977
GlenAmple,KAISHI,30,Bounded,LCI,3,-0.05638,0.04624,-0.10121,-13.33866438,12.62349816,-24.53331911
GlenAmple,KAISHI,30,Bounded,LCI,4,0.02528,0.10325,0.01445,8.144041287,30.75745254,3.292014189
GlenAmple,KAISHI,30,Bounded,MCARI,1,0.14475,-0.02055,0.15213,16.49025793,-2.009699367,15.1827711
GlenAmple,KAISHI,30,Bounded,MCARI,2,-0.02722,-0.129,0.32509,-2.799285473,-13.64832395,39.83111382
GlenAmple,KAISHI,30,Bounded,MCARI,3,0.17869,-0.26806,0.09108,18.73667676,-23.67224459,10.5377516
GlenAmple,KAISHI,30,Bounded,MCARI,4,0.24104,-0.22585,-0.0075,26.86128393,-19.83940491,-0.82188088
GlenAmple,KAISHI,30,Bounded,MCARI2,1,0.07283,-0.06263,0.0702,10.17802815,-7.944027773,9.67260572
GlenAmple,KAISHI,30,Bounded,MCARI2,2,0.00404,-0.04494,0.07074,0.533170743,-5.899410715,9.868434819
GlenAmple,KAISHI,30,Bounded,MCARI2,3,0.02855,0.01152,-0.04924,3.495942625,1.362973269,-5.747428306
GlenAmple,KAISHI,30,Bounded,MCARI2,4,0.01056,0.05936,-0.04065,1.314804877,7.294883627,-4.655925395
GlenAmple,KAISHI,30,Bounded,NDRE,1,-0.02694,0.03225,0.03169,-13.15873024,18.13927589,15.08753053
GlenAmple,KAISHI,30,Bounded,NDRE,2,-0.03573,0.04967,-0.00143,-16.37481038,27.22076385,-0.616004928
GlenAmple,KAISHI,30,Bounded,NDRE,3,-0.04808,0.03894,-0.07984,-16.55584671,16.06893051,-28.38543611
GlenAmple,KAISHI,30,Bounded,NDRE,4,0.01941,0.08465,0.01411,9.695740568,38.5471833,4.637618282
GlenAmple,KAISHI,30,Bounded,NDVI,1,0.0214,-0.01136,0.03303,2.573968518,-1.33208099,3.925408912
GlenAmple,KAISHI,30,Bounded,NDVI,2,-0.01722,0.02549,0.01041,-1.99978864,3.02060386,1.197431217
GlenAmple,KAISHI,30,Bounded,NDVI,3,-0.00303,0.00286,-0.01173,-0.340602135,0.322591197,-1.318820684
GlenAmple,KAISHI,30,Bounded,NDVI,4,-0.00674,0.01579,-0.00351,-0.764682991,1.805250203,-0.394177847
GlenAmple,KAISHI,30,Bounded,OSAVI,1,0.04904,-0.03049,0.03446,7.782138215,-4.48909822,5.31207271
GlenAmple,KAISHI,30,Bounded,OSAVI,2,0.00494,-0.01968,0.03916,0.74800771,-2.957792837,6.064914408
GlenAmple,KAISHI,30,Bounded,OSAVI,3,0.01804,0.01022,-0.02358,2.636883333,1.455465186,-3.309933591
GlenAmple,KAISHI,30,Bounded,OSAVI,4,0.00019,0.0274,-0.02032,0.027544176,3.971066289,-2.83248605
GlenAmple,KAISHI,30,Bounded,SIPI2,1,0.04562,-0.00367,0.00058,5.186088732,-0.396636265,0.062933277
GlenAmple,KAISHI,30,Bounded,SIPI2,2,0.01405,-0.00736,0.02179,1.543157333,-0.79608792,2.3758097
GlenAmple,KAISHI,30,Bounded,SIPI2,3,0.01321,0.01266,-0.0005,1.467596774,1.386150105,-0.053996788
GlenAmple,KAISHI,30,Bounded,SIPI2,4,-0.01406,-0.00056,-0.00234,-1.505803125,-0.060892003,-0.254596611
GlenAmple,KAISHI,30,Edges,GNDVI,1,0.07608,-0.01283,0.02767,11.69038908,-1.765099997,3.875127619
GlenAmple,KAISHI,30,Edges,GNDVI,2,0.0046,0.0085,0.04204,0.638267465,1.171927241,5.729073686
GlenAmple,KAISHI,30,Edges,GNDVI,3,0.01137,0.02705,-0.00602,1.545716923,3.621388819,-0.777776773
GlenAmple,KAISHI,30,Edges,GNDVI,4,-0.03234,0.01876,-0.00652,-4.148808019,2.510837691,-0.851262728
GlenAmple,KAISHI,30,Edges,LCI,1,-0.03762,0.03396,0.04743,-12.1362277,12.46874553,15.48375724
GlenAmple,KAISHI,30,Edges,LCI,2,-0.05183,0.071,-0.00779,-15.81142217,25.72734092,-2.245144407
GlenAmple,KAISHI,30,Edges,LCI,3,-0.07031,0.0573,-0.09121,-16.35492823,15.93477034,-21.87862055
GlenAmple,KAISHI,30,Edges,LCI,4,0.01137,0.11301,0.01939,3.576922714,34.32440067,4.384388051
GlenAmple,KAISHI,30,Edges,MCARI,1,0.15737,0.04743,0.1116,20.38099259,5.102683024,11.42341247
GlenAmple,KAISHI,30,Edges,MCARI,2,-0.00987,-0.14905,0.37036,-1.081109501,-16.50461033,49.11734398
GlenAmple,KAISHI,30,Edges,MCARI,3,0.22669,-0.29855,0.06713,25.84684357,-27.04891818,8.337152303
GlenAmple,KAISHI,30,Edges,MCARI,4,0.28053,-0.24621,-0.05066,33.30677783,-21.92839095,-5.779271967
GlenAmple,KAISHI,30,Edges,MCARI2,1,0.09267,-0.03259,0.06064,14.58334317,-4.475904417,8.718518657
GlenAmple,KAISHI,30,Edges,MCARI2,2,0.0191,-0.06216,0.10667,2.689796097,-8.524515525,15.9917605
GlenAmple,KAISHI,30,Edges,MCARI2,3,0.07044,-0.01078,-0.06406,9.202658372,-1.289672689,-7.763992093
GlenAmple,KAISHI,30,Edges,MCARI2,4,0.03956,0.04399,-0.07266,5.141060779,5.437234488,-8.517761749
GlenAmple,KAISHI,30,Edges,NDRE,1,-0.03388,0.02691,0.03255,-16.07279248,15.21103832,15.96989515
GlenAmple,KAISHI,30,Edges,NDRE,2,-0.03901,0.05426,-0.01143,-17.84203329,30.2063675,-4.886891757
GlenAmple,KAISHI,30,Edges,NDRE,3,-0.06077,0.04853,-0.07198,-20.42476246,20.49746369,-25.23037881
GlenAmple,KAISHI,30,Edges,NDRE,4,0.00805,0.09263,0.0199,3.902254582,43.21618356,6.482697063
GlenAmple,KAISHI,30,Edges,NDVI,1,0.0252,-0.0071,0.03551,3.127012549,-0.854309026,4.30956539
GlenAmple,KAISHI,30,Edges,NDVI,2,-0.0157,0.02274,0.01799,-1.851893355,2.732907013,2.104534166
GlenAmple,KAISHI,30,Edges,NDVI,3,-0.00377,0.00446,-0.00974,-0.423290641,0.502891627,-1.092747812
GlenAmple,KAISHI,30,Edges,NDVI,4,-0.00942,0.01785,-0.00572,-1.065163828,2.040114246,-0.640680286
GlenAmple,KAISHI,30,Edges,OSAVI,1,0.06256,-0.01676,0.03211,10.69381601,-2.588133193,5.090272681
GlenAmple,KAISHI,30,Edges,OSAVI,2,0.01281,-0.03051,0.05989,2.014464516,-4.703172908,9.687787629
GlenAmple,KAISHI,30,Edges,OSAVI,3,0.03826,0.00045,-0.03049,5.807255578,0.064553982,-4.371069227
GlenAmple,KAISHI,30,Edges,OSAVI,4,0.01309,0.02144,-0.03593,1.941730291,3.119766134,-5.070053664
GlenAmple,KAISHI,30,Edges,SIPI2,1,0.04553,-0.00505,-0.00106,5.16206714,-0.544450326,-0.11490627
GlenAmple,KAISHI,30,Edges,SIPI2,2,0.01343,-0.00727,0.01951,1.472828346,-0.785707261,2.125246865
GlenAmple,KAISHI,30,Edges,SIPI2,3,0.01069,0.01599,0.00108,1.189679944,1.758590312,0.116726345
GlenAmple,KAISHI,30,Edges,SIPI2,4,-0.01677,0.00267,-0.00151,-1.797637666,0.291446217,-0.164346407
GlenAmple,KAISHI,50,Bounded,GNDVI,1,0.03729,-0.04016,0.07954,5.552238539,-5.665027063,11.89381399
GlenAmple,KAISHI,50,Bounded,GNDVI,2,0.02951,-0.00551,0.04706,4.132063609,-0.740909073,6.375216583
GlenAmple,KAISHI,50,Bounded,GNDVI,3,0.01315,0.01317,-0.00627,1.784645534,1.756021072,-0.821582864
GlenAmple,KAISHI,50,Bounded,GNDVI,4,-0.05413,0.01486,-0.02137,-6.737522887,1.983234594,-2.796604292
GlenAmple,KAISHI,50,Bounded,LCI,1,-0.0556,-0.02568,0.09602,-17.84447704,-10.03199456,41.6932623
GlenAmple,KAISHI,50,Bounded,LCI,2,0.06381,0.02788,-4.00E-05,25.59967263,8.905328184,-0.011731891
GlenAmple,KAISHI,50,Bounded,LCI,3,0.01706,0.04196,-0.0912,5.237128973,12.23998063,-23.70241
GlenAmple,KAISHI,50,Bounded,LCI,4,-0.09684,0.04697,0.07221,-23.28998728,14.72593828,19.7332284
GlenAmple,KAISHI,50,Bounded,MCARI,1,-0.13737,0.26467,0.10408,-14.78366898,33.42506166,9.851386795
GlenAmple,KAISHI,50,Bounded,MCARI,2,0.03435,-0.06543,0.22894,3.714794616,-6.822511473,25.61993552
GlenAmple,KAISHI,50,Bounded,MCARI,3,0.19193,-0.45928,0.16805,19.65386344,-39.30573112,23.69568007
GlenAmple,KAISHI,50,Bounded,MCARI,4,0.09855,-0.2355,-0.02355,9.176481762,-20.08544202,-2.513364589
GlenAmple,KAISHI,50,Bounded,MCARI2,1,-0.02243,0.02693,0.07843,-3.217288155,3.991161053,11.17760318
GlenAmple,KAISHI,50,Bounded,MCARI2,2,-0.10898,0.1181,0.05141,-15.31024387,19.59089695,7.131056925
GlenAmple,KAISHI,50,Bounded,MCARI2,3,0.03007,-0.01429,-0.03738,3.742465597,-1.714352211,-4.562648533
GlenAmple,KAISHI,50,Bounded,MCARI2,4,-0.05135,0.01159,-0.00169,-5.987353683,1.437446282,-0.206631527
GlenAmple,KAISHI,50,Bounded,NDRE,1,-0.04279,-0.01717,0.06663,-20.79193007,-10.53303151,45.68674104
GlenAmple,KAISHI,50,Bounded,NDRE,2,0.04642,0.02135,-0.00319,29.4037537,10.45077855,-1.413750161
GlenAmple,KAISHI,50,Bounded,NDRE,3,0.01294,0.03591,-0.07142,6.14694719,16.07063741,-27.53690802
GlenAmple,KAISHI,50,Bounded,NDRE,4,-0.07509,0.03644,0.0624,-26.65781505,17.63871611,25.67573684
GlenAmple,KAISHI,50,Bounded,NDVI,1,0.00139,-0.01714,0.04407,0.165131969,-2.032874691,5.33534463
GlenAmple,KAISHI,50,Bounded,NDVI,2,0.00734,0.01299,0.01205,0.865656891,1.51885236,1.387863508
GlenAmple,KAISHI,50,Bounded,NDVI,3,-0.0033,-0.00865,-0.0029,-0.371713294,-0.977974654,-0.331114108
GlenAmple,KAISHI,50,Bounded,NDVI,4,-0.02582,0.01035,-0.00179,-2.876684704,1.187279249,-0.202926909
GlenAmple,KAISHI,50,Bounded,OSAVI,1,-0.00024,0.00291,0.04872,-0.038392567,0.465688667,7.760544512
GlenAmple,KAISHI,50,Bounded,OSAVI,2,-0.03974,0.04745,0.03169,-6.202871677,7.896081247,4.887558395
GlenAmple,KAISHI,50,Bounded,OSAVI,3,0.01747,-0.00145,-0.01821,2.567641253,-0.207777767,-2.614835205
GlenAmple,KAISHI,50,Bounded,OSAVI,4,-0.03257,0.00674,-0.0058,-4.522097465,0.980119854,-0.835240225
GlenAmple,KAISHI,50,Bounded,SIPI2,1,0.02852,-0.02096,0.03423,3.247991928,-2.311932151,3.864997217
GlenAmple,KAISHI,50,Bounded,SIPI2,2,0.01763,-0.01192,0.02638,1.942847445,-1.288563673,2.88892953
GlenAmple,KAISHI,50,Bounded,SIPI2,3,0.01141,0.01396,-0.00287,1.265709047,1.52922451,-0.309653975
GlenAmple,KAISHI,50,Bounded,SIPI2,4,-0.02222,0.00429,-0.01415,-2.359384606,0.466532036,-1.531648844
GlenAmple,KAISHI,50,Edges,GNDVI,1,0.04177,-0.04263,0.08261,6.394956298,-6.134333706,12.66420465
GlenAmple,KAISHI,50,Edges,GNDVI,2,0.03367,-0.00401,0.04585,4.811574072,-0.546737911,6.285721336
GlenAmple,KAISHI,50,Edges,GNDVI,3,0.00775,0.0209,0.00043,1.053760838,2.812121995,0.056274546
GlenAmple,KAISHI,50,Edges,GNDVI,4,-0.05918,0.02182,-0.02171,-7.376743687,2.93646233,-2.83831291
GlenAmple,KAISHI,50,Edges,LCI,1,-0.05046,-0.02898,0.09102,-16.61338487,-11.44228909,40.58120923
GlenAmple,KAISHI,50,Edges,LCI,2,0.06448,0.03138,-0.00675,26.82631542,10.29389091,-2.007608091
GlenAmple,KAISHI,50,Edges,LCI,3,0.00176,0.05437,-0.07017,0.527592171,16.21286354,-18.00518833
GlenAmple,KAISHI,50,Edges,LCI,4,-0.10615,0.06058,0.07503,-25.35100938,19.38119659,20.10714161
GlenAmple,KAISHI,50,Edges,MCARI,1,-0.15723,0.25217,0.13349,-17.89447687,34.95462428,13.71109634
GlenAmple,KAISHI,50,Edges,MCARI,2,0.05264,-0.06981,0.23651,6.046258935,-7.561242162,27.71219437
GlenAmple,KAISHI,50,Edges,MCARI,3,0.23144,-0.4787,0.11508,25.65082996,-42.22416471,17.56917059
GlenAmple,KAISHI,50,Edges,MCARI,4,0.14974,-0.27779,-0.05034,14.96485647,-24.1482817,-5.769224157
GlenAmple,KAISHI,50,Edges,MCARI2,1,-0.03137,0.02967,0.09876,-4.833433741,4.803683634,15.25672734
GlenAmple,KAISHI,50,Edges,MCARI2,2,-0.0916,0.1146,0.05875,-13.71399142,19.8844067,8.503019838
GlenAmple,KAISHI,50,Edges,MCARI2,3,0.06481,-0.03421,-0.0746,8.579208425,-4.170725433,-9.490719832
GlenAmple,KAISHI,50,Edges,MCARI2,4,-0.03076,-0.02112,-0.0225,-3.706466193,-2.642837747,-2.891952788
GlenAmple,KAISHI,50,Edges,NDRE,1,-0.03983,-0.01981,0.06196,-19.57527117,-12.10576811,43.07833499
GlenAmple,KAISHI,50,Edges,NDRE,2,0.04601,0.02382,-0.00864,29.96788922,11.93739632,-3.868177524
GlenAmple,KAISHI,50,Edges,NDRE,3,1.00E-04,0.0461,-0.05426,0.045953559,21.17486025,-20.56775495
GlenAmple,KAISHI,50,Edges,NDRE,4,-0.08252,0.04783,0.06646,-29.03374487,23.71331823,26.63396532
GlenAmple,KAISHI,50,Edges,NDVI,1,0.0054,-0.01897,0.05226,0.660864925,-2.306352134,6.503712941
GlenAmple,KAISHI,50,Edges,NDVI,2,0.01554,0.01511,0.01234,1.87814762,1.792512258,1.438126194
GlenAmple,KAISHI,50,Edges,NDVI,3,-0.00486,-0.00638,0.00041,-0.546988692,-0.722012673,0.046736376
GlenAmple,KAISHI,50,Edges,NDVI,4,-0.02734,0.0119,-0.00366,-3.042608764,1.365883445,-0.414434552
GlenAmple,KAISHI,50,Edges,OSAVI,1,-0.00231,0.00434,0.06109,-0.387505221,0.730872281,10.21314016
GlenAmple,KAISHI,50,Edges,OSAVI,2,-0.03058,0.04757,0.03555,-4.959527466,8.117595062,5.610963713
GlenAmple,KAISHI,50,Edges,OSAVI,3,0.03357,-0.00934,-0.03724,5.107637721,-1.352014487,-5.464569078
GlenAmple,KAISHI,50,Edges,OSAVI,4,-0.0236,-0.00689,-0.0163,-3.338279456,-1.008266616,-2.409599371
GlenAmple,KAISHI,50,Edges,SIPI2,1,0.03055,-0.02227,0.0322,3.478623262,-2.450562353,3.632257606
GlenAmple,KAISHI,50,Edges,SIPI2,2,0.01565,-0.01217,0.02562,1.72093192,-1.315617362,2.806530167
GlenAmple,KAISHI,50,Edges,SIPI2,3,0.00852,0.018,-0.00022,0.94663406,1.981176621,-0.023743971
GlenAmple,KAISHI,50,Edges,SIPI2,4,-0.02508,0.00842,-0.01332,-2.666947398,0.919895862,-1.441962628
GlenAmple,KUMA,30,Bounded,GNDVI,1,0.06651,0.00162,0.02327,9.992022607,0.221268854,3.171332355
GlenAmple,KUMA,30,Bounded,GNDVI,2,0.03773,0.00626,0.03972,5.352904373,0.843005679,5.304196752
GlenAmple,KUMA,30,Bounded,GNDVI,3,0.00765,0.02164,-0.0055,1.021592322,2.860613816,-0.706830943
GlenAmple,KUMA,30,Bounded,GNDVI,4,-0.04039,0.01732,-0.01276,-5.053923955,2.28257847,-1.644094724
GlenAmple,KUMA,30,Bounded,LCI,1,0.00228,0.02354,0.02735,0.76363746,7.82447125,8.431183356
GlenAmple,KUMA,30,Bounded,LCI,2,-0.035,0.08752,0.00903,-11.40470069,32.18937,2.512443971
GlenAmple,KUMA,30,Bounded,LCI,3,-0.06114,0.0459,-0.09253,-14.1233215,12.34664206,-22.1543309
GlenAmple,KUMA,30,Bounded,LCI,4,-0.04746,0.10958,0.02439,-12.16109219,31.96606778,5.391473117
GlenAmple,KUMA,30,Bounded,MCARI,1,-0.02872,0.20073,0.02167,-3.069619002,22.13361767,1.956427727
GlenAmple,KUMA,30,Bounded,MCARI,2,0.0677,-0.11552,0.32544,7.521628849,-11.93670817,38.18593349
GlenAmple,KUMA,30,Bounded,MCARI,3,0.20233,-0.26835,0.0559,21.66619728,-23.61859598,6.441346299
GlenAmple,KUMA,30,Bounded,MCARI,4,0.45496,-0.23375,0.03361,66.05580246,-20.43785537,3.693564889
GlenAmple,KUMA,30,Bounded,MCARI2,1,0.01762,0.01189,0.01742,2.382945575,1.570588647,2.265482859
GlenAmple,KUMA,30,Bounded,MCARI2,2,0.05825,-0.03711,0.05818,8.103096426,-4.775379579,7.862151538
GlenAmple,KUMA,30,Bounded,MCARI2,3,0.03235,0.01291,-0.05994,3.963241699,1.521327455,-6.9575432
GlenAmple,KUMA,30,Bounded,MCARI2,4,0.09198,0.05141,-0.02151,12.67272058,6.286447271,-2.474686522
GlenAmple,KUMA,30,Bounded,NDRE,1,-0.00143,0.01901,0.01801,-0.725222004,9.711316928,8.386066371
GlenAmple,KUMA,30,Bounded,NDRE,2,-0.02735,0.06568,0.00503,-13.55295563,37.64954056,2.094689982
GlenAmple,KUMA,30,Bounded,NDRE,3,-0.0519,0.03864,-0.07331,-17.38338229,15.66522474,-25.69566878
GlenAmple,KUMA,30,Bounded,NDRE,4,-0.03647,0.09163,0.02331,-13.95601578,40.75143095,7.365371065
GlenAmple,KUMA,30,Bounded,NDVI,1,0.02865,-0.0104,0.02495,3.448935886,-1.210229699,2.938955711
GlenAmple,KUMA,30,Bounded,NDVI,2,0.0051,0.0242,0.00396,0.602159983,2.840205575,0.451925305
GlenAmple,KUMA,30,Bounded,NDVI,3,-0.00666,0.00371,-0.01051,-0.743427199,0.417233193,-1.177062183
GlenAmple,KUMA,30,Bounded,NDVI,4,-0.02034,0.01256,-0.00203,-2.263997213,1.430408247,-0.227928289
GlenAmple,KUMA,30,Bounded,OSAVI,1,0.02208,0.00677,0.01071,3.45080339,1.022765213,1.601612679
GlenAmple,KUMA,30,Bounded,OSAVI,2,0.03418,-0.01752,0.03419,5.344959428,-2.600714603,5.210770246
GlenAmple,KUMA,30,Bounded,OSAVI,3,0.01893,0.01106,-0.0279,2.762531722,1.570641222,-3.900837631
GlenAmple,KUMA,30,Bounded,OSAVI,4,0.03623,0.02555,-0.01352,5.516130457,3.686703769,-1.881485873
GlenAmple,KUMA,30,Bounded,SIPI2,1,0.0346,0.00762,0.00215,3.934138429,0.833624154,0.233264367
GlenAmple,KUMA,30,Bounded,SIPI2,2,0.02541,-0.01007,0.02601,2.821699883,-1.08755404,2.839950604
GlenAmple,KUMA,30,Bounded,SIPI2,3,0.00958,0.01264,0.00197,1.058457105,1.381917651,0.212442212
GlenAmple,KUMA,30,Bounded,SIPI2,4,-0.0157,0.00444,-0.00781,-1.673201388,0.481237691,-0.842447261
GlenAmple,KUMA,30,Edges,GNDVI,1,0.05811,-0.00048,0.02885,8.897960559,-0.067493367,4.059372366
GlenAmple,KUMA,30,Edges,GNDVI,2,0.03221,-0.00257,0.0493,4.620431747,-0.352377727,6.783523056
GlenAmple,KUMA,30,Edges,GNDVI,3,0.00402,0.02178,0.00289,0.537755952,2.897929803,0.373698359
GlenAmple,KUMA,30,Edges,GNDVI,4,-0.04583,0.02325,-0.01211,-5.726666925,3.081670225,-1.557133691
GlenAmple,KUMA,30,Edges,LCI,1,-0.01281,0.01745,0.02608,-4.14628857,5.892463387,8.316565208
GlenAmple,KUMA,30,Edges,LCI,2,-0.04821,0.08741,0.00081,-15.4212289,33.05838259,0.230230714
GlenAmple,KUMA,30,Edges,LCI,3,-0.07317,0.04757,-0.07454,-16.80519797,13.13250384,-18.18931628
GlenAmple,KUMA,30,Edges,LCI,4,-0.05937,0.12232,0.0293,-15.0639017,36.54059286,6.410382632
GlenAmple,KUMA,30,Edges,MCARI,1,0.03697,0.17536,0.05704,4.827877105,21.84542518,5.83176821
GlenAmple,KUMA,30,Edges,MCARI,2,0.10179,-0.14407,0.38138,12.81859155,-16.08155638,50.72884979
GlenAmple,KUMA,30,Edges,MCARI,3,0.24506,-0.27611,0.00231,27.71698499,-24.45158611,0.270776848
GlenAmple,KUMA,30,Edges,MCARI,4,0.47799,-0.29312,-0.00243,72.78765812,-25.83281116,-0.288749122
GlenAmple,KUMA,30,Edges,MCARI2,1,0.04364,0.01806,0.0397,6.993018199,2.704844007,5.789273366
GlenAmple,KUMA,30,Edges,MCARI2,2,0.08449,-0.06147,0.11108,13.25976042,-8.517613738,16.82492415
GlenAmple,KUMA,30,Edges,MCARI2,3,0.06647,0.0056,-0.09389,8.509347224,0.66068043,-11.00431195
GlenAmple,KUMA,30,Edges,MCARI2,4,0.11831,0.01747,-0.04685,16.97244614,2.14255667,-5.625255898
GlenAmple,KUMA,30,Edges,NDRE,1,-0.01394,0.01411,0.01512,-6.618209096,7.173688679,7.172641496
GlenAmple,KUMA,30,Edges,NDRE,2,-0.03865,0.06771,-0.00496,-18.43364128,39.5916291,-2.077652253
GlenAmple,KUMA,30,Edges,NDRE,3,-0.06225,0.04016,-0.05844,-20.69405707,16.8342688,-20.96720376
GlenAmple,KUMA,30,Edges,NDRE,4,-0.04625,0.10252,0.02885,-17.48773968,46.97989653,8.994796425
GlenAmple,KUMA,30,Edges,NDVI,1,0.02457,-0.01391,0.04047,3.053839299,-1.677660104,4.964298025
GlenAmple,KUMA,30,Edges,NDVI,2,0.00242,0.0118,0.02339,0.290620523,1.412968899,2.761768807
GlenAmple,KUMA,30,Edges,NDVI,3,-0.00776,0.00233,-0.00623,-0.864815708,0.26193284,-0.698531514
GlenAmple,KUMA,30,Edges,NDVI,4,-0.02206,0.01395,-0.00303,-2.449611405,1.587950247,-0.339518243
GlenAmple,KUMA,30,Edges,OSAVI,1,0.03465,0.0116,0.02429,6.001964279,1.895545631,3.895368697
GlenAmple,KUMA,30,Edges,OSAVI,2,0.0501,-0.03289,0.06534,8.430922807,-5.10444004,10.68605661
GlenAmple,KUMA,30,Edges,OSAVI,3,0.03399,0.00769,-0.04233,5.08048207,1.093850682,-5.956007435
GlenAmple,KUMA,30,Edges,OSAVI,4,0.04803,0.01112,-0.02532,7.464669871,1.608189037,-3.603854929
GlenAmple,KUMA,30,Edges,SIPI2,1,0.03092,0.00835,-0.00341,3.48802711,0.910199797,-0.368357547
GlenAmple,KUMA,30,Edges,SIPI2,2,0.02311,-0.00811,0.02086,2.558762405,-0.875544246,2.271907956
GlenAmple,KUMA,30,Edges,SIPI2,3,0.00767,0.01346,0.00518,0.849013893,1.477382114,0.560284079
GlenAmple,KUMA,30,Edges,SIPI2,4,-0.01852,0.00782,-0.00681,-1.974874731,0.850683321,-0.734563647
GlenAmple,KUMA,50,Bounded,GNDVI,1,0.04651,-0.03865,0.07102,6.885361907,-5.353178181,10.39290204
GlenAmple,KUMA,50,Bounded,GNDVI,2,0.02843,-0.0017,0.04889,3.995047995,-0.229710794,6.621422312
GlenAmple,KUMA,50,Bounded,GNDVI,3,0.01181,0.00023,0.00879,1.590634516,0.030492615,1.164992956
GlenAmple,KUMA,50,Bounded,GNDVI,4,-0.04656,0.01498,-0.01755,-5.787222618,1.97632891,-2.270519089
GlenAmple,KUMA,50,Bounded,LCI,1,-0.047,-0.02298,0.0945,-15.21326078,-8.772967958,39.5462021
GlenAmple,KUMA,50,Bounded,LCI,2,0.05699,0.05078,0.00603,24.25096063,17.39094698,1.759191997
GlenAmple,KUMA,50,Bounded,LCI,3,0.01775,0.01015,-0.05381,5.346852587,2.902313559,-14.95258023
GlenAmple,KUMA,50,Bounded,LCI,4,-0.05317,0.0038,0.10744,-13.84415496,1.148414433,32.1012516
GlenAmple,KUMA,50,Bounded,MCARI,1,-0.2483,0.32378,0.1319,-25.44237246,44.49782926,12.54504661
GlenAmple,KUMA,50,Bounded,MCARI,2,0.0399,-0.00687,0.22027,4.526832545,-0.745676541,24.08794006
GlenAmple,KUMA,50,Bounded,MCARI,3,0.17275,-0.56984,0.26335,17.35655847,-48.78554104,44.02292836
GlenAmple,KUMA,50,Bounded,MCARI,4,0.09887,-0.26386,0.00742,9.031524927,-22.10639993,0.798080305
GlenAmple,KUMA,50,Bounded,MCARI2,1,-0.07667,0.06088,0.08816,-10.70614175,9.520518061,12.58815349
GlenAmple,KUMA,50,Bounded,MCARI2,2,-0.10514,0.14479,0.04651,-15.20262699,24.68918972,6.360420162
GlenAmple,KUMA,50,Bounded,MCARI2,3,0.01995,-0.06405,0.00521,2.438931956,-7.643827475,0.673230122
GlenAmple,KUMA,50,Bounded,MCARI2,4,-0.04181,0.00707,0.00483,-4.86745187,0.865190581,0.586000769
GlenAmple,KUMA,50,Bounded,NDRE,1,-0.03607,-0.01558,0.06607,-17.72995611,-9.308661596,43.52695483
GlenAmple,KUMA,50,Bounded,NDRE,2,0.04022,0.03864,0.00189,27.18283872,20.53342261,0.83325618
GlenAmple,KUMA,50,Bounded,NDRE,3,0.01374,0.00963,-0.04078,6.394534395,4.212395729,-17.1171209
GlenAmple,KUMA,50,Bounded,NDRE,4,-0.04027,0.002,0.091,-15.7624246,0.929320527,41.8947475
GlenAmple,KUMA,50,Bounded,NDVI,1,0.00144,-0.01467,0.04291,0.170852757,-1.737593735,5.172365993
GlenAmple,KUMA,50,Bounded,NDVI,2,0.00719,0.01607,0.01061,0.84805637,1.879507983,1.218026797
GlenAmple,KUMA,50,Bounded,NDVI,3,-0.00449,-0.00676,-0.00588,-0.50288346,-0.76095191,-0.66696839
GlenAmple,KUMA,50,Bounded,NDVI,4,-0.01828,0.01119,-0.00378,-2.041589,1.27579378,-0.425536226
GlenAmple,KUMA,50,Bounded,OSAVI,1,-0.02145,0.01779,0.05076,-3.382315143,2.903394801,8.050485234
GlenAmple,KUMA,50,Bounded,OSAVI,2,-0.03861,0.05974,0.02995,-6.113423723,10.0750315,4.58869511
GlenAmple,KUMA,50,Bounded,OSAVI,3,0.01322,-0.027,0.00483,1.924641969,-3.856586407,0.717574331
GlenAmple,KUMA,50,Bounded,OSAVI,4,-0.02803,0.0042,-0.00141,-3.882481187,0.605247496,-0.201967826
GlenAmple,KUMA,50,Bounded,SIPI2,1,0.03518,-0.02067,0.02767,3.994908139,-2.257040558,3.091167661
GlenAmple,KUMA,50,Bounded,SIPI2,2,0.01693,-0.01098,0.02841,1.869270322,-1.190074905,3.11632412
GlenAmple,KUMA,50,Bounded,SIPI2,3,0.01103,0.00379,0.00932,1.221861461,0.414773828,1.015758424
GlenAmple,KUMA,50,Bounded,SIPI2,4,-0.02111,0.00383,-0.01013,-2.236889928,0.415126202,-1.093431746
GlenAmple,KUMA,50,Edges,GNDVI,1,0.04807,-0.03819,0.07054,7.344077758,-5.435440094,10.61676256
GlenAmple,KUMA,50,Edges,GNDVI,2,0.04738,-0.00243,0.04777,6.946287226,-0.333118109,6.570468516
GlenAmple,KUMA,50,Edges,GNDVI,3,0.00872,0.00319,0.01584,1.177835619,0.425866518,2.105680152
GlenAmple,KUMA,50,Edges,GNDVI,4,-0.04975,0.02007,-0.01681,-6.193118232,2.663354393,-2.172870529
GlenAmple,KUMA,50,Edges,LCI,1,-0.04908,-0.02464,0.08302,-15.78434494,-9.409572254,34.99690162
GlenAmple,KUMA,50,Edges,LCI,2,0.06638,0.05012,-0.00439,29.98586084,17.41783695,-1.299312459
GlenAmple,KUMA,50,Edges,LCI,3,0.00403,0.01709,-0.03406,1.200830748,5.031931714,-9.54807819
GlenAmple,KUMA,50,Edges,LCI,4,-0.06065,0.01584,0.11029,-15.82513809,4.910090173,32.5876593
GlenAmple,KUMA,50,Edges,MCARI,1,-0.20497,0.29708,0.14804,-24.54698202,47.1524869,15.9677108
GlenAmple,KUMA,50,Edges,MCARI,2,0.04268,0.00556,0.24103,5.339197944,0.660292548,28.43639358
GlenAmple,KUMA,50,Edges,MCARI,3,0.2433,-0.59205,0.20775,26.36709543,-50.77437243,36.19394729
GlenAmple,KUMA,50,Edges,MCARI,4,0.13657,-0.32147,-0.01142,12.9619664,-27.0099505,-1.314576256
GlenAmple,KUMA,50,Edges,MCARI2,1,-0.06035,0.06667,0.10447,-9.831856518,12.04579824,16.84616886
GlenAmple,KUMA,50,Edges,MCARI2,2,-0.08047,0.14948,0.06274,-13.05566056,27.89373212,9.154166138
GlenAmple,KUMA,50,Edges,MCARI2,3,0.06368,-0.08574,-0.02868,8.22451054,-10.23210188,-3.812759984
GlenAmple,KUMA,50,Edges,MCARI2,4,-0.02555,-0.02754,-0.00825,-3.032781339,-3.371236279,-1.045135937
GlenAmple,KUMA,50,Edges,NDRE,1,-0.03944,-0.01769,0.05656,-18.67326986,-10.29859522,36.70796529
GlenAmple,KUMA,50,Edges,NDRE,2,0.04491,0.03803,-0.00689,31.59761065,20.33244048,-3.061256226
GlenAmple,KUMA,50,Edges,NDRE,3,0.00223,0.01531,-0.02452,1.021993483,6.945484074,-10.40124543
GlenAmple,KUMA,50,Edges,NDRE,4,-0.04603,0.01178,0.09431,-18.07288047,5.645520725,42.78242251
GlenAmple,KUMA,50,Edges,NDVI,1,0.00405,-0.01101,0.04769,0.499660108,-1.35158194,5.934611015
GlenAmple,KUMA,50,Edges,NDVI,2,0.03839,0.01623,0.01097,4.77136831,1.925310298,1.276752742
GlenAmple,KUMA,50,Edges,NDVI,3,-0.00501,-0.00609,-0.00302,-0.560885146,-0.685640173,-0.34235278
GlenAmple,KUMA,50,Edges,NDVI,4,-0.01934,0.01207,-0.00397,-2.15809436,1.376563746,-0.446623939
GlenAmple,KUMA,50,Edges,OSAVI,1,-0.01429,0.02452,0.06304,-2.482579381,4.368266999,10.76059887
GlenAmple,KUMA,50,Edges,OSAVI,2,-0.02071,0.06636,0.03824,-3.547259395,11.78432344,6.074845786
GlenAmple,KUMA,50,Edges,OSAVI,3,0.03219,-0.03569,-0.01154,4.826152077,-5.104543745,-1.739285085
GlenAmple,KUMA,50,Edges,OSAVI,4,-0.02126,-0.00979,-0.00746,-2.97654466,-1.41271676,-1.091918776
GlenAmple,KUMA,50,Edges,SIPI2,1,0.03589,-0.02318,0.02493,4.059812382,-2.51978159,2.780066931
GlenAmple,KUMA,50,Edges,SIPI2,2,0.0112,-0.01161,0.02772,1.229538341,-1.259067509,3.044477711
GlenAmple,KUMA,50,Edges,SIPI2,3,0.00924,0.0054,0.01249,1.025617118,0.593301625,1.364190917
GlenAmple,KUMA,50,Edges,SIPI2,4,-0.02283,0.0069,-0.00955,-2.42243281,0.750317254,-1.030748691
GlenAmple,NATURAL,30,Bounded,GNDVI,1,0.07683,-0.00849,0.02691,11.50010253,-1.139733472,3.654159781
GlenAmple,NATURAL,30,Bounded,GNDVI,2,-0.00063,0.00546,0.03956,-0.084749069,0.735114932,5.287349255
GlenAmple,NATURAL,30,Bounded,GNDVI,3,0.01426,0.02131,-0.00925,1.910757188,2.801879139,-1.18305961
GlenAmple,NATURAL,30,Bounded,GNDVI,4,-0.02335,0.01279,-0.00181,-2.972057568,1.677814931,-0.233520967
GlenAmple,NATURAL,30,Bounded,LCI,1,-0.00968,0.03657,0.04897,-3.283125481,12.82433432,15.22079004
GlenAmple,NATURAL,30,Bounded,LCI,2,-0.02854,0.03274,0.00297,-8.291425899,10.37155773,0.852441513
GlenAmple,NATURAL,30,Bounded,LCI,3,-0.0475,0.0507,-0.09819,-11.37285981,13.69674277,-23.3307434
GlenAmple,NATURAL,30,Bounded,LCI,4,0.02358,0.10776,-0.00121,7.428854072,31.60200709,-0.269637282
GlenAmple,NATURAL,30,Bounded,MCARI,1,0.02421,0.11877,0.12824,2.807474073,13.39686042,12.75612466
GlenAmple,NATURAL,30,Bounded,MCARI,2,-0.04881,-0.08479,0.31071,-5.093017214,-9.322079553,37.67227509
GlenAmple,NATURAL,30,Bounded,MCARI,3,0.19277,-0.30615,0.10891,20.28195036,-26.77959905,13.01084376
GlenAmple,NATURAL,30,Bounded,MCARI,4,0.27781,-0.25067,-0.10051,31.44279666,-21.58434444,-11.03679554
GlenAmple,NATURAL,30,Bounded,MCARI2,1,0.0341,-0.00799,0.05968,4.821553049,-1.077776624,8.137985767
GlenAmple,NATURAL,30,Bounded,MCARI2,2,0.0042,-0.03171,0.06535,0.557760776,-4.187736311,9.007568563
GlenAmple,NATURAL,30,Bounded,MCARI2,3,0.03636,-0.00502,-0.04264,4.428254603,-0.585456195,-5.002164398
GlenAmple,NATURAL,30,Bounded,MCARI2,4,0.02186,0.0476,-0.07264,2.704839634,5.734656481,-8.276732742
GlenAmple,NATURAL,30,Bounded,NDRE,1,-0.01063,0.02886,0.03468,-5.466110628,15.69834803,16.30457779
GlenAmple,NATURAL,30,Bounded,NDRE,2,-0.02127,0.02385,-0.00056,-9.298320007,11.49502846,-0.24207737
GlenAmple,NATURAL,30,Bounded,NDRE,3,-0.04079,0.04338,-0.07816,-14.30871607,17.75823744,-27.17087127
GlenAmple,NATURAL,30,Bounded,NDRE,4,0.01789,0.08946,-0.00073,8.748123481,40.22644801,-0.23408615
GlenAmple,NATURAL,30,Bounded,NDVI,1,0.02166,-0.00385,0.02991,2.606432328,-0.451517039,3.523669612
GlenAmple,NATURAL,30,Bounded,NDVI,2,-0.01222,0.0194,0.00986,-1.409944145,2.270384011,1.128300077
GlenAmple,NATURAL,30,Bounded,NDVI,3,-0.00234,0.00142,-0.01099,-0.261183743,0.158911168,-1.227931589
GlenAmple,NATURAL,30,Bounded,NDVI,4,-0.00729,0.01349,0.0006,-0.81865868,1.527415927,0.066913429
GlenAmple,NATURAL,30,Bounded,OSAVI,1,0.03275,-0.00529,0.02917,5.226027692,-0.802218916,4.459351414
GlenAmple,NATURAL,30,Bounded,OSAVI,2,0.00354,-0.01487,0.03658,0.535098048,-2.23575066,5.625693023
GlenAmple,NATURAL,30,Bounded,OSAVI,3,0.02131,0.00272,-0.01998,3.100533827,0.383849531,-2.808818961
GlenAmple,NATURAL,30,Bounded,OSAVI,4,0.00626,0.02234,-0.03499,0.903787099,3.196446993,-4.851360364
GlenAmple,NATURAL,30,Bounded,SIPI2,1,0.04655,-0.00384,0.0017,5.283462592,-0.413971093,0.184030285
GlenAmple,NATURAL,30,Bounded,SIPI2,2,0.00699,-0.00781,0.02254,0.761835424,-0.844770911,2.458816997
GlenAmple,NATURAL,30,Bounded,SIPI2,3,0.01172,0.01355,-0.00029,1.297377239,1.480743235,-0.031228766
GlenAmple,NATURAL,30,Bounded,SIPI2,4,-0.01153,0.00089,-0.00179,-1.23495005,0.096517664,-0.193932618
GlenAmple,NATURAL,30,Edges,GNDVI,1,0.06939,-0.00337,0.02744,10.53692936,-0.462955967,3.787120753
GlenAmple,NATURAL,30,Edges,GNDVI,2,0.003,-0.00159,0.0403,0.405667993,-0.214135358,5.439102966
GlenAmple,NATURAL,30,Edges,GNDVI,3,0.01176,0.02606,-0.00535,1.584476442,3.456412202,-0.68587897
GlenAmple,NATURAL,30,Edges,GNDVI,4,-0.02604,0.01588,-0.00253,-3.322695773,2.095924167,-0.327067344
GlenAmple,NATURAL,30,Edges,LCI,1,-0.02493,0.03633,0.04563,-8.209001913,13.03266956,14.48153073
GlenAmple,NATURAL,30,Edges,LCI,2,-0.02239,0.02403,-0.00375,-6.486076228,7.443984251,-1.081187057
GlenAmple,NATURAL,30,Edges,LCI,3,-0.05445,0.058,-0.08874,-13.05188875,15.98981063,-21.09186155
GlenAmple,NATURAL,30,Edges,LCI,4,0.01872,0.11253,0.0037,5.920097656,33.59796495,0.826887706
GlenAmple,NATURAL,30,Edges,MCARI,1,0.05691,0.14084,0.14022,7.572541918,17.42118472,14.77117945
GlenAmple,NATURAL,30,Edges,MCARI,2,-0.07878,-0.05309,0.33444,-8.665513172,-6.393758709,43.02857121
GlenAmple,NATURAL,30,Edges,MCARI,3,0.21352,-0.32044,0.07225,23.44104224,-28.49872955,8.986754333
GlenAmple,NATURAL,30,Edges,MCARI,4,0.29231,-0.26426,-0.12516,34.09733798,-22.98730592,-14.13708545
GlenAmple,NATURAL,30,Edges,MCARI2,1,0.05564,0.01033,0.07253,8.881354742,1.514394074,10.47438736
GlenAmple,NATURAL,30,Edges,MCARI2,2,-0.00519,-0.01587,0.08586,-0.728890612,-2.245169067,12.425812
GlenAmple,NATURAL,30,Edges,MCARI2,3,0.05421,-0.01499,-0.0608,6.812004509,-1.76350659,-7.281254004
GlenAmple,NATURAL,30,Edges,MCARI2,4,0.03428,0.04013,-0.10161,4.330628585,4.859230055,-11.73351378
GlenAmple,NATURAL,30,Edges,NDRE,1,-0.02311,0.02773,0.03131,-11.29129188,15.27310381,14.96003173
GlenAmple,NATURAL,30,Edges,NDRE,2,-0.01746,0.01766,-0.00662,-7.554484448,8.265429816,-2.861824045
GlenAmple,NATURAL,30,Edges,NDRE,3,-0.04658,0.04922,-0.07037,-16.34437579,20.64502057,-24.46537404
GlenAmple,NATURAL,30,Edges,NDRE,4,0.01387,0.09302,0.00466,6.805658461,42.73421815,1.49988252
GlenAmple,NATURAL,30,Edges,NDVI,1,0.01686,0.00504,0.03449,2.074308472,0.60747703,4.132018531
GlenAmple,NATURAL,30,Edges,NDVI,2,-0.00618,0.01498,0.01141,-0.7194655,1.756585142,1.314863023
GlenAmple,NATURAL,30,Edges,NDVI,3,-0.0032,0.00342,-0.00946,-0.357313937,0.383248671,-1.056049904
GlenAmple,NATURAL,30,Edges,NDVI,4,-0.00823,0.01465,-0.00149,-0.924012076,1.660148835,-0.166090552
GlenAmple,NATURAL,30,Edges,OSAVI,1,0.04491,0.00467,0.03667,7.704302984,0.743830744,5.797619292
GlenAmple,NATURAL,30,Edges,OSAVI,2,0.00095,-0.00936,0.04747,0.148196449,-1.457964364,7.503584238
GlenAmple,NATURAL,30,Edges,OSAVI,3,0.02898,-0.00135,-0.02784,4.291801001,-0.191701185,-3.960897519
GlenAmple,NATURAL,30,Edges,OSAVI,4,0.01133,0.01925,-0.04852,1.654132923,2.764688394,-6.780978043
GlenAmple,NATURAL,30,Edges,SIPI2,1,0.04441,-0.00575,-0.00076,5.017336417,-0.618584871,-0.082269691
GlenAmple,NATURAL,30,Edges,SIPI2,2,0.00599,-0.01016,0.0223,0.651582017,-1.098032943,2.436809593
GlenAmple,NATURAL,30,Edges,SIPI2,3,0.01055,0.01568,0.0014,1.171439961,1.720900268,0.151052349
GlenAmple,NATURAL,30,Edges,SIPI2,4,-0.0129,0.00242,-0.00107,-1.383895957,0.263257804,-0.116093487
GlenAmple,NATURAL,50,Bounded,GNDVI,1,0.02926,-0.04051,0.08396,4.310097206,-5.720692923,12.57599746
GlenAmple,NATURAL,50,Bounded,GNDVI,2,0.01592,-0.00421,0.04747,2.182493169,-0.564826976,6.404902645
GlenAmple,NATURAL,50,Bounded,GNDVI,3,0.01694,0.01634,-0.00754,2.287516829,2.157149816,-0.974385549
GlenAmple,NATURAL,50,Bounded,GNDVI,4,-0.05172,0.01644,-0.01736,-6.386833146,2.168662302,-2.24141426
GlenAmple,NATURAL,50,Bounded,LCI,1,-0.05067,-0.03666,0.10639,-16.34141858,-14.13255924,47.76399495
GlenAmple,NATURAL,50,Bounded,LCI,2,0.02211,0.03861,0.00228,7.875025377,12.74800162,0.6676799
GlenAmple,NATURAL,50,Bounded,LCI,3,0.02197,0.05556,-0.10208,6.751461997,15.99396628,-25.33373372
GlenAmple,NATURAL,50,Bounded,LCI,4,-0.09569,0.08019,0.03613,-23.00124273,25.03348099,9.020750473
GlenAmple,NATURAL,50,Bounded,MCARI,1,-0.13859,0.29041,0.07012,-15.05200702,37.12965911,6.537623501
GlenAmple,NATURAL,50,Bounded,MCARI,2,-0.01331,-0.05306,0.23887,-1.396875239,-5.647498592,26.94617196
GlenAmple,NATURAL,50,Bounded,MCARI,3,0.18968,-0.4541,0.1266,19.17487776,-38.51925242,17.46710431
GlenAmple,NATURAL,50,Bounded,MCARI,4,0.13836,-0.1761,-0.15394,12.98787854,-14.63036519,-14.98110574
GlenAmple,NATURAL,50,Bounded,MCARI2,1,-0.02108,0.02988,0.07443,-3.036497023,4.438891703,10.58716596
GlenAmple,NATURAL,50,Bounded,MCARI2,2,-0.13352,0.12325,0.05654,-18.29264116,20.66597249,7.856695213
GlenAmple,NATURAL,50,Bounded,MCARI2,3,0.0321,-0.0134,-0.0521,3.947460651,-1.585271643,-6.262915008
GlenAmple,NATURAL,50,Bounded,MCARI2,4,-0.03727,0.03016,-0.04398,-4.325517536,3.658591321,-5.146743029
GlenAmple,NATURAL,50,Bounded,NDRE,1,-0.03877,-0.02454,0.07354,-18.99363613,-14.84115609,52.22603348
GlenAmple,NATURAL,50,Bounded,NDRE,2,0.01586,0.02959,-0.0011,8.807147895,15.10148463,-0.487737828
GlenAmple,NATURAL,50,Bounded,NDRE,3,0.01623,0.04784,-0.08106,7.735533409,21.16430205,-29.59679569
GlenAmple,NATURAL,50,Bounded,NDRE,4,-0.07451,0.06402,0.03175,-26.51780725,31.00677577,11.73791365
GlenAmple,NATURAL,50,Bounded,NDVI,1,0.0016,-0.02642,0.05202,0.18925706,-3.119203883,6.33933348
GlenAmple,NATURAL,50,Bounded,NDVI,2,0.00121,0.01232,0.01194,0.14113898,1.435026051,1.371088408
GlenAmple,NATURAL,50,Bounded,NDVI,3,-0.00098,-0.00877,-0.00089,-0.10987397,-0.984341451,-0.100886326
GlenAmple,NATURAL,50,Bounded,NDVI,4,-0.02289,0.0106,-5.00E-05,-2.536510121,1.205187765,-0.005617151
GlenAmple,NATURAL,50,Bounded,OSAVI,1,-0.00163,0.00386,0.04833,-0.260645281,0.618846605,7.700752548
GlenAmple,NATURAL,50,Bounded,OSAVI,2,-0.05245,0.04974,0.03369,-8.054472497,8.307431761,5.195217747
GlenAmple,NATURAL,50,Bounded,OSAVI,3,0.01897,9.00E-05,-0.02558,2.770350098,0.012789159,-3.634498466
GlenAmple,NATURAL,50,Bounded,OSAVI,4,-0.02561,0.01597,-0.02492,-3.5450243,2.291869675,-3.496165021
GlenAmple,NATURAL,50,Bounded,SIPI2,1,0.02205,-0.01559,0.03267,2.501103094,-1.725204474,3.678759919
GlenAmple,NATURAL,50,Bounded,SIPI2,2,0.01094,-0.01048,0.02656,1.197826394,-1.13387885,2.906604537
GlenAmple,NATURAL,50,Bounded,SIPI2,3,0.01268,0.01601,-0.00488,1.406012812,1.750643233,-0.524431749
GlenAmple,NATURAL,50,Bounded,SIPI2,4,-0.02188,0.00516,-0.01209,-2.319858434,0.560089701,-1.304994058
GlenAmple,NATURAL,50,Edges,GNDVI,1,0.02766,-0.03483,0.07982,4.146298686,-5.013234767,12.09520389
GlenAmple,NATURAL,50,Edges,GNDVI,2,0.013,-0.00555,0.04462,1.785736362,-0.748996951,6.067108034
GlenAmple,NATURAL,50,Edges,GNDVI,3,0.01519,0.02037,-0.00313,2.064276599,2.712235417,-0.405749983
GlenAmple,NATURAL,50,Edges,GNDVI,4,-0.05499,0.02083,-0.01831,-6.806948311,2.766778994,-2.366577872
GlenAmple,NATURAL,50,Edges,LCI,1,-0.05577,-0.03161,0.09413,-17.74978437,-12.23150473,41.49968477
GlenAmple,NATURAL,50,Edges,LCI,2,0.01217,0.0339,-0.00228,4.184273047,11.18734345,-0.6767165
GlenAmple,NATURAL,50,Edges,LCI,3,0.0163,0.06276,-0.08979,5.043613331,18.48704346,-22.32243854
GlenAmple,NATURAL,50,Edges,LCI,4,-0.10166,0.08828,0.03771,-24.45919578,28.1172465,9.37474363
GlenAmple,NATURAL,50,Edges,MCARI,1,-0.10969,0.26158,0.10511,-13.23015206,36.36080573,10.71478449
GlenAmple,NATURAL,50,Edges,MCARI,2,0.02324,-0.02375,0.23491,2.699967819,-2.686678937,27.30746384
GlenAmple,NATURAL,50,Edges,MCARI,3,0.21168,-0.46535,0.0961,22.28560058,-40.06350239,13.80388146
GlenAmple,NATURAL,50,Edges,MCARI,4,0.16968,-0.22189,-0.15415,16.60889899,-18.62585526,-15.90140817
GlenAmple,NATURAL,50,Edges,MCARI2,1,-0.00665,0.0365,0.08884,-1.062095026,5.892124087,13.54328164
GlenAmple,NATURAL,50,Edges,MCARI2,2,-0.10758,0.13788,0.05636,-16.02154077,24.45153407,8.031109863
GlenAmple,NATURAL,50,Edges,MCARI2,3,0.04705,-0.02142,-0.07817,5.945603728,-2.554893838,-9.568271089
GlenAmple,NATURAL,50,Edges,MCARI2,4,-0.02633,0.00865,-0.05828,-3.111222972,1.054928222,-7.033457195
GlenAmple,NATURAL,50,Edges,NDRE,1,-0.04393,-0.02207,0.06454,-20.83165387,-13.21944762,44.54690401
GlenAmple,NATURAL,50,Edges,NDRE,2,0.00747,0.02565,-0.00441,3.944221214,13.02949797,-1.981924489
GlenAmple,NATURAL,50,Edges,NDRE,3,0.01159,0.05344,-0.07091,5.561660532,24.29300712,-25.93436495
GlenAmple,NATURAL,50,Edges,NDRE,4,-0.07892,0.07047,0.03387,-28.12033451,34.93265785,12.44301086
GlenAmple,NATURAL,50,Edges,NDVI,1,0.0005,-0.01807,0.05281,0.060480627,-2.184448708,6.526674585
GlenAmple,NATURAL,50,Edges,NDVI,2,0.00518,0.01275,0.0097,0.610596322,1.493794601,1.119729049
GlenAmple,NATURAL,50,Edges,NDVI,3,-0.00167,-0.00743,0.00071,-0.187370762,-0.835196507,0.08048235
GlenAmple,NATURAL,50,Edges,NDVI,4,-0.02439,0.01209,-0.00168,-2.701831463,1.376474245,-0.188674795
GlenAmple,NATURAL,50,Edges,OSAVI,1,0.00688,0.01039,0.05508,1.171340964,1.748448862,9.109688388
GlenAmple,NATURAL,50,Edges,OSAVI,2,-0.04117,0.05829,0.03326,-6.609290894,10.01992296,5.196623289
GlenAmple,NATURAL,50,Edges,OSAVI,3,0.02516,-0.00311,-0.03737,3.73060744,-0.44455181,-5.365621828
GlenAmple,NATURAL,50,Edges,OSAVI,4,-0.02079,0.00709,-0.03156,-2.90890876,1.021744864,-4.502133378
GlenAmple,NATURAL,50,Edges,SIPI2,1,0.02242,-0.01655,0.02899,2.53717206,-1.826547516,3.259020765
GlenAmple,NATURAL,50,Edges,SIPI2,2,0.00643,-0.01179,0.02614,0.700686847,-1.275834568,2.865250994
GlenAmple,NATURAL,50,Edges,SIPI2,3,0.01198,0.01803,-0.00279,1.332931303,1.979684897,-0.300393742
GlenAmple,NATURAL,50,Edges,SIPI2,4,-0.02347,0.00742,-0.01182,-2.49224558,0.808057928,-1.276911559
GlenAmple,VALKIRIA,30,Bounded,GNDVI,1,0.08087,-0.01053,0.02429,12.30390509,-1.426556715,3.338322263
GlenAmple,VALKIRIA,30,Bounded,GNDVI,2,0.02562,0.00875,0.04027,3.617310568,1.192291393,5.422612307
GlenAmple,VALKIRIA,30,Bounded,GNDVI,3,0.01425,0.02476,-0.01128,1.936007152,3.30000893,-1.455369319
GlenAmple,VALKIRIA,30,Bounded,GNDVI,4,-0.03583,0.01602,-0.00656,-4.55076009,2.131705324,-0.854688605
GlenAmple,VALKIRIA,30,Bounded,LCI,1,-0.01937,0.03437,0.03789,-6.562742461,12.4627875,12.21662996
GlenAmple,VALKIRIA,30,Bounded,LCI,2,-0.03763,0.08695,0.01001,-12.77754575,33.84967552,2.911398664
GlenAmple,VALKIRIA,30,Bounded,LCI,3,-0.05733,0.05501,-0.10594,-13.66232863,15.18392673,-25.38695091
GlenAmple,VALKIRIA,30,Bounded,LCI,4,0.00283,0.1087,0.0353,0.853692749,32.51268952,7.967839722
GlenAmple,VALKIRIA,30,Bounded,MCARI,1,0.14011,0.02225,0.06169,15.53978889,2.135868089,5.798035867
GlenAmple,VALKIRIA,30,Bounded,MCARI,2,0.03043,-0.15113,0.31106,3.178828148,-15.30118933,37.18273763
GlenAmple,VALKIRIA,30,Bounded,MCARI,3,0.17809,-0.25997,0.07255,18.71694004,-23.01472847,8.342810751
GlenAmple,VALKIRIA,30,Bounded,MCARI,4,0.27358,-0.21956,0.03293,31.66101718,-19.2990768,3.586712282
GlenAmple,VALKIRIA,30,Bounded,MCARI2,1,0.07825,-0.04664,0.03465,10.89725111,-5.856934578,4.621965876
GlenAmple,VALKIRIA,30,Bounded,MCARI2,2,0.02786,-0.04524,0.05916,3.738087028,-5.851303933,8.127255568
GlenAmple,VALKIRIA,30,Bounded,MCARI2,3,0.02676,0.01473,-0.05571,3.287747979,1.752130093,-6.512582693
GlenAmple,VALKIRIA,30,Bounded,MCARI2,4,0.01596,0.0574,-0.01971,2.008808044,7.082388912,-2.271101017
GlenAmple,VALKIRIA,30,Bounded,NDRE,1,-0.01866,0.02739,0.02557,-9.531544509,15.46487796,12.50360634
GlenAmple,VALKIRIA,30,Bounded,NDRE,2,-0.0276,0.06414,0.00539,-14.39366679,39.07377963,2.361021678
GlenAmple,VALKIRIA,30,Bounded,NDRE,3,-0.04856,0.04617,-0.08385,-16.85637026,19.27597163,-29.34989202
GlenAmple,VALKIRIA,30,Bounded,NDRE,4,0.00294,0.0898,0.03288,1.36167217,41.03248329,10.65280851
GlenAmple,VALKIRIA,30,Bounded,NDVI,1,0.0347,-0.01172,0.02966,4.235989799,-1.372572672,3.521933715
GlenAmple,VALKIRIA,30,Bounded,NDVI,2,-0.00854,0.02921,0.00792,-1.005509107,3.474150819,0.910354245
GlenAmple,VALKIRIA,30,Bounded,NDVI,3,-0.00413,0.00419,-0.01286,-0.465283434,0.474249605,-1.448702307
GlenAmple,VALKIRIA,30,Bounded,NDVI,4,-0.0125,0.01409,0.00054,-1.412316074,1.614768311,0.060902645
GlenAmple,VALKIRIA,30,Bounded,OSAVI,1,0.05322,-0.02268,0.01869,8.47572347,-3.32975595,2.838480008
GlenAmple,VALKIRIA,30,Bounded,OSAVI,2,0.01929,-0.02018,0.03414,2.962765002,-3.010273416,5.250764775
GlenAmple,VALKIRIA,30,Bounded,OSAVI,3,0.01701,0.01253,-0.02697,2.490443053,1.789946302,-3.784992232
GlenAmple,VALKIRIA,30,Bounded,OSAVI,4,0.00157,0.02792,-0.01161,0.228479621,4.053891198,-1.620058021
GlenAmple,VALKIRIA,30,Bounded,SIPI2,1,0.04176,-0.00045,1.00E-05,4.744316988,-0.048808477,0.001085162
GlenAmple,VALKIRIA,30,Bounded,SIPI2,2,0.02468,-0.01145,0.02435,2.736684996,-1.235832449,2.661053865
GlenAmple,VALKIRIA,30,Bounded,SIPI2,3,0.01293,0.01467,-0.00059,1.435612289,1.60575137,-0.06355971
GlenAmple,VALKIRIA,30,Bounded,SIPI2,4,-0.01735,0.00278,-0.00506,-1.849658479,0.301956964,-0.547950546
GlenAmple,VALKIRIA,30,Edges,GNDVI,1,0.07733,-0.01329,0.02243,11.80428667,-1.814505394,3.118998917
GlenAmple,VALKIRIA,30,Edges,GNDVI,2,0.02327,0.00437,0.03475,3.27856842,0.596154869,4.712497
GlenAmple,VALKIRIA,30,Edges,GNDVI,3,0.00932,0.03122,-0.0061,1.266887874,4.190710904,-0.785878915
GlenAmple,VALKIRIA,30,Edges,GNDVI,4,-0.04359,0.02213,-0.00721,-5.509694104,2.960293541,-0.936739549
GlenAmple,VALKIRIA,30,Edges,LCI,1,-0.02347,0.0256,0.0317,-7.654900017,9.041750992,10.26783834
GlenAmple,VALKIRIA,30,Edges,LCI,2,-0.04185,0.08072,-0.00241,-13.62211568,30.41779245,-0.696348648
GlenAmple,VALKIRIA,30,Edges,LCI,3,-0.07012,0.06715,-0.09291,-16.49412755,18.91543967,-22.00871252
GlenAmple,VALKIRIA,30,Edges,LCI,4,-0.01238,0.11982,0.04077,-3.63315148,36.48921494,9.096568204
GlenAmple,VALKIRIA,30,Edges,MCARI,1,0.14505,0.05872,0.08069,18.6133115,6.352702657,8.208119416
GlenAmple,VALKIRIA,30,Edges,MCARI,2,0.03888,-0.11731,0.33287,4.561608108,-13.16298834,43.01196148
GlenAmple,VALKIRIA,30,Edges,MCARI,3,0.21481,-0.29435,0.03794,24.23285927,-26.7286931,4.701939891
GlenAmple,VALKIRIA,30,Edges,MCARI,4,0.30518,-0.2554,-0.00475,37.48214507,-22.81618144,-0.549780609
GlenAmple,VALKIRIA,30,Edges,MCARI2,1,0.08788,-0.02676,0.04822,13.7522867,-3.681381646,6.887184153
GlenAmple,VALKIRIA,30,Edges,MCARI2,2,0.04541,-0.03668,0.07661,6.71655147,-5.083846038,11.18686489
GlenAmple,VALKIRIA,30,Edges,MCARI2,3,0.06053,-0.00927,-0.07847,7.84086655,-1.113498801,-9.531838186
GlenAmple,VALKIRIA,30,Edges,MCARI2,4,0.04204,0.03422,-0.05339,5.503475018,4.246073747,-6.354885668
GlenAmple,VALKIRIA,30,Edges,NDRE,1,-0.02266,0.02049,0.02031,-10.93729637,11.10442714,9.90678549
GlenAmple,VALKIRIA,30,Edges,NDRE,2,-0.03184,0.0599,-0.00451,-15.66381825,34.94117167,-1.949587388
GlenAmple,VALKIRIA,30,Edges,NDRE,3,-0.05978,0.05657,-0.07352,-20.39082993,24.23829539,-25.35513397
GlenAmple,VALKIRIA,30,Edges,NDRE,4,-0.00932,0.09928,0.03981,-4.175982723,46.42267641,12.71312284
GlenAmple,VALKIRIA,30,Edges,NDVI,1,0.03209,-0.01195,0.03243,3.967159976,-1.42095957,3.911795819
GlenAmple,VALKIRIA,30,Edges,NDVI,2,-0.00763,0.0276,0.00438,-0.904359534,3.30119453,0.507143428
GlenAmple,VALKIRIA,30,Edges,NDVI,3,-0.00551,0.00635,-0.01,-0.61907956,0.717902684,-1.122496972
GlenAmple,VALKIRIA,30,Edges,NDVI,4,-0.01665,0.0158,-0.00322,-1.870364109,1.808709509,-0.362061773
GlenAmple,VALKIRIA,30,Edges,OSAVI,1,0.0587,-0.01365,0.02578,9.967719532,-2.107779327,4.066560349
GlenAmple,VALKIRIA,30,Edges,OSAVI,2,0.02857,-0.01741,0.0426,4.622670664,-2.692499818,6.770491465
GlenAmple,VALKIRIA,30,Edges,OSAVI,3,0.03266,0.00182,-0.03754,4.927275169,0.261681867,-5.383460415
GlenAmple,VALKIRIA,30,Edges,OSAVI,4,0.01283,0.01823,-0.02762,1.905706872,2.65715939,-3.92161874
GlenAmple,VALKIRIA,30,Edges,SIPI2,1,0.04099,-0.00232,-0.00326,4.632837197,-0.250604638,-0.353027427
GlenAmple,VALKIRIA,30,Edges,SIPI2,2,0.0225,-0.01346,0.02263,2.483358737,-1.449601575,2.473032147
GlenAmple,VALKIRIA,30,Edges,SIPI2,3,0.01026,0.01781,0.0012,1.141266806,1.958733521,0.129439924
GlenAmple,VALKIRIA,30,Edges,SIPI2,4,-0.02021,0.00606,-0.00334,-2.155754029,0.660648155,-0.361729848
GlenAmple,VALKIRIA,50,Bounded,GNDVI,1,0.03862,-0.04075,0.08122,5.76055941,-5.747199386,12.15338827
GlenAmple,VALKIRIA,50,Bounded,GNDVI,2,0.03485,-0.00051,0.04995,4.980912457,-0.069433005,6.805075128
GlenAmple,VALKIRIA,50,Bounded,GNDVI,3,0.01333,0.00151,0.00816,1.813923804,0.201817426,1.088419404
GlenAmple,VALKIRIA,50,Bounded,GNDVI,4,-0.04867,0.01258,-0.02069,-6.093720851,1.677286369,-2.713083251
GlenAmple,VALKIRIA,50,Bounded,LCI,1,-0.055,-0.01591,0.09413,-18.23178231,-6.449886691,40.79112155
GlenAmple,VALKIRIA,50,Bounded,LCI,2,0.07933,0.03753,0.00681,36.40310021,12.62569344,2.034165619
GlenAmple,VALKIRIA,50,Bounded,LCI,3,0.0191,0.02186,-0.0657,5.951991424,6.429392855,-18.15614283
GlenAmple,VALKIRIA,50,Bounded,LCI,4,-0.07882,0.01061,0.10583,-19.61179494,3.284006178,31.71496984
GlenAmple,VALKIRIA,50,Bounded,MCARI,1,-0.21204,0.2593,0.14587,-21.99423072,34.4799616,14.42356657
GlenAmple,VALKIRIA,50,Bounded,MCARI,2,0.02255,-0.05175,0.21038,2.426137299,-5.43586156,23.36877861
GlenAmple,VALKIRIA,50,Bounded,MCARI,3,0.17422,-0.48664,0.17891,17.51340245,-41.6287069,26.21925931
GlenAmple,VALKIRIA,50,Bounded,MCARI,4,0.11375,-0.25089,0.04117,10.71585692,-21.34759853,4.453839422
GlenAmple,VALKIRIA,50,Bounded,MCARI2,1,-0.06118,0.03094,0.09588,-8.594978161,4.75538362,14.06749994
GlenAmple,VALKIRIA,50,Bounded,MCARI2,2,-0.11349,0.13043,0.04232,-16.07527575,22.01346496,5.853947334
GlenAmple,VALKIRIA,50,Bounded,MCARI2,3,0.02264,-0.02984,-0.02517,2.799551379,-3.589381493,-3.140357903
GlenAmple,VALKIRIA,50,Bounded,MCARI2,4,-0.04093,0.00642,0.0194,-4.836112158,0.797108557,2.389659917
GlenAmple,VALKIRIA,50,Bounded,NDRE,1,-0.04134,-0.00997,0.06478,-20.87341139,-6.362029468,44.14580792
GlenAmple,VALKIRIA,50,Bounded,NDRE,2,0.05681,0.0277,0.00255,41.67063984,14.34185388,1.154676894
GlenAmple,VALKIRIA,50,Bounded,NDRE,3,0.01452,0.02002,-0.05148,7.016153582,9.039558227,-21.31756463
GlenAmple,VALKIRIA,50,Bounded,NDRE,4,-0.06091,0.0074,0.08973,-22.48505857,3.524128374,41.27775657
GlenAmple,VALKIRIA,50,Bounded,NDVI,1,-0.00307,-0.01545,0.04745,-0.365267032,-1.844972182,5.772779974
GlenAmple,VALKIRIA,50,Bounded,NDVI,2,0.00841,0.02229,0.01066,1.005342301,2.638054018,1.229199602
GlenAmple,VALKIRIA,50,Bounded,NDVI,3,-0.00322,-0.01383,0.00448,-0.363541527,-1.567119277,0.515724414
GlenAmple,VALKIRIA,50,Bounded,NDVI,4,-0.02104,0.00913,-0.00258,-2.359270734,1.048508144,-0.293218137
GlenAmple,VALKIRIA,50,Bounded,OSAVI,1,-0.01639,0.00428,0.05655,-2.59729558,0.696330113,9.136721218
GlenAmple,VALKIRIA,50,Bounded,OSAVI,2,-0.04016,0.05357,0.02839,-6.323602816,9.004556908,4.377855668
GlenAmple,VALKIRIA,50,Bounded,OSAVI,3,0.01428,-0.01085,-0.01,2.092488581,-1.557294814,-1.45800012
GlenAmple,VALKIRIA,50,Bounded,OSAVI,4,-0.02739,0.00404,0.00396,-3.830978193,0.587575683,0.572576203
GlenAmple,VALKIRIA,50,Bounded,SIPI2,1,0.03219,-0.0224,0.03321,3.665531365,-2.46053532,3.739987004
GlenAmple,VALKIRIA,50,Bounded,SIPI2,2,0.02114,-0.01398,0.02927,2.339605853,-1.511823694,3.2139018
GlenAmple,VALKIRIA,50,Bounded,SIPI2,3,0.0115,0.0088,0.00298,1.275961659,0.964086676,0.323357361
GlenAmple,VALKIRIA,50,Bounded,SIPI2,4,-0.02131,0.00347,-0.01324,-2.262421821,0.376927681,-1.432790338
GlenAmple,VALKIRIA,50,Edges,GNDVI,1,0.04659,-0.04371,0.07832,7.088076848,-6.209768274,11.86341322
GlenAmple,VALKIRIA,50,Edges,GNDVI,2,0.03598,-0.00685,0.04362,5.155237409,-0.933355679,5.999496603
GlenAmple,VALKIRIA,50,Edges,GNDVI,3,0.00769,0.00758,0.01659,1.047582591,1.021892496,2.21394532
GlenAmple,VALKIRIA,50,Edges,GNDVI,4,-0.05488,0.01961,-0.01993,-6.860934802,2.632175901,-2.606520093
GlenAmple,VALKIRIA,50,Edges,LCI,1,-0.04688,-0.01951,0.07986,-15.39770283,-7.574316429,33.54461484
GlenAmple,VALKIRIA,50,Edges,LCI,2,0.07565,0.02964,-0.00441,33.18986886,9.76345687,-1.323446001
GlenAmple,VALKIRIA,50,Edges,LCI,3,0.00625,0.03294,-0.03559,1.916936827,9.912997945,-9.744517853
GlenAmple,VALKIRIA,50,Edges,LCI,4,-0.09109,0.02648,0.10634,-22.40830896,8.395395214,31.10348035
GlenAmple,VALKIRIA,50,Edges,MCARI,1,-0.20811,0.25127,0.18021,-24.18755906,38.52115084,19.94441991
GlenAmple,VALKIRIA,50,Edges,MCARI,2,0.0369,-0.01454,0.21435,4.4764658,-1.688320284,25.31679956
GlenAmple,VALKIRIA,50,Edges,MCARI,3,0.20811,-0.50494,0.10847,22.52684744,-44.60833206,17.29981292
GlenAmple,VALKIRIA,50,Edges,MCARI,4,0.16165,-0.30441,0.01965,16.16417563,-26.20381664,2.292103848
GlenAmple,VALKIRIA,50,Edges,MCARI2,1,-0.06227,0.0387,0.12344,-9.790403298,6.744968724,20.15475271
GlenAmple,VALKIRIA,50,Edges,MCARI2,2,-0.09328,0.14232,0.04544,-14.60578626,26.09599704,6.607618829
GlenAmple,VALKIRIA,50,Edges,MCARI2,3,0.05028,-0.05314,-0.07979,6.540394219,-6.488075689,-10.41779551
GlenAmple,VALKIRIA,50,Edges,MCARI2,4,-0.02239,-0.02832,0.0099,-2.715450172,-3.530507348,1.279349109
GlenAmple,VALKIRIA,50,Edges,NDRE,1,-0.03713,-0.01298,0.05356,-18.18306473,-7.769152037,34.75868156
GlenAmple,VALKIRIA,50,Edges,NDRE,2,0.05341,0.02213,-0.00581,36.7657688,11.13845813,-2.631209496
GlenAmple,VALKIRIA,50,Edges,NDRE,3,0.00405,0.02898,-0.02606,1.916062279,13.45272745,-10.66280416
GlenAmple,VALKIRIA,50,Edges,NDRE,4,-0.07046,0.02031,0.09118,-25.68149263,9.96071623,40.66705023
GlenAmple,VALKIRIA,50,Edges,NDVI,1,0.00613,-0.0157,0.0506,0.750442859,-1.907698963,6.267953786
GlenAmple,VALKIRIA,50,Edges,NDVI,2,0.01648,0.01709,0.00563,1.995179124,2.028556473,0.65498551
GlenAmple,VALKIRIA,50,Edges,NDVI,3,-0.0056,-0.01157,0.00563,-0.63062992,-1.31119525,0.646508909
GlenAmple,VALKIRIA,50,Edges,NDVI,4,-0.02459,0.01118,-0.00248,-2.746071577,1.283772223,-0.281162881
GlenAmple,VALKIRIA,50,Edges,OSAVI,1,-0.01617,0.00789,0.07327,-2.738306314,1.373748348,12.58435226
GlenAmple,VALKIRIA,50,Edges,OSAVI,2,-0.03103,0.06106,0.029,-5.156018152,10.69743566,4.589689658
GlenAmple,VALKIRIA,50,Edges,OSAVI,3,0.02626,-0.02014,-0.03831,3.955885698,-2.918497973,-5.71841401
GlenAmple,VALKIRIA,50,Edges,OSAVI,4,-0.01951,-0.0103,-0.00036,-2.768628642,-1.503274365,-0.053343528
GlenAmple,VALKIRIA,50,Edges,SIPI2,1,0.03349,-0.02493,0.02927,3.796230068,-2.722563862,3.285991259
GlenAmple,VALKIRIA,50,Edges,SIPI2,2,0.01708,-0.01549,0.02817,1.879895791,-1.673434949,3.095090815
GlenAmple,VALKIRIA,50,Edges,SIPI2,3,0.00892,0.01163,0.00807,0.991826328,1.280454842,0.877268315
GlenAmple,VALKIRIA,50,Edges,SIPI2,4,-0.02363,0.00718,-0.01274,-2.512223568,0.783012767,-1.378562594
Husaria,CONTROL,30,Bounded,GNDVI,1,0.02562,-0.00959,0.04353,3.524890931,-1.274501595,5.859777267
Husaria,CONTROL,30,Bounded,GNDVI,2,-0.01167,-0.02652,0.01988,-1.481112954,-3.41642072,2.651617714
Husaria,CONTROL,30,Bounded,GNDVI,3,-0.00334,-0.0045,0.01419,-0.41778148,-0.565240711,1.792524453
Husaria,CONTROL,30,Bounded,GNDVI,4,0.00604,-0.01294,0.02927,0.752534509,-1.600176094,3.678424976
Husaria,CONTROL,30,Bounded,LCI,1,0.06898,-0.01432,-0.04816,23.36554649,-3.93189475,-13.76467999
Husaria,CONTROL,30,Bounded,LCI,2,-0.07452,-0.00071,0.0403,-17.05610525,-0.19592098,11.14241555
Husaria,CONTROL,30,Bounded,LCI,3,-0.00816,-0.08975,0.08665,-1.900897102,-21.31267053,26.14972794
Husaria,CONTROL,30,Bounded,LCI,4,0.06108,-0.04338,0.08463,15.11428508,-9.325001451,20.06301251
Husaria,CONTROL,30,Bounded,MCARI,1,0.26261,-0.22935,-0.02765,25.08858532,-17.5164453,-2.56020652
Husaria,CONTROL,30,Bounded,MCARI,2,-0.00997,0.07821,-0.08776,-1.103179969,8.750465718,-9.028890185
Husaria,CONTROL,30,Bounded,MCARI,3,-0.00069,0.04695,0.16211,-0.072042273,4.90554091,16.14591581
Husaria,CONTROL,30,Bounded,MCARI,4,-0.12114,0.05191,-0.10749,-11.40966968,5.518870582,-10.83021579
Husaria,CONTROL,30,Bounded,MCARI2,1,0.05126,-0.06062,0.02624,5.945249426,-6.636298649,3.076775155
Husaria,CONTROL,30,Bounded,MCARI2,2,-0.0724,0.00142,0.0088,-7.8775198,0.167715677,1.0376245
Husaria,CONTROL,30,Bounded,MCARI2,3,0.01313,-0.00227,0.03128,1.5278261,-0.260165658,3.594365304
Husaria,CONTROL,30,Bounded,MCARI2,4,0.05117,-0.04481,0.01556,6.321490473,-5.206644892,1.907281132
Husaria,CONTROL,30,Bounded,NDRE,1,0.05025,-0.00847,-0.03816,26.72431674,-3.55462668,-16.60494928
Husaria,CONTROL,30,Bounded,NDRE,2,-0.05946,9.00E-05,0.03124,-19.84308412,0.03747018,13.00144414
Husaria,CONTROL,30,Bounded,NDRE,3,-0.00748,-0.07348,0.0686,-2.547675246,-25.68144247,32.26094685
Husaria,CONTROL,30,Bounded,NDRE,4,0.05185,-0.03694,0.07516,19.00652857,-11.37837247,26.12343636
Husaria,CONTROL,30,Bounded,NDVI,1,0.01699,-0.01466,0.01084,1.91951157,-1.62507718,1.22147589
Husaria,CONTROL,30,Bounded,NDVI,2,-0.01635,-0.00892,0.01358,-1.79486701,-0.99711485,1.533318053
Husaria,CONTROL,30,Bounded,NDVI,3,0.00237,0.00547,-0.00327,0.260542346,0.599773468,-0.35641065
Husaria,CONTROL,30,Bounded,NDVI,4,0.01719,-0.01559,0.01682,1.9166636,-1.705575448,1.872069327
Husaria,CONTROL,30,Bounded,OSAVI,1,0.02733,-0.02727,0.02111,3.892602346,-3.738530444,3.006432998
Husaria,CONTROL,30,Bounded,OSAVI,2,-0.03424,-0.00426,0.00659,-4.629773609,-0.603980315,0.940003794
Husaria,CONTROL,30,Bounded,OSAVI,3,0.00452,-0.00415,0.02157,0.633709119,-0.578170779,3.022570488
Husaria,CONTROL,30,Bounded,OSAVI,4,0.01855,-0.01761,0.00742,2.665149471,-2.464415712,1.06462198
Husaria,CONTROL,30,Bounded,SIPI2,1,0.00955,0.00101,0.02404,1.067347981,0.111689711,2.655470391
Husaria,CONTROL,30,Bounded,SIPI2,2,0.00082,-0.01333,0.00643,0.088834866,-1.442826511,0.706165827
Husaria,CONTROL,30,Bounded,SIPI2,3,-0.00347,-0.00569,0.01146,-0.372577041,-0.613225187,1.242692674
Husaria,CONTROL,30,Bounded,SIPI2,4,-0.00594,0.00042,0.00944,-0.631128668,0.044908691,1.008923199
Husaria,CONTROL,30,Edges,GNDVI,1,0.01622,0.00609,0.04061,2.270369992,0.833514681,5.512188302
Husaria,CONTROL,30,Edges,GNDVI,2,-0.02207,-0.02625,0.01464,-2.848510114,-3.487347902,2.01522153
Husaria,CONTROL,30,Edges,GNDVI,3,0.00019,-0.00759,0.01026,0.024595437,-0.982281404,1.340999424
Husaria,CONTROL,30,Edges,GNDVI,4,0.00281,-0.01137,0.0367,0.364258113,-1.468534991,4.810774037
Husaria,CONTROL,30,Edges,LCI,1,0.05569,0.00255,-0.05052,18.77606616,0.723833422,-14.23736265
Husaria,CONTROL,30,Edges,LCI,2,-0.08995,0.00258,0.03481,-20.47477812,0.738469993,9.890581359
Husaria,CONTROL,30,Edges,LCI,3,-0.00212,-0.0982,0.07628,-0.513353238,-23.9016091,24.39781098
Husaria,CONTROL,30,Edges,LCI,4,0.05753,-0.0364,0.08518,15.29154407,-8.391911488,21.43696631
Husaria,CONTROL,30,Edges,MCARI,1,0.23528,-0.19369,-0.0234,26.19458228,-17.08806764,-2.489915311
Husaria,CONTROL,30,Edges,MCARI,2,0.03113,0.04874,-0.07425,4.016820841,6.046238716,-8.685622575
Husaria,CONTROL,30,Edges,MCARI,3,-0.01454,0.06401,0.15841,-1.716320747,7.687771507,17.6672455
Husaria,CONTROL,30,Edges,MCARI,4,-0.08857,0.01046,-0.06258,-9.1777533,1.193408642,-7.05571171
Husaria,CONTROL,30,Edges,MCARI2,1,0.05607,-0.05507,0.02842,7.374031887,-6.745129164,3.732740018
Husaria,CONTROL,30,Edges,MCARI2,2,-0.04844,-0.00162,0.00399,-6.021572744,-0.214285431,0.528910458
Husaria,CONTROL,30,Edges,MCARI2,3,0.00467,0.01281,0.04791,0.614925978,1.676458002,6.166650148
Husaria,CONTROL,30,Edges,MCARI2,4,0.05834,-0.06385,0.03681,7.993083804,-8.100520032,5.081650149
Husaria,CONTROL,30,Edges,NDRE,1,0.0404,0.0041,-0.04069,20.83967379,1.750184623,-17.07074563
Husaria,CONTROL,30,Edges,NDRE,2,-0.07333,0.00273,0.02752,-23.70293272,1.15657873,11.52568779
Husaria,CONTROL,30,Edges,NDRE,3,-0.00338,-0.08021,0.05925,-1.180905664,-28.35868916,29.24034328
Husaria,CONTROL,30,Edges,NDRE,4,0.04764,-0.02989,0.07276,18.64134199,-9.858146906,26.62168738
Husaria,CONTROL,30,Edges,NDVI,1,0.0079,0.00128,0.00999,0.91850746,0.147466967,1.149238845
Husaria,CONTROL,30,Edges,NDVI,2,-0.02386,-0.01124,0.01021,-2.707115311,-1.310755072,1.206455066
Husaria,CONTROL,30,Edges,NDVI,3,0.0098,0.00351,-0.01001,1.110656523,0.393426747,-1.117597868
Husaria,CONTROL,30,Edges,NDVI,4,0.01866,-0.01497,0.0266,2.163475752,-1.698894981,3.07091623
Husaria,CONTROL,30,Edges,OSAVI,1,0.03028,-0.02556,0.02231,4.656305311,-3.755614688,3.40599767
Husaria,CONTROL,30,Edges,OSAVI,2,-0.02506,-0.00611,0.00377,-3.673081123,-0.92970035,0.579028124
Husaria,CONTROL,30,Edges,OSAVI,3,0.00042,0.00477,0.03122,0.063651698,0.72244158,4.694518
Husaria,CONTROL,30,Edges,OSAVI,4,0.02243,-0.02722,0.01928,3.435278766,-4.030437055,2.974661378
Husaria,CONTROL,30,Edges,SIPI2,1,0.00871,0.0019,0.02186,0.966477329,0.208809336,2.397400367
Husaria,CONTROL,30,Edges,SIPI2,2,-0.00249,-0.01128,0.00512,-0.267546023,-1.215267116,0.558396616
Husaria,CONTROL,30,Edges,SIPI2,3,-0.00544,-0.00681,0.01342,-0.585739189,-0.737570955,1.464280609
Husaria,CONTROL,30,Edges,SIPI2,4,-0.00861,0.00098,0.00895,-0.915907754,0.10521332,0.959866841
Husaria,CONTROL,50,Bounded,GNDVI,1,0.01822,-0.00506,0.03894,2.513516012,-0.680930318,5.276129646
Husaria,CONTROL,50,Bounded,GNDVI,2,-0.0089,-0.02387,0.00771,-1.14379568,-3.103179752,1.034425853
Husaria,CONTROL,50,Bounded,GNDVI,3,0.0233,-0.01969,0.00854,2.972314106,-2.439293311,1.084429297
Husaria,CONTROL,50,Bounded,GNDVI,4,-0.0025,-0.03873,0.02927,-0.30643977,-4.761957456,3.778768408
Husaria,CONTROL,50,Bounded,LCI,1,0.0362,-0.01563,-0.03325,11.71251913,-4.526878886,-10.08673072
Husaria,CONTROL,50,Bounded,LCI,2,-0.04354,-0.06973,-0.01188,-9.576155066,-16.96053083,-3.479778911
Husaria,CONTROL,50,Bounded,LCI,3,0.18874,-0.19063,0.09388,59.17337856,-37.54769047,29.6085104
Husaria,CONTROL,50,Bounded,LCI,4,0.03148,-0.10127,0.08463,7.128284207,-21.40557724,22.76034005
Husaria,CONTROL,50,Bounded,MCARI,1,0.21381,-0.18582,-0.00916,22.14859995,-15.7561235,-0.921964186
Husaria,CONTROL,50,Bounded,MCARI,2,-0.06561,0.23195,-0.21854,-7.057714918,26.84572303,-19.94049058
Husaria,CONTROL,50,Bounded,MCARI,3,0.00554,0.03774,0.25663,0.650211084,4.4008018,28.66378275
Husaria,CONTROL,50,Bounded,MCARI,4,-0.20408,-0.14181,-0.10749,-18.53114691,-15.80582278,-14.2297168
Husaria,CONTROL,50,Bounded,MCARI2,1,0.0503,-0.03623,0.00291,5.918893508,-4.025014415,0.336848051
Husaria,CONTROL,50,Bounded,MCARI2,2,-0.07758,-0.03693,0.07825,-8.483686018,-4.412813769,9.781849138
Husaria,CONTROL,50,Bounded,MCARI2,3,0.06486,-0.07008,0.07341,7.812189473,-7.82928407,8.897955325
Husaria,CONTROL,50,Bounded,MCARI2,4,-0.00985,-0.04576,0.01556,-1.153488982,-5.421280659,1.949090654
Husaria,CONTROL,50,Bounded,NDRE,1,0.02512,-0.00924,-0.02652,12.66122651,-4.133839773,-12.37627228
Husaria,CONTROL,50,Bounded,NDRE,2,-0.03447,-0.05778,-0.00998,-10.94351723,-20.59812271,-4.480741343
Husaria,CONTROL,50,Bounded,NDRE,3,0.1578,-0.1606,0.07311,76.90395778,-44.24352119,36.12314777
Husaria,CONTROL,50,Bounded,NDRE,4,0.02754,-0.08292,0.07516,9.081585881,-25.06718744,30.32222406
Husaria,CONTROL,50,Bounded,NDVI,1,0.0184,-0.01931,0.01197,2.093094948,-2.151577582,1.36306027
Husaria,CONTROL,50,Bounded,NDVI,2,-0.01871,-0.00404,0.01201,-2.061819316,-0.45457563,1.35752079
Husaria,CONTROL,50,Bounded,NDVI,3,0.01614,-0.01051,0.00449,1.792873163,-1.146915387,0.495661034
Husaria,CONTROL,50,Bounded,NDVI,4,0.01016,-0.02417,0.01682,1.12447719,-2.645314444,1.89090533
Husaria,CONTROL,50,Bounded,OSAVI,1,0.02391,-0.01341,0.00922,3.42235855,-1.855924357,1.300164565
Husaria,CONTROL,50,Bounded,OSAVI,2,-0.03529,-0.01934,0.03281,-4.792681552,-2.758754481,4.812960521
Husaria,CONTROL,50,Bounded,OSAVI,3,0.03187,-0.03456,0.0359,4.554151823,-4.72343444,5.149825494
Husaria,CONTROL,50,Bounded,OSAVI,4,-0.00966,-0.02311,0.00742,-1.343213227,-3.257172898,1.081000756
Husaria,CONTROL,50,Bounded,SIPI2,1,0.00328,0.00688,0.02038,0.365548808,0.763968238,2.24587604
Husaria,CONTROL,50,Bounded,SIPI2,2,0.00395,-0.01425,-0.00122,0.429837935,-1.544044269,-0.134264971
Husaria,CONTROL,50,Bounded,SIPI2,3,0.00679,-0.00717,0.00357,0.732975589,-0.768364391,0.385537068
Husaria,CONTROL,50,Bounded,SIPI2,4,-0.00741,-0.01255,0.00944,-0.783090322,-1.336754573,1.019118182
Husaria,CONTROL,50,Edges,GNDVI,1,0.00826,0.00137,0.03394,1.145343541,0.187815053,4.644155602
Husaria,CONTROL,50,Edges,GNDVI,2,-0.01823,-0.02259,0.01295,-2.385435627,-3.028186667,1.790155115
Husaria,CONTROL,50,Edges,GNDVI,3,0.04051,-0.02855,0.00679,5.421711741,-3.624517736,0.894431996
Husaria,CONTROL,50,Edges,GNDVI,4,-0.00327,-0.03597,0.0367,-0.416416753,-4.599738364,4.919366621
Husaria,CONTROL,50,Edges,LCI,1,0.01521,-0.00592,-0.03788,4.692981509,-1.744712078,-11.36203437
Husaria,CONTROL,50,Edges,LCI,2,-0.04207,-0.07152,-0.0057,-9.432079833,-17.70467941,-1.714589957
Husaria,CONTROL,50,Edges,LCI,3,0.21114,-0.2063,0.08935,73.34280484,-41.34094557,30.52394601
Husaria,CONTROL,50,Edges,LCI,4,0.03189,-0.09205,0.08518,7.745160186,-20.74922627,24.22770286
Husaria,CONTROL,50,Edges,MCARI,1,0.21381,-0.168,-0.00647,22.14838381,-16.30006083,-0.749996233
Husaria,CONTROL,50,Edges,MCARI,2,-0.09606,0.19465,-0.17479,-11.30023257,25.81527325,-18.4249168
Husaria,CONTROL,50,Edges,MCARI,3,-0.00618,0.04798,0.23979,-0.806745331,6.314312749,29.68282125
Husaria,CONTROL,50,Edges,MCARI,4,-0.17312,-0.15426,-0.06258,-17.18737435,-18.49349802,-9.20468736
Husaria,CONTROL,50,Edges,MCARI2,1,0.07452,-0.03799,0.00206,10.07107323,-4.664434516,0.26530289
Husaria,CONTROL,50,Edges,MCARI2,2,-0.11812,-0.02699,0.08844,-13.95127448,-3.704664528,12.60635364
Husaria,CONTROL,50,Edges,MCARI2,3,0.05926,-0.05802,0.08621,8.004311468,-7.256028244,11.62500624
Husaria,CONTROL,50,Edges,MCARI2,4,-0.00581,-0.06332,0.03681,-0.744126714,-8.17062832,5.172479207
Husaria,CONTROL,50,Edges,NDRE,1,0.00769,-0.00133,-0.03025,3.571080287,-0.596329658,-13.64450318
Husaria,CONTROL,50,Edges,NDRE,2,-0.02984,-0.06142,-0.00621,-9.543272537,-21.71538073,-2.804612029
Husaria,CONTROL,50,Edges,NDRE,3,0.17314,-0.17194,0.06804,92.4740027,-47.7119413,36.10870823
Husaria,CONTROL,50,Edges,NDRE,4,0.02703,-0.07346,0.07276,9.533349087,-23.65396814,30.68734421
Husaria,CONTROL,50,Edges,NDVI,1,0.01045,-0.01494,0.00704,1.210287794,-1.709614925,0.81961392
Husaria,CONTROL,50,Edges,NDVI,2,-0.03456,8.00E-05,0.02105,-3.912906137,0.009426503,2.480114898
Husaria,CONTROL,50,Edges,NDVI,3,0.04012,-0.0197,0.00088,4.66576189,-2.188886457,0.099965807
Husaria,CONTROL,50,Edges,NDVI,4,0.01288,-0.02077,0.0266,1.478571617,-2.349571432,3.081482031
Husaria,CONTROL,50,Edges,OSAVI,1,0.03736,-0.01549,0.00748,5.800602729,-2.273157517,1.123222628
Husaria,CONTROL,50,Edges,OSAVI,2,-0.06011,-0.01096,0.03797,-8.541616044,-1.702865506,6.001634367
Husaria,CONTROL,50,Edges,OSAVI,3,0.03235,-0.02936,0.04326,4.972937077,-4.299494341,6.619628438
Husaria,CONTROL,50,Edges,OSAVI,4,-0.00781,-0.03421,0.01928,-1.14618479,-5.078824967,3.015463635
Husaria,CONTROL,50,Edges,SIPI2,1,0.00124,0.00829,0.01914,0.137161921,0.915737765,2.09507526
Husaria,CONTROL,50,Edges,SIPI2,2,0.00634,-0.01515,-0.00287,0.686622025,-1.629556169,-0.313815195
Husaria,CONTROL,50,Edges,SIPI2,3,0.00487,-0.00823,0.00502,0.526747867,-0.885507058,0.544952621
Husaria,CONTROL,50,Edges,SIPI2,4,-0.00957,-0.01349,0.00895,-1.012976043,-1.44251693,0.971051806
Husaria,KAISHI,30,Bounded,GNDVI,1,0.02623,-0.01003,0.04385,3.651215007,-1.346993974,5.969308091
Husaria,KAISHI,30,Bounded,GNDVI,2,-0.01489,-0.02033,0.02145,-1.889064108,-2.628887242,2.848601795
Husaria,KAISHI,30,Bounded,GNDVI,3,-0.01687,0.00014,0.01221,-2.092192908,0.017733618,1.546350625
Husaria,KAISHI,30,Bounded,GNDVI,4,0.01189,0.00146,0.01503,1.50253181,0.181768156,1.867820913
Husaria,KAISHI,30,Bounded,LCI,1,0.06567,-0.01626,-0.04412,22.47810208,-4.544171527,-12.9171656
Husaria,KAISHI,30,Bounded,LCI,2,-0.06308,-0.00207,0.04739,-14.46553428,-0.554973176,12.77630547
Husaria,KAISHI,30,Bounded,LCI,3,-0.02505,-0.0776,0.07559,-5.705097693,-18.74255792,22.46820299
Husaria,KAISHI,30,Bounded,LCI,4,0.07421,0.00048,0.0359,19.34007626,0.104821574,7.831571048
Husaria,KAISHI,30,Bounded,MCARI,1,0.26978,-0.2488,-0.03742,25.33761732,-18.6433934,-3.446557633
Husaria,KAISHI,30,Bounded,MCARI,2,-0.01311,0.06967,-0.04432,-1.481772838,7.992969583,-4.708327004
Husaria,KAISHI,30,Bounded,MCARI,3,0.01663,0.02806,0.16823,1.729443489,2.868501785,16.71816042
Husaria,KAISHI,30,Bounded,MCARI,4,-0.13453,0.13698,-0.18915,-12.45877713,14.49108245,-17.47746133
Husaria,KAISHI,30,Bounded,MCARI2,1,0.04955,-0.06189,0.01979,5.717477018,-6.755141668,2.316513735
Husaria,KAISHI,30,Bounded,MCARI2,2,-0.08274,0.00826,0.0224,-8.988192813,0.985914316,2.647563237
Husaria,KAISHI,30,Bounded,MCARI2,3,0.01958,-0.00884,0.03097,2.273965189,-1.003825666,3.552456954
Husaria,KAISHI,30,Bounded,MCARI2,4,0.05051,-0.01495,-0.01964,6.170810879,-1.720287075,-2.299520777
Husaria,KAISHI,30,Bounded,NDRE,1,0.04746,-0.01012,-0.03443,25.4926922,-4.331616952,-15.40416355
Husaria,KAISHI,30,Bounded,NDRE,2,-0.04966,-0.00198,0.03746,-16.62420787,-0.794985967,15.16102007
Husaria,KAISHI,30,Bounded,NDRE,3,-0.02184,-0.06364,0.05977,-7.224109473,-22.68959395,27.56397545
Husaria,KAISHI,30,Bounded,NDRE,4,0.06193,0.00105,0.03321,24.18847718,0.330229179,10.41029933
Husaria,KAISHI,30,Bounded,NDVI,1,0.01701,-0.01449,0.0095,1.928503647,-1.611717374,1.073991211
Husaria,KAISHI,30,Bounded,NDVI,2,-0.02316,0.00156,0.01076,-2.535578568,0.175233448,1.206547201
Husaria,KAISHI,30,Bounded,NDVI,3,-0.00069,0.00662,-0.00404,-0.07573421,0.727160088,-0.440561782
Husaria,KAISHI,30,Bounded,NDVI,4,0.01721,-0.01045,0.00728,1.918422992,-1.142949641,0.80544249
Husaria,KAISHI,30,Bounded,OSAVI,1,0.02747,-0.02857,0.01857,3.911873897,-3.915355952,2.648615574
Husaria,KAISHI,30,Bounded,OSAVI,2,-0.0391,0.00049,0.01258,-5.292358835,0.070029913,1.796652628
Husaria,KAISHI,30,Bounded,OSAVI,3,0.00521,-0.00666,0.02154,0.72878243,-0.924870261,3.019170471
Husaria,KAISHI,30,Bounded,OSAVI,4,0.0195,-0.00158,-0.00957,2.79745962,-0.220497627,-1.338497107
Husaria,KAISHI,30,Bounded,SIPI2,1,0.01028,0.00044,0.02527,1.1546527,0.048856806,2.804564993
Husaria,KAISHI,30,Bounded,SIPI2,2,0.00242,-0.01499,0.00927,0.262523852,-1.621871352,1.019520462
Husaria,KAISHI,30,Bounded,SIPI2,3,-0.01073,-0.00329,0.01071,-1.147641452,-0.355971613,1.162940948
Husaria,KAISHI,30,Bounded,SIPI2,4,-0.00194,0.00708,0.00539,-0.207830941,0.760055437,0.574265042
Husaria,KAISHI,30,Edges,GNDVI,1,0.02096,0.00105,0.0408,2.935940194,0.14288222,5.544073345
Husaria,KAISHI,30,Edges,GNDVI,2,-0.02653,-0.02221,0.01629,-3.404944549,-2.950981291,2.230220654
Husaria,KAISHI,30,Edges,GNDVI,3,-0.02404,-0.00239,0.02149,-3.095221848,-0.317548473,2.864374723
Husaria,KAISHI,30,Edges,GNDVI,4,0.01403,0.00487,0.01652,1.847946777,0.629808432,2.123063123
Husaria,KAISHI,30,Edges,LCI,1,0.05707,-0.0012,-0.04792,19.33324525,-0.340656502,-13.65004942
Husaria,KAISHI,30,Edges,LCI,2,-0.0779,-0.00133,0.03856,-17.69605939,-0.367087944,10.68200265
Husaria,KAISHI,30,Edges,LCI,3,-0.03856,-0.08472,0.08612,-9.251195386,-22.39782578,29.33932021
Husaria,KAISHI,30,Edges,LCI,4,0.07693,0.0038,0.03574,22.0265074,0.891619016,8.311801875
Husaria,KAISHI,30,Edges,MCARI,1,0.25135,-0.23469,-0.02366,26.70495776,-19.67949648,-2.470061209
Husaria,KAISHI,30,Edges,MCARI,2,0.01103,0.04377,-0.02391,1.418793678,5.551391272,-2.873034927
Husaria,KAISHI,30,Edges,MCARI,3,0.03834,0.03979,0.14719,4.44985556,4.421400959,15.66299292
Husaria,KAISHI,30,Edges,MCARI,4,-0.10619,0.11766,-0.16243,-10.50064721,12.99994144,-15.88183127
Husaria,KAISHI,30,Edges,MCARI2,1,0.05975,-0.07282,0.02816,7.559071455,-8.565134187,3.622465978
Husaria,KAISHI,30,Edges,MCARI2,2,-0.06894,-9.00E-05,0.03514,-8.42899604,-0.012016808,4.692459615
Husaria,KAISHI,30,Edges,MCARI2,3,0.03937,-0.00337,0.03663,5.137064501,-0.418238162,4.565106039
Husaria,KAISHI,30,Edges,MCARI2,4,0.05991,-0.01603,-0.01406,7.922287268,-1.964145462,-1.757278144
Husaria,KAISHI,30,Edges,NDRE,1,0.04067,0.00215,-0.03832,21.23194345,0.925842193,-16.35014571
Husaria,KAISHI,30,Edges,NDRE,2,-0.06235,-0.00081,0.02987,-20.20997631,-0.329052937,12.17439505
Husaria,KAISHI,30,Edges,NDRE,3,-0.03365,-0.06766,0.06554,-11.61542418,-26.42442326,34.78934769
Husaria,KAISHI,30,Edges,NDRE,4,0.06211,0.00367,0.03194,26.72765846,1.246218051,10.71233327
Husaria,KAISHI,30,Edges,NDVI,1,0.01125,-0.00463,0.00927,1.291380124,-0.524698808,1.056072073
Husaria,KAISHI,30,Edges,NDVI,2,-0.03034,-0.00513,0.00871,-3.400579018,-0.595223592,1.016655169
Husaria,KAISHI,30,Edges,NDVI,3,-0.0041,0.00489,0.00479,-0.465157967,0.557378656,0.54295401
Husaria,KAISHI,30,Edges,NDVI,4,0.02116,-0.00783,0.00848,2.437251711,-0.880417293,0.96197368
Husaria,KAISHI,30,Edges,OSAVI,1,0.03228,-0.03442,0.02267,4.847494635,-4.929883084,3.415334505
Husaria,KAISHI,30,Edges,OSAVI,2,-0.03574,-0.00348,0.01911,-5.187822697,-0.532777285,2.941353022
Husaria,KAISHI,30,Edges,OSAVI,3,0.01589,-0.0041,0.026,2.390872255,-0.602497278,3.843873678
Husaria,KAISHI,30,Edges,OSAVI,4,0.02561,-0.00183,-0.00637,3.860293841,-0.265590373,-0.926948593
Husaria,KAISHI,30,Edges,SIPI2,1,0.01026,0.00214,0.02308,1.148163442,0.236762069,2.547458557
Husaria,KAISHI,30,Edges,SIPI2,2,-0.00173,-0.01225,0.00741,-0.186476468,-1.32289274,0.810943025
Husaria,KAISHI,30,Edges,SIPI2,3,-0.01382,-0.00373,0.01202,-1.48275148,-0.406215865,1.314378005
Husaria,KAISHI,30,Edges,SIPI2,4,-0.00251,0.00786,0.00593,-0.270325284,0.848811178,0.634998142
Husaria,KAISHI,50,Bounded,GNDVI,1,0.01582,-0.00459,0.03024,2.199021144,-0.624293589,4.138831519
Husaria,KAISHI,50,Bounded,GNDVI,2,-0.00597,-0.02687,0.01247,-0.76686821,-3.478222598,1.672364149
Husaria,KAISHI,50,Bounded,GNDVI,3,0.02303,-0.01468,0.00278,2.943766769,-1.822785062,0.35159565
Husaria,KAISHI,50,Bounded,GNDVI,4,-0.00189,-0.02954,0.01503,-0.232474898,-3.641963208,1.923074463
Husaria,KAISHI,50,Bounded,LCI,1,0.02537,-0.0281,-0.03143,7.845963056,-8.058017728,-9.802851342
Husaria,KAISHI,50,Bounded,LCI,2,-0.04453,-0.07579,0.02481,-9.682308099,-18.24589955,7.305847328
Husaria,KAISHI,50,Bounded,LCI,3,0.16125,-0.14117,0.06887,49.93326748,-29.15645182,20.0780733
Husaria,KAISHI,50,Bounded,LCI,4,0.05772,-0.07839,0.0359,13.3805935,-16.02769219,8.741152322
Husaria,KAISHI,50,Bounded,MCARI,1,0.23008,-0.21835,-0.03735,23.39047441,-17.99176178,-3.752784445
Husaria,KAISHI,50,Bounded,MCARI,2,-0.03595,0.20847,-0.16041,-3.96330607,23.93123343,-14.85840471
Husaria,KAISHI,50,Bounded,MCARI,3,0.01774,0.01271,0.2824,2.095908489,1.470807764,32.2057886
Husaria,KAISHI,50,Bounded,MCARI,4,-0.21241,-0.06237,-0.18915,-19.0387668,-6.904980952,-22.49399744
Husaria,KAISHI,50,Bounded,MCARI2,1,0.07073,-0.04901,-0.00218,8.475012911,-5.413669045,-0.25458635
Husaria,KAISHI,50,Bounded,MCARI2,2,-0.06826,-0.05129,0.1052,-7.479556136,-6.074416038,13.26489053
Husaria,KAISHI,50,Bounded,MCARI2,3,0.0727,-0.07906,0.07869,8.77922837,-8.776730673,9.576126494
Husaria,KAISHI,50,Bounded,MCARI2,4,-0.00394,-0.01589,-0.01964,-0.459855437,-1.863162498,-2.346584847
Husaria,KAISHI,50,Bounded,NDRE,1,0.01697,-0.01861,-0.02479,8.089388457,-8.207240541,-11.91019549
Husaria,KAISHI,50,Bounded,NDRE,2,-0.03577,-0.06236,0.01827,-11.19523271,-21.9777896,8.25274075
Husaria,KAISHI,50,Bounded,NDRE,3,0.13227,-0.11881,0.05432,63.36864194,-34.84154005,24.44743486
Husaria,KAISHI,50,Bounded,NDRE,4,0.05073,-0.06515,0.03321,17.2222392,-18.8681431,11.85474458
Husaria,KAISHI,50,Bounded,NDVI,1,0.01916,-0.02322,0.01293,2.189761835,-2.596905857,1.484635231
Husaria,KAISHI,50,Bounded,NDVI,2,-0.01886,-0.00666,0.01708,-2.073345419,-0.747658515,1.931862268
Husaria,KAISHI,50,Bounded,NDVI,3,0.01483,-0.00637,0.00164,1.648032307,-0.696410044,0.18055291
Husaria,KAISHI,50,Bounded,NDVI,4,0.01231,-0.02442,0.00728,1.364652723,-2.670688375,0.818022565
Husaria,KAISHI,50,Bounded,OSAVI,1,0.03282,-0.01913,0.00445,4.748600523,-2.642371034,0.631348063
Husaria,KAISHI,50,Bounded,OSAVI,2,-0.03005,-0.02532,0.04531,-4.09143576,-3.59449242,6.672154395
Husaria,KAISHI,50,Bounded,OSAVI,3,0.03599,-0.03885,0.03811,5.155488325,-5.2923315,5.481631285
Husaria,KAISHI,50,Bounded,OSAVI,4,-0.00787,-0.00719,-0.00957,-1.092826366,-1.009433075,-1.357271615
Husaria,KAISHI,50,Bounded,SIPI2,1,0.00131,0.00936,0.01397,0.14627376,1.043605076,1.54151554
Husaria,KAISHI,50,Bounded,SIPI2,2,0.00621,-0.01486,-0.00073,0.676624635,-1.608223368,-0.080295576
Husaria,KAISHI,50,Bounded,SIPI2,3,0.00757,-0.00627,0.00137,0.818085636,-0.672097039,0.147847417
Husaria,KAISHI,50,Bounded,SIPI2,4,-0.00818,-0.00625,0.00539,-0.86540608,-0.666993227,0.579077365
Husaria,KAISHI,50,Edges,GNDVI,1,0.00949,-0.00178,0.03481,1.325694872,-0.245401818,4.810928173
Husaria,KAISHI,50,Edges,GNDVI,2,-0.02828,-0.02175,0.00974,-3.670529722,-2.930551981,1.351968474
Husaria,KAISHI,50,Edges,GNDVI,3,0.03936,-0.02741,0.00822,5.313167774,-3.513377367,1.091994564
Husaria,KAISHI,50,Edges,GNDVI,4,-0.00281,-0.02977,0.01652,-0.358806922,-3.814998827,2.200990979
Husaria,KAISHI,50,Edges,LCI,1,0.01725,-0.02269,-0.02886,5.345505592,-6.674491324,-9.096611307
Husaria,KAISHI,50,Edges,LCI,2,-0.06709,-0.06983,0.01978,-14.56195832,-17.73996459,6.108690214
Husaria,KAISHI,50,Edges,LCI,3,0.18226,-0.16391,0.07686,64.72507999,-35.33677841,25.62503959
Husaria,KAISHI,50,Edges,LCI,4,0.0568,-0.07979,0.03574,14.24090701,-17.51120924,9.508834383
Husaria,KAISHI,50,Edges,MCARI,1,0.23008,-0.20564,-0.00776,23.39044265,-18.81373904,-0.874473597
Husaria,KAISHI,50,Edges,MCARI,2,-0.03718,0.17887,-0.11607,-4.558210357,22.97650198,-12.12395324
Husaria,KAISHI,50,Edges,MCARI,3,0.01286,0.03062,0.2534,1.662807041,3.894430659,31.0208099
Husaria,KAISHI,50,Edges,MCARI,4,-0.17761,-0.05793,-0.16243,-17.10945485,-6.732359371,-20.2394644
Husaria,KAISHI,50,Edges,MCARI2,1,0.07813,-0.05545,0.0152,10.1959986,-6.566707445,1.926584457
Husaria,KAISHI,50,Edges,MCARI2,2,-0.07932,-0.04528,0.11429,-9.543507058,-6.022710193,16.17598979
Husaria,KAISHI,50,Edges,MCARI2,3,0.07594,-0.06892,0.08418,10.18876177,-8.391870649,11.18892645
Husaria,KAISHI,50,Edges,MCARI2,4,0.00309,-0.01364,-0.01406,0.388644536,-1.708928399,-1.792176373
Husaria,KAISHI,50,Edges,NDRE,1,0.01077,-0.01398,-0.02413,5.080164716,-6.275502646,-11.55701156
Husaria,KAISHI,50,Edges,NDRE,2,-0.05251,-0.05838,0.01391,-16.13850036,-21.39550907,6.485422951
Husaria,KAISHI,50,Edges,NDRE,3,0.14529,-0.13427,0.05854,79.55385449,-40.94583756,30.22963992
Husaria,KAISHI,50,Edges,NDRE,4,0.04806,-0.06486,0.03194,17.65607033,-20.25223177,12.50582417
Husaria,KAISHI,50,Edges,NDVI,1,0.01047,-0.02182,0.02291,1.210473194,-2.49251503,2.683923754
Husaria,KAISHI,50,Edges,NDVI,2,-0.04412,-0.00207,0.0181,-4.941197288,-0.243879163,2.137683342
Husaria,KAISHI,50,Edges,NDVI,3,0.03739,-0.0225,0.00942,4.367220268,-2.518071359,1.081464592
Husaria,KAISHI,50,Edges,NDVI,4,0.01644,-0.02589,0.00848,1.889110153,-2.919844681,0.985128967
Husaria,KAISHI,50,Edges,OSAVI,1,0.03502,-0.02228,0.01354,5.311444479,-3.20875177,2.014668093
Husaria,KAISHI,50,Edges,OSAVI,2,-0.04097,-0.02041,0.04897,-5.88285128,-3.113838962,7.7111917
Husaria,KAISHI,50,Edges,OSAVI,3,0.0417,-0.03572,0.04161,6.392656264,-5.146892484,6.320912788
Husaria,KAISHI,50,Edges,OSAVI,4,-0.00305,-0.00867,-0.00637,-0.443648624,-1.266745662,-0.942640963
Husaria,KAISHI,50,Edges,SIPI2,1,0.00242,0.00973,0.01136,0.269139787,1.07921529,1.246555786
Husaria,KAISHI,50,Edges,SIPI2,2,0.00543,-0.01384,-0.00297,0.589064234,-1.492616187,-0.325161951
Husaria,KAISHI,50,Edges,SIPI2,3,0.00585,-0.00556,0.00057,0.634331312,-0.59908564,0.061787211
Husaria,KAISHI,50,Edges,SIPI2,4,-0.01117,-0.00598,0.00593,-1.183449506,-0.641162412,0.639904349
Husaria,KUMA,30,Bounded,GNDVI,1,0.0271,-0.00416,0.03409,3.746607661,-0.554355488,4.568106869
Husaria,KUMA,30,Bounded,GNDVI,2,-0.00672,-0.02384,0.01404,-0.842896403,-3.015694514,1.831246226
Husaria,KUMA,30,Bounded,GNDVI,3,-0.01989,-0.01222,0.01399,-2.420765273,-1.524163986,1.771938024
Husaria,KUMA,30,Bounded,GNDVI,4,-0.00813,0.00297,0.01591,-0.997826383,0.368193533,1.965141284
Husaria,KUMA,30,Bounded,LCI,1,0.06595,-0.04016,-0.02638,22.42884496,-11.15583445,-8.248106031
Husaria,KUMA,30,Bounded,LCI,2,-0.07587,0.00999,0.04424,-17.06665827,2.70965957,11.6829649
Husaria,KUMA,30,Bounded,LCI,3,-0.03749,-0.02369,0.02033,-8.267160035,-5.694834744,5.182245266
Husaria,KUMA,30,Bounded,LCI,4,0.03866,0.00718,0.02888,9.24457963,1.571628386,6.223722122
Husaria,KUMA,30,Bounded,MCARI,1,0.24639,-0.24864,-0.02706,23.08533394,-18.92682526,-2.540723402
Husaria,KUMA,30,Bounded,MCARI,2,-0.01911,0.04889,-0.06261,-2.157125909,5.640344674,-6.837534032
Husaria,KUMA,30,Bounded,MCARI,3,-0.00306,-0.07674,0.27947,-0.320814912,-8.071429097,31.97520426
Husaria,KUMA,30,Bounded,MCARI,4,-0.1999,0.0902,-0.16242,-17.45514621,9.541732385,-15.68485815
Husaria,KUMA,30,Bounded,MCARI2,1,0.04346,-0.07548,0.02212,4.986398125,-8.248900857,2.634741665
Husaria,KUMA,30,Bounded,MCARI2,2,-0.07651,0.00317,0.0149,-8.367866779,0.378362443,1.771719317
Husaria,KUMA,30,Bounded,MCARI2,3,0.01142,-0.07966,0.10706,1.3346875,-9.187464175,13.59680261
Husaria,KUMA,30,Bounded,MCARI2,4,0.02902,-0.03136,-0.01515,3.450321669,-3.604179285,-1.806278696
Husaria,KUMA,30,Bounded,NDRE,1,0.04773,-0.02776,-0.02062,25.49802074,-11.81673839,-9.95361096
Husaria,KUMA,30,Bounded,NDRE,2,-0.06123,0.00783,0.03574,-19.99536283,3.196035773,14.13648392
Husaria,KUMA,30,Bounded,NDRE,3,-0.03263,-0.01836,0.01377,-10.37417615,-6.51292475,5.224993455
Husaria,KUMA,30,Bounded,NDRE,4,0.03303,0.00714,0.02712,11.64377042,2.254492408,8.374480069
Husaria,KUMA,30,Bounded,NDVI,1,0.01589,-0.01928,0.00655,1.792986253,-2.137185588,0.741922951
Husaria,KUMA,30,Bounded,NDVI,2,-0.01515,0.00011,0.00937,-1.66056332,0.012260489,1.044242679
Husaria,KUMA,30,Bounded,NDVI,3,-0.00292,-0.00375,0.00463,-0.319558397,-0.411707422,0.510422879
Husaria,KUMA,30,Bounded,NDVI,4,0.01394,-0.0103,0.00616,1.545212999,-1.124354724,0.680076089
Husaria,KUMA,30,Bounded,OSAVI,1,0.02476,-0.0319,0.01776,3.512251032,-4.371533778,2.545065282
Husaria,KUMA,30,Bounded,OSAVI,2,-0.03495,-0.00412,0.00708,-4.729549603,-0.585209816,1.011571637
Husaria,KUMA,30,Bounded,OSAVI,3,0.00135,-0.04021,0.055,0.188626256,-5.607690387,8.125985276
Husaria,KUMA,30,Bounded,OSAVI,4,0.00496,-0.00852,-0.00721,0.696461945,-1.188067452,-1.017483499
Husaria,KUMA,30,Bounded,SIPI2,1,0.01139,0.0073,0.02002,1.27756323,0.808478167,2.19944168
Husaria,KUMA,30,Bounded,SIPI2,2,0.00367,-0.0164,0.00457,0.395320355,-1.759598125,0.499109357
Husaria,KUMA,30,Bounded,SIPI2,3,-0.01124,-0.00597,0.00715,-1.191282441,-0.640364869,0.771878991
Husaria,KUMA,30,Bounded,SIPI2,4,-0.01339,0.00795,0.00647,-1.415237425,0.852326637,0.687792272
Husaria,KUMA,30,Edges,GNDVI,1,0.01705,0.01288,0.02622,2.360511753,1.742068382,3.485631408
Husaria,KUMA,30,Edges,GNDVI,2,-0.0288,-0.01052,0.01575,-3.692397635,-1.400461407,2.126478915
Husaria,KUMA,30,Edges,GNDVI,3,-0.02173,-0.00295,0.00368,-2.737703328,-0.382123857,0.478511828
Husaria,KUMA,30,Edges,GNDVI,4,-0.00362,-0.00038,0.02155,-0.459716982,-0.048480457,2.750685757
Husaria,KUMA,30,Edges,LCI,1,0.04881,-0.01586,-0.0411,15.78533752,-4.429907743,-12.01188914
Husaria,KUMA,30,Edges,LCI,2,-0.10219,0.02397,0.0432,-22.990859,7.002813396,11.79486759
Husaria,KUMA,30,Edges,LCI,3,-0.04188,-0.01856,0.01302,-9.706105251,-4.763848142,3.50904617
Husaria,KUMA,30,Edges,LCI,4,0.04664,0.00355,0.03147,11.91616782,0.810426421,7.126503937
Husaria,KUMA,30,Edges,MCARI,1,0.2376,-0.23519,0.00686,26.04746207,-20.45519973,0.75006205
Husaria,KUMA,30,Edges,MCARI,2,0.01454,0.04466,-0.04213,1.970534145,5.935585737,-5.28560191
Husaria,KUMA,30,Edges,MCARI,3,-0.0006,0.02222,0.1529,-0.06998872,2.593730922,17.39672614
Husaria,KUMA,30,Edges,MCARI,4,-0.19328,0.09903,-0.14561,-18.22070928,11.41568039,-15.06537364
Husaria,KUMA,30,Edges,MCARI2,1,0.05721,-0.08359,0.04493,7.363493496,-10.02096743,5.986188997
Husaria,KUMA,30,Edges,MCARI2,2,-0.06129,0.01194,0.02599,-7.836784169,1.656513469,3.547004289
Husaria,KUMA,30,Edges,MCARI2,3,0.01735,-0.01551,0.04761,2.268682634,-1.983094471,6.210531946
Husaria,KUMA,30,Edges,MCARI2,4,0.02365,-0.0259,-0.00942,3.045439503,-3.236605888,-1.216549726
Husaria,KUMA,30,Edges,NDRE,1,0.03461,-0.00901,-0.03328,17.08874197,-3.799427345,-14.58810946
Husaria,KUMA,30,Edges,NDRE,2,-0.08282,0.01733,0.03384,-26.29448425,7.464968921,13.56415919
Husaria,KUMA,30,Edges,NDRE,3,-0.03668,-0.01574,0.00883,-12.18276809,-5.953078846,3.551019259
Husaria,KUMA,30,Edges,NDRE,4,0.03824,0.0047,0.02784,14.41273024,1.548288482,9.031307885
Husaria,KUMA,30,Edges,NDVI,1,0.00558,-0.00322,0,0.636658524,-0.365066534,0
Husaria,KUMA,30,Edges,NDVI,2,-0.03699,0.01995,0.01566,-4.206654908,2.368427613,1.816113309
Husaria,KUMA,30,Edges,NDVI,3,-0.00067,-0.00217,0.00142,-0.075403663,-0.244402121,0.160323175
Husaria,KUMA,30,Edges,NDVI,4,0.02284,-0.01641,0.01238,2.604775498,-1.823959559,1.401592472
Husaria,KUMA,30,Edges,OSAVI,1,0.03206,-0.03752,0.02925,4.868115966,-5.432712983,4.478564899
Husaria,KUMA,30,Edges,OSAVI,2,-0.03271,0.0036,0.01449,-4.870306319,0.56345876,2.255214308
Husaria,KUMA,30,Edges,OSAVI,3,0.00484,-0.00794,0.02747,0.725320737,-1.181317332,4.135858511
Husaria,KUMA,30,Edges,OSAVI,4,0.00348,-0.00612,-0.00402,0.512487464,-0.896675707,-0.594322007
Husaria,KUMA,30,Edges,SIPI2,1,0.01074,0.00949,0.01757,1.197750371,1.045821069,1.916216514
Husaria,KUMA,30,Edges,SIPI2,2,0.00014,-0.01752,0.00258,0.014974527,-1.873674552,0.281186345
Husaria,KUMA,30,Edges,SIPI2,3,-0.01411,-0.00034,0.0019,-1.501973003,-0.036744006,0.205409625
Husaria,KUMA,30,Edges,SIPI2,4,-0.01591,0.00943,0.0069,-1.687435236,1.017324727,0.736887409
Husaria,KUMA,50,Bounded,GNDVI,1,0.014,-0.00587,0.02167,1.918278592,-0.789168362,2.936509335
Husaria,KUMA,50,Bounded,GNDVI,2,-0.00371,-0.03317,0.02055,-0.47299649,-4.249017807,2.74923376
Husaria,KUMA,50,Bounded,GNDVI,3,0.02625,-0.01333,-0.00495,3.321015003,-1.632236237,-0.616176692
Husaria,KUMA,50,Bounded,GNDVI,4,-0.00208,-0.03198,0.01591,-0.253525281,-3.907858608,2.023218048
Husaria,KUMA,50,Bounded,LCI,1,0.02669,-0.02641,-0.03894,8.372256431,-7.644414599,-12.20418026
Husaria,KUMA,50,Bounded,LCI,2,-0.04808,-0.07639,0.0467,-10.35111552,-18.3448564,13.73444581
Husaria,KUMA,50,Bounded,LCI,3,0.15659,-0.08072,0.00295,47.53203153,-16.60799414,0.727836155
Husaria,KUMA,50,Bounded,LCI,4,0.0512,-0.07625,0.02888,11.72024329,-15.62336723,7.013096131
Husaria,KUMA,50,Bounded,MCARI,1,0.23058,-0.21318,-0.00741,23.99118822,-17.886464,-0.757149236
Husaria,KUMA,50,Bounded,MCARI,2,-0.05052,0.18999,-0.11464,-5.547009589,22.08567134,-10.91569379
Husaria,KUMA,50,Bounded,MCARI,3,0.0028,0.02007,0.27648,0.332687365,2.376748367,31.9814552
Husaria,KUMA,50,Bounded,MCARI,4,-0.17693,-0.02648,-0.16242,-16.38497135,-2.93276893,-18.53218944
Husaria,KUMA,50,Bounded,MCARI2,1,0.06985,-0.05315,0.01492,8.384941437,-5.886646339,1.755829129
Husaria,KUMA,50,Bounded,MCARI2,2,-0.07054,-0.05928,0.12452,-7.703556151,-7.014214196,15.8450413
Husaria,KUMA,50,Bounded,MCARI2,3,0.07861,-0.06711,0.06131,9.560689888,-7.449788029,7.353779022
Husaria,KUMA,50,Bounded,MCARI2,4,0.00171,0.00859,-0.01515,0.201626929,1.010812993,-1.764909407
Husaria,KUMA,50,Bounded,NDRE,1,0.01885,-0.01663,-0.03089,9.202259313,-7.434362581,-14.9183091
Husaria,KUMA,50,Bounded,NDRE,2,-0.03935,-0.06217,0.03529,-12.17885429,-21.91005494,15.92645579
Husaria,KUMA,50,Bounded,NDRE,3,0.128,-0.07111,0.00297,59.95007283,-20.82216971,1.098368719
Husaria,KUMA,50,Bounded,NDRE,4,0.04553,-0.06438,0.02712,15.23450701,-18.69386831,9.68533379
Husaria,KUMA,50,Bounded,NDVI,1,0.01288,-0.02498,0.01476,1.456073057,-2.783438873,1.691746774
Husaria,KUMA,50,Bounded,NDVI,2,-0.01544,-0.01009,0.02051,-1.693574836,-1.125813258,2.314503962
Husaria,KUMA,50,Bounded,NDVI,3,0.02158,-0.0024,-0.00875,2.397801756,-0.260424861,-0.951944742
Husaria,KUMA,50,Bounded,NDVI,4,0.01029,-0.01842,0.00616,1.137518088,-2.013354596,0.687138792
Husaria,KUMA,50,Bounded,OSAVI,1,0.03248,-0.02063,0.00954,4.695806304,-2.848814007,1.356017006
Husaria,KUMA,50,Bounded,OSAVI,2,-0.03057,-0.03034,0.05527,-4.14867933,-4.295679826,8.176628188
Husaria,KUMA,50,Bounded,OSAVI,3,0.03634,-0.03437,0.03211,5.208609542,-4.682363551,4.589365421
Husaria,KUMA,50,Bounded,OSAVI,4,-0.00472,0.00224,-0.00721,-0.658224106,0.31444731,-1.008954647
Husaria,KUMA,50,Bounded,SIPI2,1,0.00314,0.00943,0.00696,0.349681111,1.046497562,0.764389131
Husaria,KUMA,50,Bounded,SIPI2,2,0.00586,-0.01739,0.00321,0.636499211,-1.876913745,0.353084429
Husaria,KUMA,50,Bounded,SIPI2,3,0.00567,-0.00718,0.0017,0.609152762,-0.766708206,0.182935162
Husaria,KUMA,50,Bounded,SIPI2,4,-0.00724,-0.011,0.00647,-0.763237265,-1.16853331,0.695436454
Husaria,KUMA,50,Edges,GNDVI,1,0.00959,0.00461,0.02137,1.325737416,0.628955702,2.897348187
Husaria,KUMA,50,Edges,GNDVI,2,-0.02156,-0.03222,0.03959,-2.798179366,-4.302074529,5.523767268
Husaria,KUMA,50,Edges,GNDVI,3,0.03044,-0.01739,-0.00774,3.98361014,-2.188602403,-0.995907002
Husaria,KUMA,50,Edges,GNDVI,4,0.00148,-0.03299,0.02155,0.185999515,-4.138332449,2.819975634
Husaria,KUMA,50,Edges,LCI,1,0.02431,-0.01605,-0.03692,7.643908927,-4.688307857,-11.31505313
Husaria,KUMA,50,Edges,LCI,2,-0.06338,-0.08171,0.07038,-13.65709865,-20.39176343,22.0633184
Husaria,KUMA,50,Edges,LCI,3,0.16404,-0.09449,-0.0011,52.61047912,-19.8574734,-0.288448175
Husaria,KUMA,50,Edges,LCI,4,0.05646,-0.07623,0.03147,13.7088413,-16.27764456,8.026402708
Husaria,KUMA,50,Edges,MCARI,1,0.23058,-0.18519,-0.00719,23.99106758,-17.60326077,-0.829458107
Husaria,KUMA,50,Edges,MCARI,2,-0.04446,0.17884,-0.10757,-5.684615099,24.24452756,-11.73715836
Husaria,KUMA,50,Edges,MCARI,3,-0.02068,0.06318,0.23845,-2.765145792,8.688106865,30.16899445
Husaria,KUMA,50,Edges,MCARI,4,-0.17141,-0.02793,-0.14561,-17.01574709,-3.341104921,-18.02057125
Husaria,KUMA,50,Edges,MCARI2,1,0.06997,-0.04708,0.01594,9.208384275,-5.673512721,2.036433507
Husaria,KUMA,50,Edges,MCARI2,2,-0.08128,-0.03969,0.12767,-10.02428373,-5.440332478,18.5066267
Husaria,KUMA,50,Edges,MCARI2,3,0.05494,-0.02509,0.06313,7.518498599,-3.193448657,8.300233637
Husaria,KUMA,50,Edges,MCARI2,4,-0.00296,0.00547,-0.00942,-0.374735248,0.695105416,-1.188792038
Husaria,KUMA,50,Edges,NDRE,1,0.01775,-0.00925,-0.03006,8.571111251,-4.114018351,-13.94306812
Husaria,KUMA,50,Edges,NDRE,2,-0.05019,-0.069,0.05306,-15.21319386,-24.66743648,25.1802146
Husaria,KUMA,50,Edges,NDRE,3,0.13224,-0.08254,-0.00083,64.56684455,-24.48887557,-0.326115571
Husaria,KUMA,50,Edges,NDRE,4,0.04844,-0.06292,0.02784,17.2095882,-19.07181028,10.42731777
Husaria,KUMA,50,Edges,NDVI,1,0.00609,-0.01399,0.01683,0.699814187,-1.596446964,1.951686765
Husaria,KUMA,50,Edges,NDVI,2,-0.03729,-0.00172,0.04083,-4.204527901,-0.20244559,4.815477461
Husaria,KUMA,50,Edges,NDVI,3,0.02856,-0.00558,-0.01146,3.254622966,-0.615838981,-1.272624905
Husaria,KUMA,50,Edges,NDVI,4,0.01634,-0.01979,0.01238,1.851954696,-2.202189727,1.408641412
Husaria,KUMA,50,Edges,OSAVI,1,0.03149,-0.01746,0.01012,4.790001993,-2.534471571,1.507206143
Husaria,KUMA,50,Edges,OSAVI,2,-0.04146,-0.01727,0.05932,-6.049719766,-2.682255953,9.467100549
Husaria,KUMA,50,Edges,OSAVI,3,0.02713,-0.01352,0.03363,4.180850687,-1.999878706,5.076065513
Husaria,KUMA,50,Edges,OSAVI,4,-0.00583,-0.00112,-0.00402,-0.847247028,-0.164155238,-0.590168844
Husaria,KUMA,50,Edges,SIPI2,1,0.00437,0.00968,0.00533,0.484381737,1.06778328,0.581731026
Husaria,KUMA,50,Edges,SIPI2,2,0.00574,-0.02119,0.00446,0.620251537,-2.275629288,0.490120123
Husaria,KUMA,50,Edges,SIPI2,3,0.00489,-0.00828,0.00125,0.528259735,-0.889776277,0.135532061
Husaria,KUMA,50,Edges,SIPI2,4,-0.00853,-0.01136,0.0069,-0.902348539,-1.212663365,0.745606594
Husaria,NATURAL,30,Bounded,GNDVI,1,0.02825,-0.0072,0.0395,3.94883429,-0.968196103,5.363561187
Husaria,NATURAL,30,Bounded,GNDVI,2,-0.01801,-0.02145,0.02,-2.284399492,-2.784336582,2.670472981
Husaria,NATURAL,30,Bounded,GNDVI,3,-0.01092,-0.00129,0.01739,-1.374707151,-0.164660321,2.223384275
Husaria,NATURAL,30,Bounded,GNDVI,4,0.01318,-0.00385,0.0204,1.6699377,-0.479792032,2.5545311
Husaria,NATURAL,30,Bounded,LCI,1,0.07133,-0.01696,-0.04905,24.7853477,-4.722642229,-14.33535675
Husaria,NATURAL,30,Bounded,LCI,2,-0.06832,-0.00214,0.0445,-15.74516433,-0.585353578,12.24374125
Husaria,NATURAL,30,Bounded,LCI,3,-0.01935,-0.08938,0.09267,-4.551110024,-22.02448863,29.28508
Husaria,NATURAL,30,Bounded,LCI,4,0.07403,-0.01789,0.05749,19.31329912,-3.911742004,13.08223215
Husaria,NATURAL,30,Bounded,MCARI,1,0.28575,-0.26267,-0.00318,28.01769993,-20.11808759,-0.304898219
Husaria,NATURAL,30,Bounded,MCARI,2,-0.00739,0.06348,-0.07128,-0.802231049,6.946883915,-7.293780333
Husaria,NATURAL,30,Bounded,MCARI,3,-0.0031,0.0364,0.16862,-0.31393327,3.697792804,16.51888621
Husaria,NATURAL,30,Bounded,MCARI,4,-0.07637,0.08559,-0.14891,-7.343050351,8.881754061,-14.19202841
Husaria,NATURAL,30,Bounded,MCARI2,1,0.06311,-0.07188,0.03549,7.485283844,-7.9317525,4.253605497
Husaria,NATURAL,30,Bounded,MCARI2,2,-0.07632,0.00375,0.01259,-8.253389437,0.442013176,1.477455022
Husaria,NATURAL,30,Bounded,MCARI2,3,0.01527,-0.00896,0.03279,1.760208228,-1.014974269,3.752484777
Husaria,NATURAL,30,Bounded,MCARI2,4,0.06812,-0.0309,-0.00284,8.481381922,-3.546461515,-0.337937936
Husaria,NATURAL,30,Bounded,NDRE,1,0.05146,-0.01033,-0.03881,28.04955822,-4.397222896,-17.28030064
Husaria,NATURAL,30,Bounded,NDRE,2,-0.05365,-0.0019,0.03516,-18.07304001,-0.781246788,14.57101297
Husaria,NATURAL,30,Bounded,NDRE,3,-0.01708,-0.07156,0.07196,-5.875857039,-26.15487516,35.61653328
Husaria,NATURAL,30,Bounded,NDRE,4,0.06156,-0.0151,0.05187,24.03363772,-4.752896591,17.1413842
Husaria,NATURAL,30,Bounded,NDVI,1,0.01953,-0.0138,0.01068,2.225359527,-1.538219745,1.20904611
Husaria,NATURAL,30,Bounded,NDVI,2,-0.02289,-0.00078,0.01078,-2.510251014,-0.087741895,1.213702908
Husaria,NATURAL,30,Bounded,NDVI,3,0.00156,0.00522,-0.00159,0.171883591,0.574162048,-0.173890029
Husaria,NATURAL,30,Bounded,NDVI,4,0.01748,-0.01152,0.01116,1.951696625,-1.261620986,1.237811824
Husaria,NATURAL,30,Bounded,OSAVI,1,0.03296,-0.03219,0.02452,4.760659848,-4.438157399,3.537672898
Husaria,NATURAL,30,Bounded,OSAVI,2,-0.03772,-0.00212,0.00802,-5.076572533,-0.300580887,1.140531385
Husaria,NATURAL,30,Bounded,OSAVI,3,0.00374,-0.00628,0.02295,0.522199774,-0.872293702,3.21581255
Husaria,NATURAL,30,Bounded,OSAVI,4,0.02828,-0.01044,-0.00142,4.098366595,-1.453409456,-0.200601522
Husaria,NATURAL,30,Bounded,SIPI2,1,0.01032,0.00203,0.0218,1.158794091,0.225329975,2.414359458
Husaria,NATURAL,30,Bounded,SIPI2,2,0.00019,-0.01449,0.00818,0.020586588,-1.569675048,0.900255439
Husaria,NATURAL,30,Bounded,SIPI2,3,-0.00811,-0.00349,0.01291,-0.872961967,-0.378972561,1.407205634
Husaria,NATURAL,30,Bounded,SIPI2,4,-0.00114,0.00415,0.00678,-0.122211252,0.445436211,0.724497527
Husaria,NATURAL,30,Edges,GNDVI,1,0.01709,0.00197,0.04894,2.444498163,0.275058607,6.814438143
Husaria,NATURAL,30,Edges,GNDVI,2,-0.03209,-0.01496,0.00257,-4.068406019,-1.977081189,0.346496142
Husaria,NATURAL,30,Edges,GNDVI,3,-0.01198,0.00198,0.01343,-1.572836923,0.26410529,1.786662161
Husaria,NATURAL,30,Edges,GNDVI,4,0.00846,0.00207,0.0286,1.124445254,0.272070933,3.748848147
Husaria,NATURAL,30,Edges,LCI,1,0.06034,-0.00695,-0.03523,20.89979253,-1.991113047,-10.29812833
Husaria,NATURAL,30,Edges,LCI,2,-0.08984,0.00849,0.02648,-19.86419647,2.342514851,7.138986469
Husaria,NATURAL,30,Edges,LCI,3,-0.02439,-0.08399,0.08387,-6.004416533,-21.99779472,28.16121093
Husaria,NATURAL,30,Edges,LCI,4,0.06671,-0.01148,0.0626,18.76506676,-2.719019637,15.24111888
Husaria,NATURAL,30,Edges,MCARI,1,0.22672,-0.19617,-0.02449,26.39867448,-18.07100726,-2.753600538
Husaria,NATURAL,30,Edges,MCARI,2,0.04032,0.03888,-0.06229,5.157652501,4.729518497,-7.235022667
Husaria,NATURAL,30,Edges,MCARI,3,0.00697,0.03566,0.14696,0.816378162,4.142941954,16.39444847
Husaria,NATURAL,30,Edges,MCARI,4,-0.03551,0.06249,-0.12198,-3.859862323,7.065240127,-12.8812063
Husaria,NATURAL,30,Edges,MCARI2,1,0.0537,-0.06107,0.03124,7.372211567,-7.808354569,4.332624636
Husaria,NATURAL,30,Edges,MCARI2,2,-0.0472,-0.00491,0.0073,-5.780552116,-0.63821684,0.954971148
Husaria,NATURAL,30,Edges,MCARI2,3,0.02477,-0.00764,0.0389,3.285097963,-0.981020338,5.04447306
Husaria,NATURAL,30,Edges,MCARI2,4,0.08133,-0.03446,0.0033,11.52863163,-4.379816241,0.438636717
Husaria,NATURAL,30,Edges,NDRE,1,0.0451,-0.00325,-0.0299,23.77049612,-1.383974007,-12.9112492
Husaria,NATURAL,30,Edges,NDRE,2,-0.0732,0.00692,0.02235,-22.98338101,2.821138974,8.861627764
Husaria,NATURAL,30,Edges,NDRE,3,-0.02225,-0.06784,0.06476,-7.86410821,-26.02414445,33.5820702
Husaria,NATURAL,30,Edges,NDRE,4,0.05456,-0.00995,0.0542,22.73418587,-3.378022821,19.04420575
Husaria,NATURAL,30,Edges,NDVI,1,0.00554,-0.0029,0.02323,0.659122843,-0.342768935,2.755141131
Husaria,NATURAL,30,Edges,NDVI,2,-0.03215,0.00257,-0.00818,-3.579098067,0.296725284,-0.941646684
Husaria,NATURAL,30,Edges,NDVI,3,0.00592,0.01149,-0.00744,0.684416009,1.319338471,-0.843173187
Husaria,NATURAL,30,Edges,NDVI,4,0.01561,-0.00382,0.02019,1.826220122,-0.438888257,2.329899453
Husaria,NATURAL,30,Edges,OSAVI,1,0.028,-0.02995,0.02468,4.426870471,-4.534436738,3.914037088
Husaria,NATURAL,30,Edges,OSAVI,2,-0.02446,-0.00518,0.002,-3.545384839,-0.778419448,0.302905928
Husaria,NATURAL,30,Edges,OSAVI,3,0.01057,-0.00571,0.02712,1.613540921,-0.857806869,4.10945827
Husaria,NATURAL,30,Edges,OSAVI,4,0.03582,-0.01102,0.00243,5.628438226,-1.639317437,0.367507498
Husaria,NATURAL,30,Edges,SIPI2,1,0.01137,0.00069,0.01955,1.260083717,0.075517872,2.138058424
Husaria,NATURAL,30,Edges,SIPI2,2,-0.00405,-0.01189,0.00753,-0.435127815,-1.283032143,0.823111844
Husaria,NATURAL,30,Edges,SIPI2,3,-0.01135,-0.00468,0.01424,-1.218790638,-0.508750398,1.555908354
Husaria,NATURAL,30,Edges,SIPI2,4,-0.0029,0.00346,0.00717,-0.311231931,0.372491202,0.769031931
Husaria,NATURAL,50,Bounded,GNDVI,1,0.00897,-0.00524,0.03106,1.234226462,-0.712207149,4.251876452
Husaria,NATURAL,50,Bounded,GNDVI,2,-0.00892,-0.02385,0.00848,-1.149053641,-3.108014246,1.140519232
Husaria,NATURAL,50,Bounded,GNDVI,3,0.02611,-0.02192,0.00924,3.369723595,-2.736746692,1.186088872
Husaria,NATURAL,50,Bounded,GNDVI,4,-0.00368,-0.03531,0.0204,-0.452165665,-4.358285371,2.632696281
Husaria,NATURAL,50,Bounded,LCI,1,0.02941,-0.02392,-0.03637,9.350726978,-6.954883392,-11.36523432
Husaria,NATURAL,50,Bounded,LCI,2,-0.0452,-0.06934,0.0033,-9.973059501,-16.99422334,0.974368211
Husaria,NATURAL,50,Bounded,LCI,3,0.18491,-0.18657,0.09647,59.78512146,-37.75184591,31.35899828
Husaria,NATURAL,50,Bounded,LCI,4,0.04606,-0.09134,0.05749,10.5933519,-18.99509422,14.75915291
Husaria,NATURAL,50,Bounded,MCARI,1,0.2275,-0.19533,-0.02491,23.8585526,-16.53837915,-2.527032963
Husaria,NATURAL,50,Bounded,MCARI,2,-0.06268,0.19571,-0.16773,-6.604561868,22.08016824,-15.50083128
Husaria,NATURAL,50,Bounded,MCARI,3,0.00934,0.03261,0.25561,1.080004764,3.730476771,28.18934648
Husaria,NATURAL,50,Bounded,MCARI,4,-0.20208,-0.10057,-0.14891,-18.10929562,-11.00555804,-18.31068527
Husaria,NATURAL,50,Bounded,MCARI2,1,0.06487,-0.04218,-0.00452,7.803900386,-4.706953637,-0.529310573
Husaria,NATURAL,50,Bounded,MCARI2,2,-0.07299,-0.05408,0.09885,-7.948460782,-6.397721048,12.49334889
Husaria,NATURAL,50,Bounded,MCARI2,3,0.07102,-0.07888,0.07352,8.516802757,-8.716975669,8.900500108
Husaria,NATURAL,50,Bounded,MCARI2,4,-0.00627,-0.02927,-0.00284,-0.729382724,-3.429966919,-0.344622135
Husaria,NATURAL,50,Bounded,NDRE,1,0.02089,-0.01541,-0.02822,10.33795052,-6.911522643,-13.59665817
Husaria,NATURAL,50,Bounded,NDRE,2,-0.0361,-0.05664,0.00119,-11.50557271,-20.39897573,0.538410377
Husaria,NATURAL,50,Bounded,NDRE,3,0.15193,-0.15446,0.07422,76.5348016,-44.07589295,37.87101811
Husaria,NATURAL,50,Bounded,NDRE,4,0.04073,-0.07541,0.05187,13.70130285,-22.31058488,19.75315224
Husaria,NATURAL,50,Bounded,NDVI,1,0.01151,-0.02156,0.00973,1.30451389,-2.412089086,1.11547902
Husaria,NATURAL,50,Bounded,NDVI,2,-0.01802,-0.00666,0.01478,-1.986986452,-0.74925665,1.675317182
Husaria,NATURAL,50,Bounded,NDVI,3,0.01785,-0.01323,0.00591,1.988833563,-1.445331405,0.655115499
Husaria,NATURAL,50,Bounded,NDVI,4,0.00925,-0.02456,0.01116,1.023285554,-2.689440769,1.255850225
Husaria,NATURAL,50,Bounded,OSAVI,1,0.02925,-0.01608,0.00442,4.235257323,-2.233702515,0.628018431
Husaria,NATURAL,50,Bounded,OSAVI,2,-0.03388,-0.02677,0.04237,-4.585932773,-3.797696414,6.248055317
Husaria,NATURAL,50,Bounded,OSAVI,3,0.03522,-0.03848,0.03591,5.034729916,-5.23707709,5.157400532
Husaria,NATURAL,50,Bounded,OSAVI,4,-0.00824,-0.01488,-0.00142,-1.142633687,-2.087246336,-0.203432275
Husaria,NATURAL,50,Bounded,SIPI2,1,0.00041,0.00792,0.01651,0.045707864,0.88253877,1.823642403
Husaria,NATURAL,50,Bounded,SIPI2,2,0.00371,-0.01299,-0.00214,0.404152201,-1.409381337,-0.235503598
Husaria,NATURAL,50,Bounded,SIPI2,3,0.00801,-0.00735,0.00339,0.869158544,-0.790670306,0.367582877
Husaria,NATURAL,50,Bounded,SIPI2,4,-0.00765,-0.0101,0.00678,-0.809771454,-1.077838049,0.731422358
Husaria,NATURAL,50,Edges,GNDVI,1,0.00579,-0.00386,0.03653,0.813498169,-0.537955851,5.118605072
Husaria,NATURAL,50,Edges,GNDVI,2,-0.02142,-0.02491,0.00255,-2.759203464,-3.299814145,0.34932416
Husaria,NATURAL,50,Edges,GNDVI,3,0.0396,-0.03369,0.00735,5.341743432,-4.314081526,0.983618404
Husaria,NATURAL,50,Edges,GNDVI,4,0.00158,-0.03488,0.0286,0.204891194,-4.513918995,3.876173864
Husaria,NATURAL,50,Edges,LCI,1,0.02356,-0.01733,-0.02918,7.389494748,-5.061464817,-8.976776667
Husaria,NATURAL,50,Edges,LCI,2,-0.05668,-0.0707,-0.00164,-12.19394132,-17.32244494,-0.486010888
Husaria,NATURAL,50,Edges,LCI,3,0.19873,-0.20466,0.09412,68.65993415,-41.92383407,33.19800643
Husaria,NATURAL,50,Edges,LCI,4,0.05166,-0.09232,0.0626,13.01321726,-20.57770021,17.56842847
Husaria,NATURAL,50,Edges,MCARI,1,0.2275,-0.17714,-0.00984,23.85851825,-18.01244826,-1.220403055
Husaria,NATURAL,50,Edges,MCARI,2,-0.05389,0.1602,-0.12832,-6.415697685,20.3795792,-13.56045403
Husaria,NATURAL,50,Edges,MCARI,3,0.00019,0.05327,0.21566,0.025235722,7.073514356,26.74484505
Husaria,NATURAL,50,Edges,MCARI,4,-0.1532,-0.08348,-0.12198,-15.54775912,-10.03183316,-16.29287097
Husaria,NATURAL,50,Edges,MCARI2,1,0.06811,-0.04957,0.00438,9.611761601,-6.38195697,0.602350818
Husaria,NATURAL,50,Edges,MCARI2,2,-0.08372,-0.05313,0.10316,-9.958593093,-7.018855661,14.65692759
Husaria,NATURAL,50,Edges,MCARI2,3,0.06295,-0.05428,0.0713,8.657550223,-6.87035558,9.690383416
Husaria,NATURAL,50,Edges,MCARI2,4,0.00793,-0.02164,0.0033,1.043062843,-2.817007749,0.442032761
Husaria,NATURAL,50,Edges,NDRE,1,0.01703,-0.00953,-0.02453,8.046645026,-4.167559507,-11.19370634
Husaria,NATURAL,50,Edges,NDRE,2,-0.04444,-0.05909,-0.00234,-13.53924523,-20.82166101,-1.041383883
Husaria,NATURAL,50,Edges,NDRE,3,0.1619,-0.16876,0.07192,85.43941401,-48.02627273,39.37995192
Husaria,NATURAL,50,Edges,NDRE,4,0.04314,-0.07513,0.0542,15.76806255,-23.72044416,22.43368198
Husaria,NATURAL,50,Edges,NDVI,1,0.00659,-0.0254,0.01985,0.777231711,-2.972599421,2.39424609
Husaria,NATURAL,50,Edges,NDVI,2,-0.03402,-0.0089,0.01045,-3.790778447,-1.030783361,1.222907336
Husaria,NATURAL,50,Edges,NDVI,3,0.04064,-0.03249,0.00741,4.751710277,-3.626476291,0.858214011
Husaria,NATURAL,50,Edges,NDVI,4,0.0214,-0.0251,0.02019,2.506761814,-2.868273128,2.375319268
Husaria,NATURAL,50,Edges,OSAVI,1,0.03228,-0.02385,0.00868,5.1330082,-3.607345372,1.361993783
Husaria,NATURAL,50,Edges,OSAVI,2,-0.04177,-0.0251,0.04248,-5.944037534,-3.797558367,6.680810441
Husaria,NATURAL,50,Edges,OSAVI,3,0.03481,-0.02813,0.0363,5.42177213,-4.156010703,5.595625855
Husaria,NATURAL,50,Edges,OSAVI,4,0.00061,-0.01418,0.00243,0.091322697,-2.120941531,0.371337625
Husaria,NATURAL,50,Edges,SIPI2,1,0.00132,0.00949,0.01358,0.145409521,1.043888413,1.478351083
Husaria,NATURAL,50,Edges,SIPI2,2,0.00444,-0.01162,-0.004,0.480919726,-1.252599251,-0.436656911
Husaria,NATURAL,50,Edges,SIPI2,3,0.00428,-0.00411,0.0016,0.463775151,-0.443298269,0.173341957
Husaria,NATURAL,50,Edges,SIPI2,4,-0.01109,-0.01023,0.00717,-1.173059612,-1.094936214,0.775914405
Husaria,VALKIRIA,30,Bounded,GNDVI,1,0.02654,-0.00485,0.03751,3.706905823,-0.653197773,5.08506055
Husaria,VALKIRIA,30,Bounded,GNDVI,2,-0.00457,-0.03182,0.02028,-0.576560846,-4.037758498,2.681684807
Husaria,VALKIRIA,30,Bounded,GNDVI,3,-0.02043,0.00208,0.0064,-2.499538142,0.261004541,0.801000249
Husaria,VALKIRIA,30,Bounded,GNDVI,4,6.00E-05,0.00243,0.01468,0.007415821,0.300318486,1.808837428
Husaria,VALKIRIA,30,Bounded,LCI,1,0.06298,-0.02052,-0.04308,21.56177356,-5.779125865,-12.87696046
Husaria,VALKIRIA,30,Bounded,LCI,2,-0.06347,-0.00769,0.05019,-14.32275506,-2.025437813,13.49262462
Husaria,VALKIRIA,30,Bounded,LCI,3,-0.03545,-0.04065,0.04212,-7.87951127,-9.80815585,11.26802764
Husaria,VALKIRIA,30,Bounded,LCI,4,0.05509,0.00551,0.02987,13.50241789,1.18983094,6.374292842
Husaria,VALKIRIA,30,Bounded,MCARI,1,0.25616,-0.25555,-0.01415,24.12595678,-19.39038835,-1.331926417
Husaria,VALKIRIA,30,Bounded,MCARI,2,-0.02352,0.06819,-0.05851,-2.595336119,7.724977654,-6.15304692
Husaria,VALKIRIA,30,Bounded,MCARI,3,-0.01901,0.02151,0.16857,-1.941557188,2.240389292,17.17279044
Husaria,VALKIRIA,30,Bounded,MCARI,4,-0.18777,0.12053,-0.17823,-16.62135929,12.79618991,-16.77536188
Husaria,VALKIRIA,30,Bounded,MCARI2,1,0.0452,-0.06689,0.0206,5.218128147,-7.339169705,2.439252547
Husaria,VALKIRIA,30,Bounded,MCARI2,2,-0.07738,0.00052,0.0215,-8.355550372,0.061269384,2.531702211
Husaria,VALKIRIA,30,Bounded,MCARI2,3,0.00547,-0.01193,0.03637,0.631179822,-1.367960821,4.228229038
Husaria,VALKIRIA,30,Bounded,MCARI2,4,0.0366,-0.02072,-0.02097,4.395915882,-2.383825879,-2.471504624
Husaria,VALKIRIA,30,Bounded,NDRE,1,0.0454,-0.01316,-0.0332,24.38487279,-5.682676904,-15.20000366
Husaria,VALKIRIA,30,Bounded,NDRE,2,-0.05104,-0.00562,0.03976,-16.76460251,-2.21774114,16.04578052
Husaria,VALKIRIA,30,Bounded,NDRE,3,-0.03062,-0.03447,0.03361,-9.827615535,-12.26904336,13.63593948
Husaria,VALKIRIA,30,Bounded,NDRE,4,0.04661,0.00557,0.02823,16.89067987,1.726805162,8.603271254
Husaria,VALKIRIA,30,Bounded,NDVI,1,0.01605,-0.01426,0.00452,1.818942158,-1.587211483,0.511213329
Husaria,VALKIRIA,30,Bounded,NDVI,2,-0.01633,-0.00598,0.01374,-1.785204774,-0.665619633,1.539614827
Husaria,VALKIRIA,30,Bounded,NDVI,3,-0.00282,0.00662,-0.00347,-0.308830922,0.727231982,-0.378440455
Husaria,VALKIRIA,30,Bounded,NDVI,4,0.01837,-0.01144,0.0064,2.043265621,-1.246973854,0.70641658
Husaria,VALKIRIA,30,Bounded,OSAVI,1,0.02555,-0.02948,0.01858,3.642709377,-4.055293961,2.663910041
Husaria,VALKIRIA,30,Bounded,OSAVI,2,-0.0355,-0.00516,0.01126,-4.777985198,-0.7293379,1.603232664
Husaria,VALKIRIA,30,Bounded,OSAVI,3,-0.00172,-0.00757,0.02189,-0.238981494,-1.05431608,3.081228156
Husaria,VALKIRIA,30,Bounded,OSAVI,4,0.00929,-0.00346,-0.00999,1.313369365,-0.482814726,-1.400786067
Husaria,VALKIRIA,30,Bounded,SIPI2,1,0.01107,0.00387,0.02381,1.246213234,0.430305517,2.636091985
Husaria,VALKIRIA,30,Bounded,SIPI2,2,0.00573,-0.01858,0.00667,0.620095644,-1.998320035,0.732000953
Husaria,VALKIRIA,30,Bounded,SIPI2,3,-0.01177,-0.00211,0.00648,-1.250742529,-0.227059706,0.698907741
Husaria,VALKIRIA,30,Bounded,SIPI2,4,-0.01048,0.00829,0.00552,-1.110121277,0.887997678,0.586079964
Husaria,VALKIRIA,30,Edges,GNDVI,1,0.02051,0.0014,0.03983,2.866522898,0.190214548,5.401329788
Husaria,VALKIRIA,30,Edges,GNDVI,2,-0.02192,-0.02887,0.02682,-2.834857889,-3.84261644,3.712413886
Husaria,VALKIRIA,30,Edges,GNDVI,3,-0.02676,0.00175,0.00713,-3.395762403,0.229875696,0.934431235
Husaria,VALKIRIA,30,Edges,GNDVI,4,0.00667,0.0016,0.01879,0.861778261,0.204957145,2.402042311
Husaria,VALKIRIA,30,Edges,LCI,1,0.05485,-0.0113,-0.03903,18.39055024,-3.200217502,-11.41892505
Husaria,VALKIRIA,30,Edges,LCI,2,-0.08666,-0.00364,0.05797,-19.70347028,-1.030691384,16.58555566
Husaria,VALKIRIA,30,Edges,LCI,3,-0.04534,-0.0431,0.04156,-10.62545845,-11.30133125,12.28600737
Husaria,VALKIRIA,30,Edges,LCI,4,0.06696,0.00307,0.03147,18.10018354,0.70267635,7.152744158
Husaria,VALKIRIA,30,Edges,MCARI,1,0.2213,-0.21629,-0.03185,23.1344758,-18.36263595,-3.31221902
Husaria,VALKIRIA,30,Edges,MCARI,2,0.00847,0.06207,-0.05832,1.097205688,7.953297601,-6.922246977
Husaria,VALKIRIA,30,Edges,MCARI,3,-0.00136,0.02941,0.15745,-0.155417737,3.366140133,17.43418029
Husaria,VALKIRIA,30,Edges,MCARI,4,-0.18579,0.11785,-0.15662,-17.55135086,13.50312399,-15.81044426
Husaria,VALKIRIA,30,Edges,MCARI2,1,0.04554,-0.0684,0.02135,5.697478172,-8.096197983,2.749725993
Husaria,VALKIRIA,30,Edges,MCARI2,2,-0.06013,0.01112,0.01647,-7.518120132,1.503371093,2.193686392
Husaria,VALKIRIA,30,Edges,MCARI2,3,0.01833,-0.00794,0.04402,2.368887321,-1.002384767,5.61357153
Husaria,VALKIRIA,30,Edges,MCARI2,4,0.03077,-0.01415,-0.01666,3.9999948,-1.768703572,-2.119940805
Husaria,VALKIRIA,30,Edges,NDRE,1,0.03977,-0.00599,-0.03106,20.55817752,-2.568379348,-13.66890961
Husaria,VALKIRIA,30,Edges,NDRE,2,-0.07047,-0.00304,0.04568,-22.72045808,-1.268299602,19.30268623
Husaria,VALKIRIA,30,Edges,NDRE,3,-0.03852,-0.03616,0.03238,-12.96921663,-13.98888162,14.56387099
Husaria,VALKIRIA,30,Edges,NDRE,4,0.0542,0.00377,0.02824,21.73729952,1.242006846,9.189387949
Husaria,VALKIRIA,30,Edges,NDVI,1,0.00773,-0.00645,0.00799,0.886385554,-0.733111998,0.914856514
Husaria,VALKIRIA,30,Edges,NDVI,2,-0.0297,-0.00589,0.02559,-3.374114295,-0.692508562,3.029689537
Husaria,VALKIRIA,30,Edges,NDVI,3,-0.00784,0.00791,-0.00482,-0.882742718,0.898556289,-0.542663849
Husaria,VALKIRIA,30,Edges,NDVI,4,0.03131,-0.01456,0.01036,3.621239826,-1.625125149,1.175441443
Husaria,VALKIRIA,30,Edges,OSAVI,1,0.02547,-0.03129,0.01927,3.804723713,-4.502799679,2.903809611
Husaria,VALKIRIA,30,Edges,OSAVI,2,-0.03121,0.00092,0.01077,-4.594563958,0.141959754,1.65949913
Husaria,VALKIRIA,30,Edges,OSAVI,3,0.00501,-0.00531,0.0263,0.747169035,-0.786036673,3.924020226
Husaria,VALKIRIA,30,Edges,OSAVI,4,0.00834,-0.00039,-0.00747,1.239667579,-0.05726023,-1.097382002
Husaria,VALKIRIA,30,Edges,SIPI2,1,0.01197,0.0032,0.02283,1.3382361,0.353032939,2.509808923
Husaria,VALKIRIA,30,Edges,SIPI2,2,0.00097,-0.01611,0.00464,0.104211319,-1.728965593,0.506737756
Husaria,VALKIRIA,30,Edges,SIPI2,3,-0.0135,-0.003,0.00822,-1.442306151,-0.3252029,0.893963139
Husaria,VALKIRIA,30,Edges,SIPI2,4,-0.01367,0.00985,0.00614,-1.453279766,1.062612127,0.65541502
Husaria,VALKIRIA,50,Bounded,GNDVI,1,0.01389,-0.00731,0.02636,1.917287473,-0.990044031,3.60581691
Husaria,VALKIRIA,50,Bounded,GNDVI,2,0.00077,-0.03767,0.02347,0.098364718,-4.807477561,3.14653017
Husaria,VALKIRIA,50,Bounded,GNDVI,3,0.02447,-0.01467,-0.0003,3.100093624,-1.802652,-0.037540779
Husaria,VALKIRIA,50,Bounded,GNDVI,4,-0.00425,-0.02943,0.01468,-0.517698592,-3.603566098,1.864692904
Husaria,VALKIRIA,50,Bounded,LCI,1,0.02776,-0.029,-0.03562,8.666306611,-8.33139413,-11.16330963
Husaria,VALKIRIA,50,Bounded,LCI,2,-0.03955,-0.08625,0.0475,-8.474376528,-20.19192276,13.93366403
Husaria,VALKIRIA,50,Bounded,LCI,3,0.15334,-0.10625,0.03781,46.50739587,-21.99560709,10.03447443
Husaria,VALKIRIA,50,Bounded,LCI,4,0.05252,-0.07549,0.02987,11.89874737,-15.28413014,7.138743036
Husaria,VALKIRIA,50,Bounded,MCARI,1,0.26017,-0.22899,-0.01626,27.48914041,-18.94779695,-1.659961145
Husaria,VALKIRIA,50,Bounded,MCARI,2,-0.04636,0.20555,-0.14019,-4.998000153,23.32585499,-12.89980042
Husaria,VALKIRIA,50,Bounded,MCARI,3,-0.0004,0.00968,0.27156,-0.046378909,1.122890376,31.15145439
Husaria,VALKIRIA,50,Bounded,MCARI,4,-0.18178,-0.04366,-0.17823,-16.68684669,-4.810589909,-20.63035856
Husaria,VALKIRIA,50,Bounded,MCARI2,1,0.09339,-0.05473,0.00968,11.50972207,-6.048910743,1.138741808
Husaria,VALKIRIA,50,Bounded,MCARI2,2,-0.06039,-0.06129,0.11544,-6.56119929,-7.126570165,14.45292595
Husaria,VALKIRIA,50,Bounded,MCARI2,3,0.07031,-0.07409,0.06626,8.421660352,-8.185103311,7.972652814
Husaria,VALKIRIA,50,Bounded,MCARI2,4,0.00134,-0.00539,-0.02097,0.157081381,-0.630851322,-2.469932663
Husaria,VALKIRIA,50,Bounded,NDRE,1,0.0202,-0.0188,-0.02827,9.814353249,-8.317811177,-13.64243971
Husaria,VALKIRIA,50,Bounded,NDRE,2,-0.03275,-0.07003,0.03585,-10.07720214,-23.96309895,16.13331473
Husaria,VALKIRIA,50,Bounded,NDRE,3,0.12547,-0.09096,0.03067,58.72111798,-26.82070289,12.3579162
Husaria,VALKIRIA,50,Bounded,NDRE,4,0.04689,-0.06353,0.02823,15.4767288,-18.15864015,9.859218876
Husaria,VALKIRIA,50,Bounded,NDVI,1,0.00934,-0.02511,0.0149,1.053782391,-2.803484762,1.71154003
Husaria,VALKIRIA,50,Bounded,NDVI,2,-0.01157,-0.0148,0.02232,-1.268402525,-1.643347054,2.519753308
Husaria,VALKIRIA,50,Bounded,NDVI,3,0.01867,-0.00451,-0.00392,2.071955795,-0.490350106,-0.428302491
Husaria,VALKIRIA,50,Bounded,NDVI,4,0.01048,-0.02216,0.0064,1.157153094,-2.418815239,0.715890876
Husaria,VALKIRIA,50,Bounded,OSAVI,1,0.04326,-0.02216,0.00847,6.352973312,-3.059923971,1.206482242
Husaria,VALKIRIA,50,Bounded,OSAVI,2,-0.02646,-0.03152,0.05217,-3.580170241,-4.423170566,7.659769399
Husaria,VALKIRIA,50,Bounded,OSAVI,3,0.03388,-0.03771,0.0337,4.822219787,-5.120434076,4.82289113
Husaria,VALKIRIA,50,Bounded,OSAVI,4,-0.00542,-0.00238,-0.00999,-0.753918079,-0.333571131,-1.40484397
Husaria,VALKIRIA,50,Bounded,SIPI2,1,0.00511,0.00841,0.01023,0.572157324,0.936295188,1.128353211
Husaria,VALKIRIA,50,Bounded,SIPI2,2,0.00669,-0.01773,0.00407,0.727655589,-1.914519356,0.44806468
Husaria,VALKIRIA,50,Bounded,SIPI2,3,0.00619,-0.00712,0.00219,0.66600604,-0.761000031,0.235866584
Husaria,VALKIRIA,50,Bounded,SIPI2,4,-0.00867,-0.00725,0.00552,-0.914324523,-0.771628754,0.592070757
Husaria,VALKIRIA,50,Edges,GNDVI,1,0.01495,-0.00234,0.02321,2.081995819,-0.319231226,3.176532256
Husaria,VALKIRIA,50,Edges,GNDVI,2,-0.02901,-0.02667,0.02597,-3.767821171,-3.599525462,3.635925803
Husaria,VALKIRIA,50,Edges,GNDVI,3,0.03804,-0.02529,-0.00124,5.057226157,-3.20033003,-0.162104005
Husaria,VALKIRIA,50,Edges,GNDVI,4,-0.00248,-0.03093,0.01879,-0.313987246,-3.928312426,2.484033573
Husaria,VALKIRIA,50,Edges,LCI,1,0.02832,-0.02443,-0.03653,8.902273034,-7.051705774,-11.34433296
Husaria,VALKIRIA,50,Edges,LCI,2,-0.06564,-0.07654,0.04784,-14.22901253,-19.34435427,14.99070914
Husaria,VALKIRIA,50,Edges,LCI,3,0.1731,-0.12497,0.0371,58.98971173,-26.78649894,10.86157783
Husaria,VALKIRIA,50,Edges,LCI,4,0.0566,-0.07695,0.03147,13.90830837,-16.6001152,8.14017553
Husaria,VALKIRIA,50,Edges,MCARI,1,0.26017,-0.19074,-0.0113,27.48917622,-17.68713413,-1.272994161
Husaria,VALKIRIA,50,Edges,MCARI,2,-0.05593,0.17209,-0.08804,-6.71186042,22.13743502,-9.272629418
Husaria,VALKIRIA,50,Edges,MCARI,3,-0.01939,0.03579,0.24461,-2.45890933,4.653061543,30.38780761
Husaria,VALKIRIA,50,Edges,MCARI,4,-0.1645,-0.04182,-0.15662,-16.14009405,-4.892939168,-19.26727282
Husaria,VALKIRIA,50,Edges,MCARI2,1,0.10055,-0.04931,0.00928,13.57626132,-5.861996407,1.171908051
Husaria,VALKIRIA,50,Edges,MCARI2,2,-0.08671,-0.04742,0.12963,-10.36133838,-6.321393959,18.44660332
Husaria,VALKIRIA,50,Edges,MCARI2,3,0.0567,-0.05437,0.06933,7.486621131,-6.67894272,9.126199023
Husaria,VALKIRIA,50,Edges,MCARI2,4,0.00447,-0.00601,-0.01666,0.564664151,-0.75493882,-2.108644557
Husaria,VALKIRIA,50,Edges,NDRE,1,0.02047,-0.01552,-0.02932,9.883588993,-6.819549962,-13.82621038
Husaria,VALKIRIA,50,Edges,NDRE,2,-0.05077,-0.06406,0.03519,-15.57787249,-23.28260783,16.67132523
Husaria,VALKIRIA,50,Edges,NDRE,3,0.13845,-0.1045,0.02956,72.70349891,-31.77441081,13.17402097
Husaria,VALKIRIA,50,Edges,NDRE,4,0.04847,-0.06289,0.02824,17.39888937,-19.22941682,10.69045014
Husaria,VALKIRIA,50,Edges,NDVI,1,0.00951,-0.02112,0.01171,1.092461784,-2.399942729,1.363370167
Husaria,VALKIRIA,50,Edges,NDVI,2,-0.04722,-0.00157,0.03087,-5.296090964,-0.185935022,3.662742893
Husaria,VALKIRIA,50,Edges,NDVI,3,0.03492,-0.0176,-0.00611,4.021322684,-1.948430794,-0.689856846
Husaria,VALKIRIA,50,Edges,NDVI,4,0.01635,-0.02568,0.01036,1.869423886,-2.882313393,1.197312749
Husaria,VALKIRIA,50,Edges,OSAVI,1,0.04706,-0.02005,0.00743,7.270188058,-2.887546968,1.10186546
Husaria,VALKIRIA,50,Edges,OSAVI,2,-0.04659,-0.02116,0.05907,-6.662081332,-3.241714554,9.352719604
Husaria,VALKIRIA,50,Edges,OSAVI,3,0.02997,-0.02848,0.03461,4.538564166,-4.125676688,5.229431683
Husaria,VALKIRIA,50,Edges,OSAVI,4,-0.00287,-0.00548,-0.00747,-0.417873331,-0.801238703,-1.101021282
Husaria,VALKIRIA,50,Edges,SIPI2,1,0.00588,0.00923,0.0097,0.654656467,1.020948808,1.062093024
Husaria,VALKIRIA,50,Edges,SIPI2,2,0.00718,-0.01787,0.00088,0.778352689,-1.922247405,0.096515463
Husaria,VALKIRIA,50,Edges,SIPI2,3,0.00622,-0.00665,0.00305,0.673874159,-0.715637816,0.330590695
Husaria,VALKIRIA,50,Edges,SIPI2,4,-0.0109,-0.00665,0.00614,-1.152535419,-0.711350914,0.661501781
Polonez,CONTROL,30,Bounded,GNDVI,1,0.01873,-0.00345,0.04491,2.717245441,-0.4872668,6.374001002
Polonez,CONTROL,30,Bounded,GNDVI,2,-0.02497,0.05158,-0.03798,-3.324807163,7.104184141,-4.88406455
Polonez,CONTROL,30,Bounded,GNDVI,3,-0.02637,0.00275,0.0201,-3.425249165,0.369871728,2.693463727
Polonez,CONTROL,30,Bounded,GNDVI,4,-0.03192,0.04404,0.02952,-4.171343965,6.005719343,3.797561173
Polonez,CONTROL,30,Bounded,LCI,1,0.00919,-0.04284,0.03961,3.038810136,-13.74791005,14.73745307
Polonez,CONTROL,30,Bounded,LCI,2,0.0241,9.00E-05,-0.04138,6.89022246,0.024072474,-11.06532499
Polonez,CONTROL,30,Bounded,LCI,3,-0.11557,0.07934,0.04952,-28.33007714,27.13675433,13.32217771
Polonez,CONTROL,30,Bounded,LCI,4,-0.05361,0.07486,0.04815,-15.509864,25.63338709,13.12343112
Polonez,CONTROL,30,Bounded,MCARI,1,0.14956,-0.17486,0.01111,12.80149551,-13.26847065,0.972002649
Polonez,CONTROL,30,Bounded,MCARI,2,0.01513,0.03548,0.07851,1.36788022,3.164407374,6.787406599
Polonez,CONTROL,30,Bounded,MCARI,3,-0.03602,0.10199,-0.09369,-3.951203406,11.64799949,-9.583762535
Polonez,CONTROL,30,Bounded,MCARI,4,0.18867,-0.12213,0.09797,19.46153029,-10.54553022,9.456645859
Polonez,CONTROL,30,Bounded,MCARI2,1,0.00451,-0.06076,0.05268,0.503212864,-6.745482381,6.271495766
Polonez,CONTROL,30,Bounded,MCARI2,2,-0.05163,0.06822,-0.02459,-5.876120054,8.248983387,-2.746777089
Polonez,CONTROL,30,Bounded,MCARI2,3,-0.09829,0.02728,0.00929,-10.73995199,3.339490826,1.100487934
Polonez,CONTROL,30,Bounded,MCARI2,4,-0.03399,0.03408,0.06992,-4.167734452,4.36050417,8.572398886
Polonez,CONTROL,30,Bounded,NDRE,1,0.00579,-0.02867,0.02694,2.989297386,-14.37229611,15.77181797
Polonez,CONTROL,30,Bounded,NDRE,2,0.02161,-0.00445,-0.03268,9.344824455,-1.75986016,-13.1556171
Polonez,CONTROL,30,Bounded,NDRE,3,-0.0876,0.06069,0.03977,-31.73441626,32.20636698,15.96348909
Polonez,CONTROL,30,Bounded,NDRE,4,-0.04141,0.05768,0.0341,-18.13992404,30.86621252,13.94392172
Polonez,CONTROL,30,Bounded,NDVI,1,0.00497,-0.02245,0.02368,0.566123059,-2.542840347,2.752141103
Polonez,CONTROL,30,Bounded,NDVI,2,-0.01377,0.02871,-0.0084,-1.560161387,3.304440104,-0.935890394
Polonez,CONTROL,30,Bounded,NDVI,3,-0.02805,0.00659,0.01427,-3.107272347,0.753426145,1.619270568
Polonez,CONTROL,30,Bounded,NDVI,4,-0.01067,0.01114,0.02676,-1.203119767,1.271412283,3.015785541
Polonez,CONTROL,30,Bounded,OSAVI,1,0.00718,-0.0254,0.03305,1.012663941,-3.546490441,4.784301123
Polonez,CONTROL,30,Bounded,OSAVI,2,-0.02802,0.04016,-0.01981,-3.904785662,5.823995267,-2.71473618
Polonez,CONTROL,30,Bounded,OSAVI,3,-0.04818,0.01229,0.00614,-6.548945141,1.787607762,0.877392287
Polonez,CONTROL,30,Bounded,OSAVI,4,-0.01848,0.02186,0.03358,-2.677558496,3.254424216,4.841679391
Polonez,CONTROL,30,Bounded,SIPI2,1,0.01181,0.00942,0.01946,1.355942323,1.067070235,2.181098417
Polonez,CONTROL,30,Bounded,SIPI2,2,-0.0104,0.02075,-0.02171,-1.138676573,2.298046052,-2.350353094
Polonez,CONTROL,30,Bounded,SIPI2,3,-0.00347,-0.00151,0.00623,-0.379114402,-0.165602679,0.684381492
Polonez,CONTROL,30,Bounded,SIPI2,4,-0.01606,0.02466,0.00553,-1.745081229,2.727149068,0.595327166
Polonez,CONTROL,30,Edges,GNDVI,1,0.011,0.00894,0.03512,1.585811885,1.268713164,4.921586735
Polonez,CONTROL,30,Edges,GNDVI,2,-0.03218,0.04383,-0.03884,-4.293809735,6.110661103,-5.103133487
Polonez,CONTROL,30,Edges,GNDVI,3,-0.03193,0.00235,0.02794,-4.208453548,0.323343621,3.831958866
Polonez,CONTROL,30,Edges,GNDVI,4,-0.04449,0.05817,0.02236,-5.879391207,8.167408712,2.902422276
Polonez,CONTROL,30,Edges,LCI,1,-0.00148,-0.01984,0.02008,-0.473053529,-6.371615481,6.887538974
Polonez,CONTROL,30,Edges,LCI,2,0.01673,-0.0169,-0.04018,4.574775568,-4.419097824,-10.99222775
Polonez,CONTROL,30,Edges,LCI,3,-0.11832,0.07492,0.05875,-28.3822002,25.09369945,15.73038521
Polonez,CONTROL,30,Edges,LCI,4,-0.07425,0.09607,0.03025,-21.31287298,35.04528857,8.171236707
Polonez,CONTROL,30,Edges,MCARI,1,0.14457,-0.19036,0.04552,13.64458761,-15.80917374,4.49025451
Polonez,CONTROL,30,Edges,MCARI,2,0.0093,0.05737,0.07589,0.988845188,6.040276229,7.535041567
Polonez,CONTROL,30,Edges,MCARI,3,-0.02631,0.08649,-0.07983,-3.486841844,11.87656284,-9.798326073
Polonez,CONTROL,30,Edges,MCARI,4,0.21707,-0.15933,0.13962,25.18999549,-14.7691743,15.18481823
Polonez,CONTROL,30,Edges,MCARI2,1,0.00813,-0.07952,0.077,0.968374762,-9.380887386,10.02394029
Polonez,CONTROL,30,Edges,MCARI2,2,-0.05567,0.08511,-0.02454,-7.155241886,11.78219754,-3.039118433
Polonez,CONTROL,30,Edges,MCARI2,3,-0.09406,0.02906,0.00367,-11.96964703,4.200872845,0.509141659
Polonez,CONTROL,30,Edges,MCARI2,4,-0.00836,0.00925,0.098,-1.130751991,1.265440079,13.23928935
Polonez,CONTROL,30,Edges,NDRE,1,-0.0024,-0.01026,0.01097,-1.176061273,-5.087493988,5.731123081
Polonez,CONTROL,30,Edges,NDRE,2,0.01676,-0.01932,-0.03198,6.726034489,-7.264769253,-12.96726556
Polonez,CONTROL,30,Edges,NDRE,3,-0.09197,0.05844,0.04733,-31.55698752,29.29749187,18.35129172
Polonez,CONTROL,30,Edges,NDRE,4,-0.05773,0.07437,0.01848,-24.69088281,42.23624355,7.378688845
Polonez,CONTROL,30,Edges,NDVI,1,-0.00406,-0.01309,0.01978,-0.463490955,-1.501317237,2.303184286
Polonez,CONTROL,30,Edges,NDVI,2,-0.02221,0.02062,-0.00876,-2.553516345,2.432834535,-1.008994565
Polonez,CONTROL,30,Edges,NDVI,3,-0.03155,0.00602,0.0255,-3.608266877,0.714259442,3.004060783
Polonez,CONTROL,30,Edges,NDVI,4,-0.0226,0.02397,0.02356,-2.580995876,2.809979942,2.686427952
Polonez,CONTROL,30,Edges,OSAVI,1,0.00871,-0.03554,0.04448,1.275198344,-5.137761098,6.778410883
Polonez,CONTROL,30,Edges,OSAVI,2,-0.03084,0.04906,-0.01812,-4.624721265,7.713703065,-2.644981323
Polonez,CONTROL,30,Edges,OSAVI,3,-0.04909,0.01541,0.00442,-7.352093227,2.491064659,0.697137792
Polonez,CONTROL,30,Edges,OSAVI,4,-0.0071,0.01151,0.04814,-1.090175979,1.786792637,7.341984898
Polonez,CONTROL,30,Edges,SIPI2,1,0.01188,0.01278,0.0142,1.357185371,1.44045283,1.577776025
Polonez,CONTROL,30,Edges,SIPI2,2,-0.00995,0.01946,-0.02131,-1.082202821,2.139705389,-2.294034756
Polonez,CONTROL,30,Edges,SIPI2,3,-0.00576,-0.00117,0.00547,-0.623328727,-0.127407817,0.596418653
Polonez,CONTROL,30,Edges,SIPI2,4,-0.01762,0.02695,0.00274,-1.913655266,2.98406322,0.294597997
Polonez,CONTROL,50,Bounded,GNDVI,1,0.02091,-0.0096,0.04223,3.064719668,-1.365205186,6.088602649
Polonez,CONTROL,50,Bounded,GNDVI,2,-0.01328,0.05161,-0.0374,-1.814279527,7.181111215,-4.855244898
Polonez,CONTROL,50,Bounded,GNDVI,3,-0.02382,0.00053,0.02225,-3.136104568,0.072038178,3.022067203
Polonez,CONTROL,50,Bounded,GNDVI,4,-0.03581,0.03565,0.04,-4.703728174,4.913845742,5.255199034
Polonez,CONTROL,50,Bounded,LCI,1,0.00349,-0.05672,0.08652,1.173776027,-18.85506663,35.44434476
Polonez,CONTROL,50,Bounded,LCI,2,-0.01533,0.02742,-0.03834,-4.485722061,8.40019484,-10.83537521
Polonez,CONTROL,50,Bounded,LCI,3,-0.07069,0.00583,0.04537,-17.52350639,1.752271491,13.40162639
Polonez,CONTROL,50,Bounded,LCI,4,-0.08839,0.0946,0.02847,-24.67402319,35.05768212,7.811964076
Polonez,CONTROL,50,Bounded,MCARI,1,0.00834,-0.14968,0.01621,0.686984607,-12.24535543,1.511195056
Polonez,CONTROL,50,Bounded,MCARI,2,0.178,0.01503,0.10124,18.7247991,1.331725457,8.852428341
Polonez,CONTROL,50,Bounded,MCARI,3,-0.03673,0.21888,-0.19464,-4.024848205,24.99055205,-17.77971027
Polonez,CONTROL,50,Bounded,MCARI,4,0.23434,-0.28382,0.28249,24.90247399,-24.14726925,31.68523169
Polonez,CONTROL,50,Bounded,MCARI2,1,0.00069,-0.05373,0.05263,0.076833053,-5.978363066,6.228321288
Polonez,CONTROL,50,Bounded,MCARI2,2,-0.04526,0.05694,-0.02713,-5.188516481,6.884702394,-3.069035771
Polonez,CONTROL,50,Bounded,MCARI2,3,-0.07327,-0.03695,0.08908,-8.165871849,-4.484217859,11.3181992
Polonez,CONTROL,50,Bounded,MCARI2,4,-0.05315,0.00043,0.09392,-6.435162259,0.05564319,12.14674908
Polonez,CONTROL,50,Bounded,NDRE,1,0.00175,-0.03902,0.06195,0.923477976,-20.4025077,40.69473366
Polonez,CONTROL,50,Bounded,NDRE,2,-0.01086,0.01803,-0.02959,-4.826430708,8.419292929,-12.74436754
Polonez,CONTROL,50,Bounded,NDRE,3,-0.05353,0.00329,0.03441,-19.6750113,1.505438339,15.51180854
Polonez,CONTROL,50,Bounded,NDRE,4,-0.06706,0.07163,0.01813,-28.22735098,42.00901995,7.487373059
Polonez,CONTROL,50,Bounded,NDVI,1,0.00475,-0.02093,0.02471,0.542311113,-2.376704885,2.874255119
Polonez,CONTROL,50,Bounded,NDVI,2,-0.0107,0.02569,-0.00606,-1.221069497,2.967948696,-0.679927878
Polonez,CONTROL,50,Bounded,NDVI,3,-0.02626,0.00306,0.0189,-2.922580552,0.350812429,2.159207879
Polonez,CONTROL,50,Bounded,NDVI,4,-0.01418,0.01108,0.02728,-1.59936657,1.270029034,3.087715803
Polonez,CONTROL,50,Bounded,OSAVI,1,0.00574,-0.02377,0.0321,0.809156152,-3.323913016,4.643082891
Polonez,CONTROL,50,Bounded,OSAVI,2,-0.02256,0.03587,-0.02158,-3.169825955,5.204955082,-2.976465509
Polonez,CONTROL,50,Bounded,OSAVI,3,-0.03531,-0.01504,0.04071,-4.86416566,-2.177781703,6.02601355
Polonez,CONTROL,50,Bounded,OSAVI,4,-0.02773,0.00605,0.04517,-3.989290919,0.906528655,6.70744293
Polonez,CONTROL,50,Bounded,SIPI2,1,0.01345,0.00404,0.01737,1.550555606,0.458631756,1.962887083
Polonez,CONTROL,50,Bounded,SIPI2,2,-0.00374,0.02262,-0.0229,-0.413858277,2.513470178,-2.482193782
Polonez,CONTROL,50,Bounded,SIPI2,3,-0.00264,-0.00103,0.00527,-0.289803845,-0.113396035,0.580850025
Polonez,CONTROL,50,Bounded,SIPI2,4,-0.01727,0.01925,0.01244,-1.880749381,2.136560038,1.351834485
Polonez,CONTROL,50,Edges,GNDVI,1,0.0133,-0.00796,0.05125,1.940384955,-1.139208079,7.419246031
Polonez,CONTROL,50,Edges,GNDVI,2,-0.0094,0.04651,-0.03773,-1.306824264,6.551617761,-4.988028995
Polonez,CONTROL,50,Edges,GNDVI,3,-0.05111,0.00015,0.0311,-6.724637224,0.021158618,4.385958727
Polonez,CONTROL,50,Edges,GNDVI,4,-0.04622,0.04717,0.03576,-6.150685132,6.688493721,4.752721584
Polonez,CONTROL,50,Edges,LCI,1,-0.00674,-0.05287,0.09937,-2.206356533,-17.69760428,40.41550244
Polonez,CONTROL,50,Edges,LCI,2,-0.00981,0.00841,-0.03735,-2.802448786,2.471777358,-10.71271845
Polonez,CONTROL,50,Edges,LCI,3,-0.09966,0.00094,0.05467,-23.37949333,0.287804146,16.69053063
Polonez,CONTROL,50,Edges,LCI,4,-0.10623,0.11282,0.01566,-29.73289931,44.93907612,4.303723023
Polonez,CONTROL,50,Edges,MCARI,1,0.02122,-0.14173,0.00678,1.933483432,-12.66893175,0.693967498
Polonez,CONTROL,50,Edges,MCARI,2,0.13659,0.06037,0.09437,17.0878261,6.450261825,9.472037065
Polonez,CONTROL,50,Edges,MCARI,3,-0.0204,0.19993,-0.16862,-2.71778591,27.37975736,-18.12843429
Polonez,CONTROL,50,Edges,MCARI,4,0.24533,-0.29441,0.28834,28.88746805,-26.89680438,36.03434723
Polonez,CONTROL,50,Edges,MCARI2,1,0.00772,-0.05851,0.05071,0.917397396,-6.889762621,6.413134342
Polonez,CONTROL,50,Edges,MCARI2,2,-0.04398,0.08932,-0.02931,-5.818145258,12.54615967,-3.658029756
Polonez,CONTROL,50,Edges,MCARI2,3,-0.07047,-0.02036,0.08465,-9.171112103,-2.917235618,12.49334008
Polonez,CONTROL,50,Edges,MCARI2,4,-0.03584,-0.01736,0.11266,-4.721125588,-2.400107286,15.95884075
Polonez,CONTROL,50,Edges,NDRE,1,-0.00627,-0.03588,0.07229,-3.165531552,-18.70688891,46.3632224
Polonez,CONTROL,50,Edges,NDRE,2,-0.00718,0.001,-0.02915,-3.007443213,0.43185165,-12.53434583
Polonez,CONTROL,50,Edges,NDRE,3,-0.07658,-0.00132,0.0416,-25.69790034,-0.596149417,18.9004139
Polonez,CONTROL,50,Edges,NDRE,4,-0.08102,0.08567,0.00673,-33.75256727,53.87338779,2.750407657
Polonez,CONTROL,50,Edges,NDVI,1,-0.00263,-0.02049,0.03445,-0.301518714,-2.35619885,4.057088953
Polonez,CONTROL,50,Edges,NDVI,2,-0.00174,0.02322,-0.0042,-0.206344256,2.759322219,-0.485700177
Polonez,CONTROL,50,Edges,NDVI,3,-0.06174,0.00791,0.03007,-6.966109325,0.959309976,3.612181231
Polonez,CONTROL,50,Edges,NDVI,4,-0.02248,0.02099,0.02593,-2.569962308,2.462918353,2.969431914
Polonez,CONTROL,50,Edges,OSAVI,1,0.00824,-0.02678,0.03186,1.204095679,-3.866751568,4.785285472
Polonez,CONTROL,50,Edges,OSAVI,2,-0.02028,0.05228,-0.02003,-3.113050713,8.283016805,-2.930714857
Polonez,CONTROL,50,Edges,OSAVI,3,-0.03976,-0.00339,0.04026,-6.018670594,-0.546024731,6.520249862
Polonez,CONTROL,50,Edges,OSAVI,4,-0.02057,-0.00164,0.05564,-3.106119977,-0.25558269,8.693328917
Polonez,CONTROL,50,Edges,SIPI2,1,0.01251,0.0048,0.01791,1.434911124,0.542777051,2.014303693
Polonez,CONTROL,50,Edges,SIPI2,2,-0.00607,0.01986,-0.02355,-0.663975034,2.186933239,-2.537767476
Polonez,CONTROL,50,Edges,SIPI2,3,-0.00105,-0.0029,0.00444,-0.114360274,-0.316213809,0.48567
Polonez,CONTROL,50,Edges,SIPI2,4,-0.01997,0.0218,0.01069,-2.175118259,2.427235813,1.162031043
Polonez,KAISHI,30,Bounded,GNDVI,1,0.01192,0.00206,0.04816,1.693901245,0.287861871,6.710502298
Polonez,KAISHI,30,Bounded,GNDVI,2,-0.03977,0.06352,-0.03644,-5.238677962,8.829690669,-4.654424322
Polonez,KAISHI,30,Bounded,GNDVI,3,-0.02162,-0.01066,0.02123,-2.767427304,-1.403349873,2.834631371
Polonez,KAISHI,30,Bounded,GNDVI,4,-0.02659,0.03313,0.03979,-3.484421008,4.498174526,5.169875697
Polonez,KAISHI,30,Bounded,LCI,1,0.03479,0.00149,-0.03384,11.94748464,0.457081854,-10.33373948
Polonez,KAISHI,30,Bounded,LCI,2,-0.00703,0.02834,-0.04131,-1.930942042,7.937463765,-10.71926224
Polonez,KAISHI,30,Bounded,LCI,3,-0.09554,0.03092,0.0483,-21.85164939,9.049376465,12.96292817
Polonez,KAISHI,30,Bounded,LCI,4,-0.05902,0.08099,0.04499,-17.14795413,28.4014995,12.28728038
Polonez,KAISHI,30,Bounded,MCARI,1,0.22161,-0.19809,-0.04757,20.10139134,-14.96067809,-4.224760453
Polonez,KAISHI,30,Bounded,MCARI,2,-0.03817,0.07426,0.10551,-3.59490328,7.254709064,9.61041871
Polonez,KAISHI,30,Bounded,MCARI,3,-0.01273,0.05919,-0.08325,-1.433250281,6.761009343,-8.907067986
Polonez,KAISHI,30,Bounded,MCARI,4,0.20575,-0.13832,0.12289,21.83044719,-12.04625161,12.16827851
Polonez,KAISHI,30,Bounded,MCARI2,1,0.03914,-0.05538,0.00954,4.516965163,-6.114938315,1.121995223
Polonez,KAISHI,30,Bounded,MCARI2,2,-0.07381,0.08972,-0.0201,-8.616412626,11.46125949,-2.30364308
Polonez,KAISHI,30,Bounded,MCARI2,3,-0.09288,0.02417,0.00291,-10.41604753,3.025709139,0.353588314
Polonez,KAISHI,30,Bounded,MCARI2,4,-0.02415,0.02788,0.07814,-3.038534659,3.617767547,9.785591112
Polonez,KAISHI,30,Bounded,NDRE,1,0.02413,0.00366,-0.02639,12.97932882,1.742516937,-12.34902972
Polonez,KAISHI,30,Bounded,NDRE,2,-0.00252,0.01757,-0.03276,-1.035285998,7.293755267,-12.67502641
Polonez,KAISHI,30,Bounded,NDRE,3,-0.07528,0.02299,0.03968,-24.8587496,10.10322961,15.83772716
Polonez,KAISHI,30,Bounded,NDRE,4,-0.04565,0.06295,0.03092,-20.04117991,34.5630343,12.61623708
Polonez,KAISHI,30,Bounded,NDVI,1,0.01207,-0.0136,0.00678,1.380073657,-1.533844389,0.77657804
Polonez,KAISHI,30,Bounded,NDVI,2,-0.02139,0.03711,-0.01049,-2.436021688,4.331834137,-1.173652453
Polonez,KAISHI,30,Bounded,NDVI,3,-0.02905,0.0109,0.00834,-3.240737125,1.256699998,0.949614632
Polonez,KAISHI,30,Bounded,NDVI,4,-0.00968,0.01123,0.02755,-1.099548935,1.289795,3.12389799
Polonez,KAISHI,30,Bounded,OSAVI,1,0.01978,-0.02252,0.01619,2.825427707,-3.128425188,2.321709489
Polonez,KAISHI,30,Bounded,OSAVI,2,-0.04049,0.05106,-0.01679,-5.703692539,7.627714927,-2.330452308
Polonez,KAISHI,30,Bounded,OSAVI,3,-0.04442,0.00672,0.00514,-6.093520867,0.981665354,0.743557881
Polonez,KAISHI,30,Bounded,OSAVI,4,-0.01345,0.01682,0.03993,-1.972658513,2.516566398,5.827572166
Polonez,KAISHI,30,Bounded,SIPI2,1,0.00278,0.00871,0.03057,0.314650133,0.982736113,3.415600479
Polonez,KAISHI,30,Bounded,SIPI2,2,-0.01667,0.02427,-0.0193,-1.808200575,2.681053996,-2.076360581
Polonez,KAISHI,30,Bounded,SIPI2,3,0.00127,-0.01365,0.01035,0.137080784,-1.471331668,1.132284776
Polonez,KAISHI,30,Bounded,SIPI2,4,-0.01274,0.0167,0.01196,-1.380489586,1.834920851,1.290432565
Polonez,KAISHI,30,Edges,GNDVI,1,0.00226,0.0182,0.03968,0.324176541,2.602189557,5.52945816
Polonez,KAISHI,30,Edges,GNDVI,2,-0.0501,0.0687,-0.04142,-6.672073577,9.803208089,-5.382779006
Polonez,KAISHI,30,Edges,GNDVI,3,-0.01872,-0.01385,0.02515,-2.431986863,-1.844156155,3.411691453
Polonez,KAISHI,30,Edges,GNDVI,4,-0.03839,0.0471,0.03423,-5.062700203,6.54256627,4.462836424
Polonez,KAISHI,30,Edges,LCI,1,0.02043,0.02552,-0.04595,6.821573937,7.976969314,-13.30183736
Polonez,KAISHI,30,Edges,LCI,2,-0.01936,0.02941,-0.04853,-5.208207231,8.346553676,-12.71180891
Polonez,KAISHI,30,Edges,LCI,3,-0.09339,0.0266,0.05279,-21.13512767,7.633127775,14.07429329
Polonez,KAISHI,30,Edges,LCI,4,-0.07313,0.09802,0.03188,-20.98777124,35.60337219,8.539339085
Polonez,KAISHI,30,Edges,MCARI,1,0.20226,-0.19274,-0.02571,21.16175149,-16.64362488,-2.663417939
Polonez,KAISHI,30,Edges,MCARI,2,-0.02086,0.07092,0.10149,-2.316771269,8.063388329,10.67808861
Polonez,KAISHI,30,Edges,MCARI,3,0.0146,0.04634,-0.07503,1.953226905,6.080718454,-9.281055292
Polonez,KAISHI,30,Edges,MCARI,4,0.19078,-0.12769,0.12363,22.46264958,-12.27669236,13.54981472
Polonez,KAISHI,30,Edges,MCARI2,1,0.04429,-0.06714,0.02155,5.748879494,-8.241060217,2.882707899
Polonez,KAISHI,30,Edges,MCARI2,2,-0.06402,0.09462,-0.01366,-8.533940476,13.78976654,-1.749530278
Polonez,KAISHI,30,Edges,MCARI2,3,-0.07261,0.02256,-0.00132,-9.345265139,3.202903057,-0.18158782
Polonez,KAISHI,30,Edges,MCARI2,4,-0.0209,0.02569,0.09085,-2.856279921,3.614130702,12.33518576
Polonez,KAISHI,30,Edges,NDRE,1,0.01341,0.02319,-0.03707,6.800513208,11.01134373,-15.85604236
Polonez,KAISHI,30,Edges,NDRE,2,-0.01239,0.01746,-0.03892,-4.85632871,7.19285164,-14.95766734
Polonez,KAISHI,30,Edges,NDRE,3,-0.07569,0.0196,0.04386,-24.09887895,8.221786896,17.00059304
Polonez,KAISHI,30,Edges,NDRE,4,-0.05697,0.07632,0.01951,-24.35125304,43.12327312,7.702298846
Polonez,KAISHI,30,Edges,NDVI,1,-0.00073,0.00123,0.00067,-0.085371031,0.143967246,0.078308444
Polonez,KAISHI,30,Edges,NDVI,2,-0.03304,0.04477,-0.01692,-3.827835454,5.393254637,-1.933977307
Polonez,KAISHI,30,Edges,NDVI,3,-0.02444,0.00863,0.01264,-2.79860894,1.016668414,1.47408514
Polonez,KAISHI,30,Edges,NDVI,4,-0.02129,0.02562,0.02436,-2.441622962,3.011740144,2.779898458
Polonez,KAISHI,30,Edges,OSAVI,1,0.02193,-0.02927,0.02063,3.357364079,-4.335519114,3.194235203
Polonez,KAISHI,30,Edges,OSAVI,2,-0.03647,0.05624,-0.01242,-5.573716876,9.102518245,-1.842481208
Polonez,KAISHI,30,Edges,OSAVI,3,-0.03552,0.00765,0.00321,-5.31433419,1.208796244,0.501162353
Polonez,KAISHI,30,Edges,OSAVI,4,-0.01221,0.01594,0.04797,-1.879268178,2.500349014,7.341024805
Polonez,KAISHI,30,Edges,SIPI2,1,0.00402,0.01082,0.02673,0.451193136,1.208950705,2.950946721
Polonez,KAISHI,30,Edges,SIPI2,2,-0.01712,0.02369,-0.01862,-1.851469333,2.610321624,-1.999482411
Polonez,KAISHI,30,Edges,SIPI2,3,0.00037,-0.01395,0.01064,0.039725955,-1.497181114,1.159292701
Polonez,KAISHI,30,Edges,SIPI2,4,-0.01379,0.01773,0.01016,-1.49190595,1.947215416,1.094519753
Polonez,KAISHI,50,Bounded,GNDVI,1,0.01515,-0.00068,0.03611,2.168588814,-0.095269985,5.063940843
Polonez,KAISHI,50,Bounded,GNDVI,2,-0.00215,0.06089,-0.04123,-0.29724831,8.443446657,-5.272102102
Polonez,KAISHI,50,Bounded,GNDVI,3,-0.02615,-0.01321,0.02406,-3.347495651,-1.749597036,3.243370031
Polonez,KAISHI,50,Bounded,GNDVI,4,-0.0454,0.03839,0.03335,-5.836218233,5.240948477,4.326162843
Polonez,KAISHI,50,Bounded,LCI,1,0.04357,-0.0395,0.01693,15.64671534,-12.26589987,5.992262796
Polonez,KAISHI,50,Bounded,LCI,2,-0.08687,0.08818,-0.03812,-23.6219616,31.39407792,-10.32891582
Polonez,KAISHI,50,Bounded,LCI,3,-0.0741,-0.04329,0.00812,-15.92449084,-11.06535692,2.333796069
Polonez,KAISHI,50,Bounded,LCI,4,-0.11124,0.0704,0.03982,-28.20122144,24.85779154,11.2609619
Polonez,KAISHI,50,Bounded,MCARI,1,0.08767,-0.18986,-0.00423,7.709075817,-15.50002817,-0.408679463
Polonez,KAISHI,50,Bounded,MCARI,2,0.12612,0.046,0.14411,13.99760935,4.47849398,13.42892899
Polonez,KAISHI,50,Bounded,MCARI,3,-0.04096,0.20726,-0.23239,-4.451491674,23.57421282,-21.39002486
Polonez,KAISHI,50,Bounded,MCARI,4,0.19962,-0.21659,0.23901,21.15535227,-18.94575892,25.79371717
Polonez,KAISHI,50,Bounded,MCARI2,1,0.03378,-0.06948,0.04338,3.8920593,-7.705436725,5.212557722
Polonez,KAISHI,50,Bounded,MCARI2,2,-0.07255,0.08147,-0.02123,-8.528060316,10.46942125,-2.46963558
Polonez,KAISHI,50,Bounded,MCARI2,3,-0.07942,-0.03886,0.07102,-8.856613633,-4.754616052,9.123246036
Polonez,KAISHI,50,Bounded,MCARI2,4,-0.06667,0.02374,0.07936,-8.124236106,3.148703978,10.2044359
Polonez,KAISHI,50,Bounded,NDRE,1,0.03101,-0.02707,0.01071,17.6272304,-13.08165524,5.954598273
Polonez,KAISHI,50,Bounded,NDRE,2,-0.06601,0.0639,-0.02947,-26.72567017,35.30757372,-12.03441672
Polonez,KAISHI,50,Bounded,NDRE,3,-0.05961,-0.03647,0.00438,-18.27456919,-13.68064491,1.903429215
Polonez,KAISHI,50,Bounded,NDRE,4,-0.08641,0.05345,0.0271,-32.34258209,29.56943146,11.57076312
Polonez,KAISHI,50,Bounded,NDVI,1,0.01047,-0.02099,0.01979,1.197870605,-2.373035801,2.291753278
Polonez,KAISHI,50,Bounded,NDVI,2,-0.01664,0.03683,-0.0113,-1.911828404,4.314005231,-1.26886311
Polonez,KAISHI,50,Bounded,NDVI,3,-0.02978,-0.00089,0.0189,-3.302720142,-0.102075809,2.169892229
Polonez,KAISHI,50,Bounded,NDVI,4,-0.01913,0.0113,0.0275,-2.156340916,1.301811823,3.127413084
Polonez,KAISHI,50,Bounded,OSAVI,1,0.01807,-0.02823,0.02624,2.578956457,-3.927701356,3.800084285
Polonez,KAISHI,50,Bounded,OSAVI,2,-0.03039,0.04675,-0.01842,-4.342663129,6.983751387,-2.572047347
Polonez,KAISHI,50,Bounded,OSAVI,3,-0.03822,-0.01917,0.03322,-5.229734778,-2.767827364,4.932947845
Polonez,KAISHI,50,Bounded,OSAVI,4,-0.03554,0.01665,0.03779,-5.098403198,2.516850807,5.57217657
Polonez,KAISHI,50,Bounded,SIPI2,1,0.00586,0.0109,0.01492,0.665386611,1.229483696,1.662486308
Polonez,KAISHI,50,Bounded,SIPI2,2,0.00781,0.02238,-0.02232,0.866967645,2.462991842,-2.397342301
Polonez,KAISHI,50,Bounded,SIPI2,3,-0.00156,-0.0086,0.00621,-0.168820024,-0.932248312,0.679504673
Polonez,KAISHI,50,Bounded,SIPI2,4,-0.02101,0.02077,0.00738,-2.259623296,2.285453971,0.793923153
Polonez,KAISHI,50,Edges,GNDVI,1,0.00645,0.00133,0.04132,0.928644136,0.189725981,5.883182101
Polonez,KAISHI,50,Edges,GNDVI,2,-0.01316,0.06536,-0.04622,-1.828969148,9.252927994,-5.989133519
Polonez,KAISHI,50,Edges,GNDVI,3,-0.03096,-0.02268,0.03191,-3.997360915,-3.050227893,4.426589501
Polonez,KAISHI,50,Edges,GNDVI,4,-0.06311,0.05374,0.02977,-8.126019615,7.531557844,3.879985038
Polonez,KAISHI,50,Edges,LCI,1,0.0298,-0.03129,0.02409,10.2708683,-9.779928174,8.345718532
Polonez,KAISHI,50,Edges,LCI,2,-0.0986,0.08361,-0.04375,-25.75212664,29.41104048,-11.89210935
Polonez,KAISHI,50,Edges,LCI,3,-0.07543,-0.0583,0.01791,-15.98326874,-14.70361992,5.295667369
Polonez,KAISHI,50,Edges,LCI,4,-0.13706,0.0909,0.02905,-33.83353781,33.91272231,8.093252094
Polonez,KAISHI,50,Edges,MCARI,1,0.08727,-0.18634,0.00409,8.896468835,-17.44395589,0.463781395
Polonez,KAISHI,50,Edges,MCARI,2,0.11267,0.0621,0.13541,14.85880378,7.130218924,14.51275989
Polonez,KAISHI,50,Edges,MCARI,3,-0.04505,0.19726,-0.19554,-5.745799699,26.69279203,-20.88520188
Polonez,KAISHI,50,Edges,MCARI,4,0.21212,-0.21421,0.23919,25.46608384,-20.49717196,28.78820886
Polonez,KAISHI,50,Edges,MCARI2,1,0.03937,-0.08233,0.04772,5.095510075,-10.13902521,6.539844124
Polonez,KAISHI,50,Edges,MCARI2,2,-0.06002,0.09458,-0.01395,-8.137632006,13.95930283,-1.806711642
Polonez,KAISHI,50,Edges,MCARI2,3,-0.08879,-0.02269,0.07145,-11.15745215,-3.20933068,10.44115906
Polonez,KAISHI,50,Edges,MCARI2,4,-0.05087,0.01808,0.0951,-6.792801527,2.59021706,13.28043503
Polonez,KAISHI,50,Edges,NDRE,1,0.02086,-0.02015,0.01596,11.00263198,-9.57467534,8.38671368
Polonez,KAISHI,50,Edges,NDRE,2,-0.07685,0.05966,-0.03441,-28.95836552,31.64466321,-13.86432224
Polonez,KAISHI,50,Edges,NDRE,3,-0.05982,-0.05013,0.01197,-17.7201916,-18.04789009,5.258510484
Polonez,KAISHI,50,Edges,NDRE,4,-0.10731,0.06917,0.01734,-38.45947079,40.28280075,7.19857523
Polonez,KAISHI,50,Edges,NDVI,1,-0.00084,-0.02301,0.02895,-0.098020797,-2.687704191,3.474927111
Polonez,KAISHI,50,Edges,NDVI,2,-0.0274,0.04442,-0.01696,-3.191758274,5.344974677,-1.937220796
Polonez,KAISHI,50,Edges,NDVI,3,-0.03953,-0.00924,0.02821,-4.446614195,-1.087748584,3.357450004
Polonez,KAISHI,50,Edges,NDVI,4,-0.03557,0.02525,0.02706,-4.027806244,2.979206906,3.100398606
Polonez,KAISHI,50,Edges,OSAVI,1,0.02032,-0.03771,0.02946,3.098122983,-5.576744193,4.614003956
Polonez,KAISHI,50,Edges,OSAVI,2,-0.02521,0.05598,-0.01409,-3.926234755,9.074683772,-2.094043198
Polonez,KAISHI,50,Edges,OSAVI,3,-0.04555,-0.00974,0.03431,-6.698322552,-1.535137146,5.491963741
Polonez,KAISHI,50,Edges,OSAVI,4,-0.02908,0.01537,0.04651,-4.395066281,2.429766777,7.178122699
Polonez,KAISHI,50,Edges,SIPI2,1,0.00675,0.01291,0.01299,0.759928893,1.442472606,1.430772738
Polonez,KAISHI,50,Edges,SIPI2,2,0.00629,0.02125,-0.02219,0.69493471,2.331549652,-2.379213884
Polonez,KAISHI,50,Edges,SIPI2,3,0.00024,-0.00901,0.00566,0.025899159,-0.97204586,0.616624233
Polonez,KAISHI,50,Edges,SIPI2,4,-0.02361,0.02322,0.0054,-2.535435422,2.558421139,0.580139255
Polonez,KUMA,30,Bounded,GNDVI,1,0.01066,0.00304,0.0456,1.519338788,0.426797851,6.374760422
Polonez,KUMA,30,Bounded,GNDVI,2,-0.0362,0.06801,-0.03881,-4.798890687,9.470285083,-4.936710632
Polonez,KUMA,30,Bounded,GNDVI,3,-0.0245,-0.00935,0.0157,-3.100280797,-1.221023544,2.07561862
Polonez,KUMA,30,Bounded,GNDVI,4,-0.02428,0.0466,0.02385,-3.185595023,6.315210306,3.040149088
Polonez,KUMA,30,Bounded,LCI,1,0.04239,-0.00038,-0.04021,15.13598823,-0.117847363,-12.48482477
Polonez,KUMA,30,Bounded,LCI,2,0.00186,0.02871,-0.04194,0.522543833,8.023789095,-10.85063942
Polonez,KUMA,30,Bounded,LCI,3,-0.08874,0.02528,0.05005,-20.13290348,7.181185748,13.26491939
Polonez,KUMA,30,Bounded,LCI,4,-0.06658,0.11004,0.01831,-19.05219753,38.89974936,4.659969816
Polonez,KUMA,30,Bounded,MCARI,1,0.247,-0.2274,-0.01745,22.89536448,-17.15163661,-1.588644063
Polonez,KUMA,30,Bounded,MCARI,2,-0.04955,0.05658,0.15624,-4.654806851,5.574708284,14.58114213
Polonez,KUMA,30,Bounded,MCARI,3,-0.00694,0.05574,-0.09692,-0.78007241,6.314565984,-10.32754691
Polonez,KUMA,30,Bounded,MCARI,4,0.22152,-0.10132,0.07072,23.58600555,-8.729057198,6.675470384
Polonez,KUMA,30,Bounded,MCARI2,1,0.05281,-0.06519,0.02233,6.194932144,-7.201079002,2.658045378
Polonez,KUMA,30,Bounded,MCARI2,2,-0.07853,0.08702,-0.00707,-9.085534529,11.07390963,-0.810007894
Polonez,KUMA,30,Bounded,MCARI2,3,-0.08822,0.02116,-0.00095,-9.842675619,2.618549378,-0.114562594
Polonez,KUMA,30,Bounded,MCARI2,4,-0.02276,0.04735,0.05417,-2.832850612,6.065295112,6.542104608
Polonez,KUMA,30,Bounded,NDRE,1,0.02928,0.00224,-0.03116,16.41798577,1.078888937,-14.84792315
Polonez,KUMA,30,Bounded,NDRE,2,0.00459,0.01783,-0.03341,1.94268446,7.402609804,-12.91502217
Polonez,KUMA,30,Bounded,NDRE,3,-0.07009,0.01882,0.04127,-22.9764859,8.009839931,16.26205271
Polonez,KUMA,30,Bounded,NDRE,4,-0.05126,0.08531,0.01033,-22.16159896,47.3836515,3.892956876
Polonez,KUMA,30,Bounded,NDVI,1,0.01475,-0.01311,0.00775,1.693726094,-1.480333916,0.888251131
Polonez,KUMA,30,Bounded,NDVI,2,-0.01999,0.03771,-0.01084,-2.267079935,4.375923255,-1.205152806
Polonez,KUMA,30,Bounded,NDVI,3,-0.02833,0.01056,0.00773,-3.144978747,1.210355416,0.875393956
Polonez,KUMA,30,Bounded,NDVI,4,-0.01057,0.01675,0.02039,-1.19293359,1.913233982,2.285282623
Polonez,KUMA,30,Bounded,OSAVI,1,0.02485,-0.02654,0.02093,3.579809586,-3.691130023,3.022465598
Polonez,KUMA,30,Bounded,OSAVI,2,-0.0415,0.04965,-0.01056,-5.829626019,7.406236155,-1.466603521
Polonez,KUMA,30,Bounded,OSAVI,3,-0.04362,0.00624,0.00196,-5.955184574,0.905856274,0.281977468
Polonez,KUMA,30,Bounded,OSAVI,4,-0.01197,0.02748,0.02629,-1.749025762,4.086786207,3.756299195
Polonez,KUMA,30,Bounded,SIPI2,1,0.00052,0.00909,0.0284,0.05882679,1.027732961,3.178294487
Polonez,KUMA,30,Bounded,SIPI2,2,-0.01527,0.02741,-0.02071,-1.666555708,3.042205749,-2.230717115
Polonez,KUMA,30,Bounded,SIPI2,3,-0.00106,-0.01256,0.00679,-0.113971019,-1.351989933,0.740909671
Polonez,KUMA,30,Bounded,SIPI2,4,-0.01066,0.02302,0.0051,-1.160296104,2.535044066,0.547744528
Polonez,KUMA,30,Edges,GNDVI,1,-0.00274,0.0202,0.03492,-0.39113187,2.894849604,4.863570713
Polonez,KUMA,30,Edges,GNDVI,2,-0.04798,0.07553,-0.04409,-6.441210862,10.83782578,-5.707879307
Polonez,KUMA,30,Edges,GNDVI,3,-0.03335,-0.0117,0.01089,-4.273498797,-1.566179099,1.480945575
Polonez,KUMA,30,Edges,GNDVI,4,-0.02493,0.05713,0.01962,-3.327678194,7.88825819,2.510971101
Polonez,KUMA,30,Edges,LCI,1,0.02255,0.02758,-0.05605,7.471810895,8.503133951,-15.92641739
Polonez,KUMA,30,Edges,LCI,2,-0.01098,0.03308,-0.0495,-3.04424131,9.459509695,-12.93167634
Polonez,KUMA,30,Edges,LCI,3,-0.09919,0.02482,0.04331,-22.40108765,7.223494693,11.75557311
Polonez,KUMA,30,Edges,LCI,4,-0.0688,0.12084,0.00897,-19.90619783,43.65275756,2.255690148
Polonez,KUMA,30,Edges,MCARI,1,0.21549,-0.21214,-0.00304,23.46258497,-18.70836938,-0.329792762
Polonez,KUMA,30,Edges,MCARI,2,-0.02603,0.05238,0.1451,-2.836219493,5.873902848,15.36879277
Polonez,KUMA,30,Edges,MCARI,3,0.02066,0.03935,-0.07197,2.694415934,4.997263252,-8.704844451
Polonez,KUMA,30,Edges,MCARI,4,0.20198,-0.09558,0.08155,23.70348464,-9.067528325,8.50798791
Polonez,KUMA,30,Edges,MCARI2,1,0.05457,-0.08002,0.03605,7.325314014,-10.00849258,5.010416942
Polonez,KUMA,30,Edges,MCARI2,2,-0.07113,0.08501,0.00352,-9.245454935,12.17522819,0.449420414
Polonez,KUMA,30,Edges,MCARI2,3,-0.07397,0.01474,0.00252,-9.241271265,2.029014634,0.339988748
Polonez,KUMA,30,Edges,MCARI2,4,-0.01823,0.04854,0.06565,-2.461813531,6.720376142,8.516893027
Polonez,KUMA,30,Edges,NDRE,1,0.01487,0.02536,-0.04535,7.432733016,11.79913554,-18.87294988
Polonez,KUMA,30,Edges,NDRE,2,-0.00496,0.0204,-0.04003,-2.02233539,8.489352937,-15.35475506
Polonez,KUMA,30,Edges,NDRE,3,-0.07937,0.01884,0.03626,-25.37720496,8.072290705,14.37571115
Polonez,KUMA,30,Edges,NDRE,4,-0.05411,0.09394,0.00198,-23.35236566,52.89384632,0.729171654
Polonez,KUMA,30,Edges,NDVI,1,-0.00228,0.00336,-0.00015,-0.266747471,0.394152929,-0.01752703
Polonez,KUMA,30,Edges,NDVI,2,-0.0338,0.04894,-0.01789,-3.910765133,5.892970459,-2.034293018
Polonez,KUMA,30,Edges,NDVI,3,-0.03809,0.00649,0.00276,-4.320793692,0.769448736,0.324724602
Polonez,KUMA,30,Edges,NDVI,4,-0.00629,0.02881,0.01753,-0.727999991,3.358901088,1.977370222
Polonez,KUMA,30,Edges,OSAVI,1,0.02694,-0.0376,0.02721,4.203916477,-5.630672791,4.317875624
Polonez,KUMA,30,Edges,OSAVI,2,-0.04029,0.05176,-0.00397,-6.082693838,8.320459876,-0.589159757
Polonez,KUMA,30,Edges,OSAVI,3,-0.03909,0.00334,0.00291,-5.729143003,0.519269726,0.450080504
Polonez,KUMA,30,Edges,OSAVI,4,-0.00809,0.02873,0.0322,-1.241385872,4.46394583,4.789307648
Polonez,KUMA,30,Edges,SIPI2,1,0.00146,0.01097,0.02391,0.163405825,1.22577913,2.63933212
Polonez,KUMA,30,Edges,SIPI2,2,-0.0154,0.02644,-0.02001,-1.674475449,2.92383757,-2.149923017
Polonez,KUMA,30,Edges,SIPI2,3,-0.00213,-0.01082,0.00643,-0.228058473,-1.161142298,0.698138262
Polonez,KUMA,30,Edges,SIPI2,4,-0.01389,0.02321,0.0041,-1.505183618,2.553577264,0.439852338
Polonez,KUMA,50,Bounded,GNDVI,1,0.00745,-0.00196,0.03655,1.053627519,-0.274305803,5.12931343
Polonez,KUMA,50,Bounded,GNDVI,2,-0.00211,0.07344,-0.0436,-0.294774665,10.29016759,-5.539103402
Polonez,KUMA,50,Bounded,GNDVI,3,-0.02417,-0.01666,0.02456,-3.073222026,-2.185488409,3.293810292
Polonez,KUMA,50,Bounded,GNDVI,4,-0.05873,0.05535,0.01841,-7.434544237,7.569427445,2.340509115
Polonez,KUMA,50,Bounded,LCI,1,0.05838,-0.01641,-0.03752,21.87245936,-5.04471381,-12.14707282
Polonez,KUMA,50,Bounded,LCI,2,-0.12498,0.113,-0.035,-32.78155336,44.09394742,-9.478133945
Polonez,KUMA,50,Bounded,LCI,3,-0.07378,-0.05459,-0.01678,-15.24471508,-13.30843436,-4.718771882
Polonez,KUMA,50,Bounded,LCI,4,-0.14884,0.1185,0.00776,-35.05986606,42.98290477,1.968588831
Polonez,KUMA,50,Bounded,MCARI,1,0.15562,-0.20156,-0.03672,14.37344542,-16.27700957,-3.541834057
Polonez,KUMA,50,Bounded,MCARI,2,0.07792,0.03373,0.20828,8.373713503,3.344733656,19.9850122
Polonez,KUMA,50,Bounded,MCARI,3,-0.02047,0.18984,-0.2249,-2.287046068,21.70664246,-21.12905635
Polonez,KUMA,50,Bounded,MCARI,4,0.2327,-0.26351,0.25707,24.45969511,-22.25476559,27.92566626
Polonez,KUMA,50,Bounded,MCARI2,1,0.06199,-0.07065,0.02148,7.356544999,-7.809727837,2.575567362
Polonez,KUMA,50,Bounded,MCARI2,2,-0.09414,0.08053,-0.0062,-10.76228878,10.31667437,-0.720000093
Polonez,KUMA,50,Bounded,MCARI2,3,-0.07596,-0.03871,0.06473,-8.468123579,-4.714688856,8.273885684
Polonez,KUMA,50,Bounded,MCARI2,4,-0.06355,0.00895,0.08462,-7.591313769,1.156942105,10.81349092
Polonez,KUMA,50,Bounded,NDRE,1,0.04144,-0.00967,-0.02917,24.65331279,-4.615068892,-14.59514362
Polonez,KUMA,50,Bounded,NDRE,2,-0.0944,0.08138,-0.02674,-36.73995197,50.06736762,-10.96256575
Polonez,KUMA,50,Bounded,NDRE,3,-0.06032,-0.04694,-0.0145,-17.62140276,-16.64592132,-6.168873989
Polonez,KUMA,50,Bounded,NDRE,4,-0.11659,0.09184,0.00124,-40.01977133,52.55778552,0.465149429
Polonez,KUMA,50,Bounded,NDVI,1,0.01381,-0.02012,0.01297,1.585695898,-2.274163267,1.500113925
Polonez,KUMA,50,Bounded,NDVI,2,-0.01804,0.0377,-0.01156,-2.056963288,4.388921292,-1.289198723
Polonez,KUMA,50,Bounded,NDVI,3,-0.03083,0.00277,0.01301,-3.396829699,0.315928379,1.479163801
Polonez,KUMA,50,Bounded,NDVI,4,-0.02565,0.01651,0.02226,-2.857266982,1.893216186,2.505145903
Polonez,KUMA,50,Bounded,OSAVI,1,0.02807,-0.02928,0.0175,4.054653318,-4.064628707,2.532264669
Polonez,KUMA,50,Bounded,OSAVI,2,-0.03934,0.04793,-0.01138,-5.557195749,7.16902169,-1.588274127
Polonez,KUMA,50,Bounded,OSAVI,3,-0.03489,-0.0203,0.03119,-4.779576455,-2.920480915,4.622171902
Polonez,KUMA,50,Bounded,OSAVI,4,-0.03582,0.01307,0.03745,-5.082285638,1.953717669,5.490791744
Polonez,KUMA,50,Bounded,SIPI2,1,-0.00164,0.00946,0.0191,-0.184553544,1.066527169,2.130623983
Polonez,KUMA,50,Bounded,SIPI2,2,0.00835,0.03113,-0.02369,0.936633124,3.459500067,-2.544654989
Polonez,KUMA,50,Bounded,SIPI2,3,0.00049,-0.01306,0.00988,0.05301877,-1.412363698,1.083771833
Polonez,KUMA,50,Bounded,SIPI2,4,-0.02636,0.02937,0.00033,-2.828899852,3.2436874,0.035300876
Polonez,KUMA,50,Edges,GNDVI,1,-0.00569,0.00026,0.04691,-0.806759196,0.037164041,6.702759548
Polonez,KUMA,50,Edges,GNDVI,2,-0.00811,0.08399,-0.04876,-1.157494958,12.12780182,-6.279208428
Polonez,KUMA,50,Edges,GNDVI,3,-0.03396,-0.01708,0.02484,-4.378935207,-2.303218438,3.42861402
Polonez,KUMA,50,Edges,GNDVI,4,-0.06243,0.05966,0.01627,-7.966149924,8.27162428,2.083437377
Polonez,KUMA,50,Edges,LCI,1,0.03505,-0.00704,-0.02305,12.06411708,-2.16228834,-7.236117172
Polonez,KUMA,50,Edges,LCI,2,-0.13118,0.11651,-0.04208,-34.35821279,46.48852251,-11.46184877
Polonez,KUMA,50,Edges,LCI,3,-0.0776,-0.05553,-0.01598,-16.22138003,-13.85544724,-4.628516644
Polonez,KUMA,50,Edges,LCI,4,-0.15159,0.12015,0.00367,-35.69838993,44.00276871,0.933364869
Polonez,KUMA,50,Edges,MCARI,1,0.15253,-0.1928,-0.01854,16.76815359,-18.15150291,-2.132576311
Polonez,KUMA,50,Edges,MCARI,2,0.08082,0.03707,0.20267,10.13453781,4.220696785,22.14099137
Polonez,KUMA,50,Edges,MCARI,3,-0.04741,0.16152,-0.18005,-5.826607725,21.07870453,-19.40631026
Polonez,KUMA,50,Edges,MCARI,4,0.20734,-0.22467,0.22995,23.73693604,-20.7867835,26.85826614
Polonez,KUMA,50,Edges,MCARI2,1,0.0746,-0.08704,0.03174,10.21342778,-10.81227461,4.420791369
Polonez,KUMA,50,Edges,MCARI2,2,-0.083,0.09103,0.00338,-10.73904003,13.19502929,0.432827813
Polonez,KUMA,50,Edges,MCARI2,3,-0.09314,-0.03944,0.07424,-11.30064147,-5.394898647,10.73420269
Polonez,KUMA,50,Edges,MCARI2,4,-0.06003,0.01346,0.08688,-7.690129911,1.867937123,11.83585113
Polonez,KUMA,50,Edges,NDRE,1,0.02394,-0.00076,-0.02001,12.49797704,-0.352682943,-9.318635875
Polonez,KUMA,50,Edges,NDRE,2,-0.10062,0.08309,-0.03269,-38.15540497,50.94701731,-13.27884768
Polonez,KUMA,50,Edges,NDRE,3,-0.06125,-0.04864,-0.01429,-17.9150665,-17.33175124,-6.159456209
Polonez,KUMA,50,Edges,NDRE,4,-0.11991,0.09338,-0.00244,-40.7315441,53.51872124,-0.910920216
Polonez,KUMA,50,Edges,NDVI,1,-0.00013,-0.02364,0.0268,-0.015226922,-2.769378916,3.228989579
Polonez,KUMA,50,Edges,NDVI,2,-0.02468,0.05633,-0.0197,-2.898955883,6.814159613,-2.231053318
Polonez,KUMA,50,Edges,NDVI,3,-0.04911,0.00474,0.01268,-5.50134369,0.561890322,1.494717212
Polonez,KUMA,50,Edges,NDVI,4,-0.03019,0.0249,0.01876,-3.399885807,2.902838836,2.125343131
Polonez,KUMA,50,Edges,OSAVI,1,0.03447,-0.04157,0.02393,5.402220129,-6.181035803,3.792567329
Polonez,KUMA,50,Edges,OSAVI,2,-0.0358,0.05735,-0.00587,-5.46405552,9.259094821,-0.8673924
Polonez,KUMA,50,Edges,OSAVI,3,-0.04779,-0.01763,0.03437,-6.891022637,-2.730281344,5.472136999
Polonez,KUMA,50,Edges,OSAVI,4,-0.03358,0.01419,0.03982,-4.956889235,2.203891834,6.051202718
Polonez,KUMA,50,Edges,SIPI2,1,-0.00236,0.01233,0.01745,-0.262797164,1.37662155,1.921804051
Polonez,KUMA,50,Edges,SIPI2,2,0.00774,0.02778,-0.02236,0.8637612,3.073617453,-2.400169171
Polonez,KUMA,50,Edges,SIPI2,3,0.00357,-0.01305,0.00985,0.385820398,-1.404931363,1.075537687
Polonez,KUMA,50,Edges,SIPI2,4,-0.02644,0.02758,0.00111,-2.833349943,3.041695938,0.118804124
Polonez,NATURAL,30,Bounded,GNDVI,1,0.01131,0.00438,0.04511,1.589597204,0.605967535,6.203322098
Polonez,NATURAL,30,Bounded,GNDVI,2,-0.03632,0.06313,-0.04319,-4.767774465,8.702052902,-5.476856824
Polonez,NATURAL,30,Bounded,GNDVI,3,-0.01966,-0.00669,0.01979,-2.533795758,-0.884626929,2.640212071
Polonez,NATURAL,30,Bounded,GNDVI,4,-0.02789,0.03184,0.04513,-3.65717253,4.333617795,5.887333167
Polonez,NATURAL,30,Bounded,LCI,1,0.02072,-0.00809,-0.00856,6.836907421,-2.49860245,-2.711512207
Polonez,NATURAL,30,Bounded,LCI,2,0.00108,0.02602,-0.05231,0.295986911,7.110047245,-13.34503458
Polonez,NATURAL,30,Bounded,LCI,3,-0.09685,0.04794,0.04777,-22.86565571,14.6735188,12.75053316
Polonez,NATURAL,30,Bounded,LCI,4,-0.04784,0.05236,0.07551,-14.09500576,17.95789019,21.95498516
Polonez,NATURAL,30,Bounded,MCARI,1,0.19626,-0.19799,-0.02664,17.59909467,-15.09724873,-2.392582993
Polonez,NATURAL,30,Bounded,MCARI,2,-0.03712,0.06855,0.09492,-3.417446839,6.534352775,8.493040127
Polonez,NATURAL,30,Bounded,MCARI,3,-0.03279,0.07337,-0.0781,-3.567267304,8.277292106,-8.137357766
Polonez,NATURAL,30,Bounded,MCARI,4,0.18763,-0.15631,0.11733,19.26067662,-13.45422714,11.66904198
Polonez,NATURAL,30,Bounded,MCARI2,1,0.02354,-0.05681,0.02196,2.679503393,-6.29780026,2.598044841
Polonez,NATURAL,30,Bounded,MCARI2,2,-0.07289,0.08743,-0.02489,-8.397649257,10.99622559,-2.820329488
Polonez,NATURAL,30,Bounded,MCARI2,3,-0.094,0.02061,0.01266,-10.36542535,2.535488847,1.51894907
Polonez,NATURAL,30,Bounded,MCARI2,4,-0.0293,0.01932,0.08068,-3.625066655,2.480226866,10.10671681
Polonez,NATURAL,30,Bounded,NDRE,1,0.01428,-0.00374,-0.00777,7.358131818,-1.79504778,-3.797449795
Polonez,NATURAL,30,Bounded,NDRE,2,0.00412,0.01555,-0.0411,1.694629423,6.289409928,-15.63980502
Polonez,NATURAL,30,Bounded,NDRE,3,-0.07506,0.03713,0.03838,-25.91126101,17.30026419,15.24522246
Polonez,NATURAL,30,Bounded,NDRE,4,-0.03696,0.04037,0.05574,-16.55239127,21.66574537,24.58745219
Polonez,NATURAL,30,Bounded,NDVI,1,0.00581,-0.01296,0.01006,0.658729412,-1.459770154,1.149910099
Polonez,NATURAL,30,Bounded,NDVI,2,-0.02025,0.03575,-0.01227,-2.294432969,4.145787937,-1.366261688
Polonez,NATURAL,30,Bounded,NDVI,3,-0.02662,0.00662,0.01313,-2.959912203,0.758538427,1.49314665
Polonez,NATURAL,30,Bounded,NDVI,4,-0.00748,0.00809,0.03137,-0.848889691,0.925977857,3.557653378
Polonez,NATURAL,30,Bounded,OSAVI,1,0.01351,-0.02255,0.02056,1.912863476,-3.132897367,2.948807497
Polonez,NATURAL,30,Bounded,OSAVI,2,-0.03964,0.05018,-0.02057,-5.536614425,7.419553733,-2.831379448
Polonez,NATURAL,30,Bounded,OSAVI,3,-0.04555,0.00657,0.00826,-6.196343137,0.952780102,1.186558277
Polonez,NATURAL,30,Bounded,OSAVI,4,-0.01668,0.01337,0.04088,-2.423851395,1.991121119,5.969181618
Polonez,NATURAL,30,Bounded,SIPI2,1,0.00562,0.01006,0.02632,0.634826682,1.129193928,2.921325118
Polonez,NATURAL,30,Bounded,SIPI2,2,-0.01473,0.02461,-0.023,-1.599016925,2.714954091,-2.470273481
Polonez,NATURAL,30,Bounded,SIPI2,3,0.00092,-0.00847,0.00675,0.099840364,-0.918265681,0.738575873
Polonez,NATURAL,30,Bounded,SIPI2,4,-0.01507,0.01778,0.01334,-1.634311209,1.960241712,1.442456891
Polonez,NATURAL,30,Edges,GNDVI,1,0.00311,0.01563,0.02888,0.440877729,2.206003774,3.9881185
Polonez,NATURAL,30,Edges,GNDVI,2,-0.04747,0.06428,-0.04576,-6.254685744,9.034675557,-5.898723963
Polonez,NATURAL,30,Edges,GNDVI,3,-0.03996,0.00156,0.0328,-5.172139306,0.212928296,4.467441477
Polonez,NATURAL,30,Edges,GNDVI,4,-0.0365,0.04271,0.03777,-4.8335344,5.943162163,4.960918157
Polonez,NATURAL,30,Edges,LCI,1,0.00819,0.00916,-0.02972,2.629964902,2.866073636,-9.040001703
Polonez,NATURAL,30,Edges,LCI,2,-0.0114,0.01921,-0.05452,-2.995026679,5.202705082,-14.03559357
Polonez,NATURAL,30,Edges,LCI,3,-0.12005,0.05431,0.06856,-27.25677219,16.9511628,18.29725568
Polonez,NATURAL,30,Edges,LCI,4,-0.06086,0.06713,0.05663,-17.62009954,23.59238212,16.10311911
Polonez,NATURAL,30,Edges,MCARI,1,0.18616,-0.18884,-0.01368,19.09037677,-16.26093269,-1.406725753
Polonez,NATURAL,30,Edges,MCARI,2,-0.02281,0.07834,0.08358,-2.483285994,8.745929302,8.580483353
Polonez,NATURAL,30,Edges,MCARI,3,6.00E-05,0.06268,-0.1002,0.007840052,8.189599418,-12.10085008
Polonez,NATURAL,30,Edges,MCARI,4,0.17855,-0.14947,0.13881,20.59207848,-14.29471774,15.48940425
Polonez,NATURAL,30,Edges,MCARI2,1,0.03163,-0.06739,0.02733,3.993480135,-8.181664767,3.613736164
Polonez,NATURAL,30,Edges,MCARI2,2,-0.06756,0.10175,-0.02527,-8.86822495,14.6558715,-3.174579246
Polonez,NATURAL,30,Edges,MCARI2,3,-0.0798,0.02528,-0.01664,-10.10381096,3.560558365,-2.263080373
Polonez,NATURAL,30,Edges,MCARI2,4,-0.02176,0.0134,0.09915,-2.961345997,1.879274824,13.64873403
Polonez,NATURAL,30,Edges,NDRE,1,0.0047,0.01028,-0.02403,2.298839331,4.915109179,-10.95105067
Polonez,NATURAL,30,Edges,NDRE,2,-0.00543,0.0085,-0.04309,-2.07552146,3.317837082,-16.27935971
Polonez,NATURAL,30,Edges,NDRE,3,-0.09515,0.0417,0.05726,-30.59278955,19.31709215,22.23076356
Polonez,NATURAL,30,Edges,NDRE,4,-0.04785,0.05207,0.03982,-20.65518149,28.32801084,16.88139358
Polonez,NATURAL,30,Edges,NDVI,1,-0.00477,-0.00224,-0.00974,-0.549557531,-0.259499236,-1.131293984
Polonez,NATURAL,30,Edges,NDVI,2,-0.03348,0.04126,-0.0185,-3.846812305,4.930387847,-2.106795155
Polonez,NATURAL,30,Edges,NDVI,3,-0.05096,0.02088,0.02555,-5.773385554,2.510487417,2.996747561
Polonez,NATURAL,30,Edges,NDVI,4,-0.01544,0.02044,0.02864,-1.783257934,2.403600226,3.28881264
Polonez,NATURAL,30,Edges,OSAVI,1,0.01672,-0.02864,0.01968,2.5140173,-4.200700801,3.013085795
Polonez,NATURAL,30,Edges,OSAVI,2,-0.03831,0.06048,-0.01988,-5.797158469,9.715178842,-2.910641263
Polonez,NATURAL,30,Edges,OSAVI,3,-0.04177,0.01214,-0.00736,-6.199343704,1.920852643,-1.142589238
Polonez,NATURAL,30,Edges,OSAVI,4,-0.01227,0.01033,0.05145,-1.887079733,1.619272002,7.936495694
Polonez,NATURAL,30,Edges,SIPI2,1,0.00658,0.01111,0.02529,0.739882001,1.240078535,2.788248563
Polonez,NATURAL,30,Edges,SIPI2,2,-0.0146,0.02203,-0.02057,-1.576280647,2.416547923,-2.203155107
Polonez,NATURAL,30,Edges,SIPI2,3,0.00029,-0.00995,0.00844,0.031225067,-1.071008395,0.918308615
Polonez,NATURAL,30,Edges,SIPI2,4,-0.01579,0.01759,0.01014,-1.70564223,1.933049878,1.093201344
Polonez,NATURAL,50,Bounded,GNDVI,1,0.01448,-0.00233,0.03872,2.056435521,-0.324236618,5.405699718
Polonez,NATURAL,50,Bounded,GNDVI,2,-0.0091,0.06198,-0.04243,-1.241844426,8.564547086,-5.400548074
Polonez,NATURAL,50,Bounded,GNDVI,3,-0.02339,-0.00875,0.02479,-3.029004106,-1.168519159,3.349723874
Polonez,NATURAL,50,Bounded,GNDVI,4,-0.04216,0.03835,0.03981,-5.485647667,5.279525765,5.205684016
Polonez,NATURAL,50,Bounded,LCI,1,0.02607,-0.05126,0.05611,8.932028191,-16.12248813,21.04011909
Polonez,NATURAL,50,Bounded,LCI,2,-0.04608,0.06268,-0.04334,-12.98243933,20.29391862,-11.66493065
Polonez,NATURAL,50,Bounded,LCI,3,-0.06932,-0.02331,0.03098,-15.92900425,-6.37127215,9.04390879
Polonez,NATURAL,50,Bounded,LCI,4,-0.09869,0.076,0.04486,-26.5623444,27.85403022,12.85935829
Polonez,NATURAL,50,Bounded,MCARI,1,0.04593,-0.18174,0.00767,3.970363609,-15.1103595,0.751216196
Polonez,NATURAL,50,Bounded,MCARI,2,0.10584,0.05562,0.12778,11.17102626,5.280591973,11.52301673
Polonez,NATURAL,50,Bounded,MCARI,3,-0.06937,0.27448,-0.26544,-7.31765721,31.24021894,-23.01986573
Polonez,NATURAL,50,Bounded,MCARI,4,0.21497,-0.27115,0.27935,22.70247893,-23.33735845,31.36223352
Polonez,NATURAL,50,Bounded,MCARI2,1,0.01161,-0.0658,0.05164,1.314179442,-7.351536393,6.227306328
Polonez,NATURAL,50,Bounded,MCARI2,2,-0.07911,0.08267,-0.02542,-9.070156994,10.4237723,-2.902618408
Polonez,NATURAL,50,Bounded,MCARI2,3,-0.08419,-0.01995,0.06524,-9.288998291,-2.426561544,8.132625115
Polonez,NATURAL,50,Bounded,MCARI2,4,-0.06262,0.00604,0.09487,-7.594712566,0.792753914,12.35381364
Polonez,NATURAL,50,Bounded,NDRE,1,0.01885,-0.03567,0.03958,10.18803271,-17.49635799,23.53137021
Polonez,NATURAL,50,Bounded,NDRE,2,-0.03378,0.04442,-0.03333,-14.37073781,22.06865029,-13.56526835
Polonez,NATURAL,50,Bounded,NDRE,3,-0.05385,-0.01949,0.02243,-18.02685449,-7.959292852,9.952036773
Polonez,NATURAL,50,Bounded,NDRE,4,-0.07488,0.05693,0.03129,-30.23243608,32.9454112,13.62027763
Polonez,NATURAL,50,Bounded,NDVI,1,0.00292,-0.01907,0.0229,0.331057877,-2.154945923,2.644735763
Polonez,NATURAL,50,Bounded,NDVI,2,-0.01629,0.03486,-0.01073,-1.858229309,4.051834658,-1.198600107
Polonez,NATURAL,50,Bounded,NDVI,3,-0.02668,-0.00114,0.02089,-2.963354588,-0.130486888,2.394239156
Polonez,NATURAL,50,Bounded,NDVI,4,-0.01848,0.01247,0.02868,-2.083448423,1.435790681,3.255461809
Polonez,NATURAL,50,Bounded,OSAVI,1,0.00912,-0.02711,0.02985,1.288661615,-3.781923494,4.327836908
Polonez,NATURAL,50,Bounded,OSAVI,2,-0.03581,0.04793,-0.02116,-5.028216142,7.086347581,-2.921437358
Polonez,NATURAL,50,Bounded,OSAVI,3,-0.0409,-0.0101,0.03114,-5.571895848,-1.457134984,4.559023543
Polonez,NATURAL,50,Bounded,OSAVI,4,-0.03321,0.00902,0.04517,-4.764972502,1.358943339,6.714023048
Polonez,NATURAL,50,Bounded,SIPI2,1,0.00935,0.00862,0.01499,1.061907504,0.968712388,1.668408534
Polonez,NATURAL,50,Bounded,SIPI2,2,0.00238,0.02418,-0.02338,0.263169243,2.666693135,-2.511491308
Polonez,NATURAL,50,Bounded,SIPI2,3,-0.00174,-0.00536,0.00574,-0.189364877,-0.584437604,0.629550946
Polonez,NATURAL,50,Bounded,SIPI2,4,-0.0194,0.02033,0.01117,-2.100838061,2.248791814,1.208389272
Polonez,NATURAL,50,Edges,GNDVI,1,0.01177,-0.00601,0.05032,1.687428585,-0.847336951,7.155136498
Polonez,NATURAL,50,Edges,GNDVI,2,-0.01549,0.06345,-0.0431,-2.143229732,8.97135529,-5.592311415
Polonez,NATURAL,50,Edges,GNDVI,3,-0.03667,-0.01297,0.03271,-4.760044187,-1.767750078,4.53844777
Polonez,NATURAL,50,Edges,GNDVI,4,-0.05038,0.03915,0.04333,-6.601749896,5.492801834,5.762726742
Polonez,NATURAL,50,Edges,LCI,1,0.01639,-0.04895,0.07289,5.489849305,-15.54259369,27.40318281
Polonez,NATURAL,50,Edges,LCI,2,-0.05303,0.04802,-0.04405,-14.36656273,15.19182767,-12.09795914
Polonez,NATURAL,50,Edges,LCI,3,-0.08218,-0.02992,0.03966,-18.22128507,-8.112116389,11.7021873
Polonez,NATURAL,50,Edges,LCI,4,-0.11279,0.0767,0.04211,-29.67915775,28.7006859,12.24337895
Polonez,NATURAL,50,Edges,MCARI,1,0.07138,-0.18151,-0.00537,7.052586129,-16.75233112,-0.595356221
Polonez,NATURAL,50,Edges,MCARI,2,0.10529,0.08859,0.12693,13.64459264,10.10204675,13.14599794
Polonez,NATURAL,50,Edges,MCARI,3,-0.04117,0.23377,-0.22255,-5.199604441,31.14354648,-22.6078865
Polonez,NATURAL,50,Edges,MCARI,4,0.20546,-0.245,0.27066,24.30670984,-23.31687828,33.59143943
Polonez,NATURAL,50,Edges,MCARI2,1,0.0292,-0.08163,0.04597,3.643800984,-9.828296778,6.138082146
Polonez,NATURAL,50,Edges,MCARI2,2,-0.06577,0.11414,-0.01797,-8.859690362,16.87011607,-2.272609429
Polonez,NATURAL,50,Edges,MCARI2,3,-0.08137,-0.01641,0.06597,-10.18728224,-2.287519289,9.411365254
Polonez,NATURAL,50,Edges,MCARI2,4,-0.05178,0.00449,0.10926,-6.887644141,0.641427655,15.50906967
Polonez,NATURAL,50,Edges,NDRE,1,0.01098,-0.03299,0.05319,5.668237736,-16.11697632,30.97827037
Polonez,NATURAL,50,Edges,NDRE,2,-0.04036,0.03047,-0.03452,-15.87407719,14.24557368,-14.1266405
Polonez,NATURAL,50,Edges,NDRE,3,-0.06429,-0.0255,0.02896,-20.20484552,-10.04328459,12.67945412
Polonez,NATURAL,50,Edges,NDRE,4,-0.08735,0.05795,0.02753,-33.80143255,33.8748239,12.02073172
Polonez,NATURAL,50,Edges,NDVI,1,-0.00017,-0.02809,0.03949,-0.019591099,-3.237775352,4.704096936
Polonez,NATURAL,50,Edges,NDVI,2,-0.02351,0.04517,-0.01159,-2.76175272,5.456889126,-1.327710896
Polonez,NATURAL,50,Edges,NDVI,3,-0.04585,-0.00551,0.03429,-5.153880135,-0.653020784,4.090611397
Polonez,NATURAL,50,Edges,NDVI,4,-0.02648,0.01459,0.03715,-3.02624767,1.719442189,4.304147391
Polonez,NATURAL,50,Edges,OSAVI,1,0.01704,-0.03772,0.02923,2.5440392,-5.491809604,4.503012535
Polonez,NATURAL,50,Edges,OSAVI,2,-0.03146,0.06799,-0.01603,-4.87380924,11.07273086,-2.350367511
Polonez,NATURAL,50,Edges,OSAVI,3,-0.0426,-0.00633,0.03221,-6.262946731,-0.992799459,5.102485343
Polonez,NATURAL,50,Edges,OSAVI,4,-0.02785,0.00741,0.05462,-4.213434274,1.170373904,8.527166879
Polonez,NATURAL,50,Edges,SIPI2,1,0.00974,0.01103,0.0132,1.101821172,1.234152111,1.458948827
Polonez,NATURAL,50,Edges,SIPI2,2,0.00216,0.01894,-0.02305,0.236787322,2.07136928,-2.469701954
Polonez,NATURAL,50,Edges,SIPI2,3,0.00012,-0.00437,0.00259,0.012991357,-0.473040481,0.281692898
Polonez,NATURAL,50,Edges,SIPI2,4,-0.02019,0.01942,0.00889,-2.178884355,2.142468649,0.960197699
Polonez,VALKIRIA,30,Bounded,GNDVI,1,0.0121,0.00317,0.04428,1.735809755,0.446994491,6.216036757
Polonez,VALKIRIA,30,Bounded,GNDVI,2,-0.03806,0.07003,-0.03759,-5.068172648,9.82324334,-4.801189377
Polonez,VALKIRIA,30,Bounded,GNDVI,3,-0.02055,-0.0139,0.01931,-2.628310808,-1.825773885,2.583550636
Polonez,VALKIRIA,30,Bounded,GNDVI,4,-0.02292,0.04529,0.02667,-3.021868997,6.15728889,3.415548108
Polonez,VALKIRIA,30,Bounded,LCI,1,0.04485,-0.00282,-0.04057,16.28830111,-0.880696812,-12.78274377
Polonez,VALKIRIA,30,Bounded,LCI,2,4.00E-05,0.02946,-0.03848,0.01139468,8.391225956,-10.11191961
Polonez,VALKIRIA,30,Bounded,LCI,3,-0.08731,0.02323,0.04962,-20.07214108,6.68160416,13.37823301
Polonez,VALKIRIA,30,Bounded,LCI,4,-0.06301,0.12139,0.00676,-18.27748948,43.0872002,1.676915864
Polonez,VALKIRIA,30,Bounded,MCARI,1,0.22943,-0.20889,-0.03761,20.70890285,-15.62015118,-3.332975902
Polonez,VALKIRIA,30,Bounded,MCARI,2,-0.05226,0.03752,0.16478,-4.886436632,3.688444414,15.62264459
Polonez,VALKIRIA,30,Bounded,MCARI,3,-0.01567,0.04659,-0.0963,-1.745959057,5.283325263,-10.37244957
Polonez,VALKIRIA,30,Bounded,MCARI,4,0.22376,-0.07857,0.04724,24.21013567,-6.844070693,4.417302285
Polonez,VALKIRIA,30,Bounded,MCARI2,1,0.04512,-0.05872,0.01263,5.227479954,-6.465173173,1.486702663
Polonez,VALKIRIA,30,Bounded,MCARI2,2,-0.0823,0.08,-0.00113,-9.545670174,10.25810679,-0.131415061
Polonez,VALKIRIA,30,Bounded,MCARI2,3,-0.08748,0.01698,-0.00625,-9.840590975,2.11855155,-0.763618992
Polonez,VALKIRIA,30,Bounded,MCARI2,4,-0.02066,0.0563,0.04677,-2.614921761,7.317190459,5.664140793
Polonez,VALKIRIA,30,Bounded,NDRE,1,0.03115,0.00018,-0.03106,17.83250611,0.087450384,-15.07686483
Polonez,VALKIRIA,30,Bounded,NDRE,2,0.00352,0.01856,-0.03102,1.513971983,7.863707043,-12.18472706
Polonez,VALKIRIA,30,Bounded,NDRE,3,-0.06898,0.01726,0.04126,-22.91534478,7.438340638,16.55027457
Polonez,VALKIRIA,30,Bounded,NDRE,4,-0.04859,0.09479,0.00063,-21.3057033,52.81633244,0.229708198
Polonez,VALKIRIA,30,Bounded,NDVI,1,0.01463,-0.01312,0.0053,1.680795845,-1.482400449,0.607846263
Polonez,VALKIRIA,30,Bounded,NDVI,2,-0.02326,0.03979,-0.00976,-2.646185841,4.649771368,-1.089856186
Polonez,VALKIRIA,30,Bounded,NDVI,3,-0.02523,0.00925,0.00613,-2.822333912,1.064796002,0.69820869
Polonez,VALKIRIA,30,Bounded,NDVI,4,-0.01023,0.01842,0.02054,-1.161165979,2.115342434,2.309938923
Polonez,VALKIRIA,30,Bounded,OSAVI,1,0.02201,-0.02355,0.01683,3.154917787,-3.272419548,2.417752596
Polonez,VALKIRIA,30,Bounded,OSAVI,2,-0.04351,0.04689,-0.00755,-6.121263195,7.02691929,-1.057154979
Polonez,VALKIRIA,30,Bounded,OSAVI,3,-0.04288,0.00325,0.00098,-5.883474818,0.473801683,0.142195705
Polonez,VALKIRIA,30,Bounded,OSAVI,4,-0.01091,0.03108,0.02364,-1.60707999,4.652966266,3.38177589
Polonez,VALKIRIA,30,Bounded,SIPI2,1,0.00165,0.00926,0.029,0.187327361,1.049338158,3.252138281
Polonez,VALKIRIA,30,Bounded,SIPI2,2,-0.01461,0.02755,-0.02037,-1.59584752,3.058083608,-2.19400048
Polonez,VALKIRIA,30,Bounded,SIPI2,3,-0.00022,-0.01503,0.01021,-0.023698444,-1.619418367,1.118192143
Polonez,VALKIRIA,30,Bounded,SIPI2,4,-0.01,0.02119,0.00683,-1.087830333,2.33046397,0.734052626
Polonez,VALKIRIA,30,Edges,GNDVI,1,0.0007,0.01917,0.03907,0.100217472,2.74177931,5.438845356
Polonez,VALKIRIA,30,Edges,GNDVI,2,-0.05122,0.07395,-0.04103,-6.977431646,10.82943674,-5.421432828
Polonez,VALKIRIA,30,Edges,GNDVI,3,-0.0352,-0.0178,0.0253,-4.551796731,-2.411528733,3.512322978
Polonez,VALKIRIA,30,Edges,GNDVI,4,-0.03412,0.063,0.01832,-4.564481325,8.831061788,2.359635802
Polonez,VALKIRIA,30,Edges,LCI,1,0.0241,0.02398,-0.0487,8.097818965,7.453894955,-14.08772574
Polonez,VALKIRIA,30,Edges,LCI,2,-0.00888,0.02226,-0.04003,-2.481133051,6.377839729,-10.7815913
Polonez,VALKIRIA,30,Edges,LCI,3,-0.10372,0.01892,0.05556,-23.09502762,5.478008344,15.25112476
Polonez,VALKIRIA,30,Edges,LCI,4,-0.07885,0.14225,-0.0111,-22.46752396,52.27838192,-2.678888189
Polonez,VALKIRIA,30,Edges,MCARI,1,0.22229,-0.20725,-0.02169,23.61393359,-17.81047591,-2.26790089
Polonez,VALKIRIA,30,Edges,MCARI,2,-0.05637,0.06194,0.13027,-6.372868786,7.479222035,14.63541778
Polonez,VALKIRIA,30,Edges,MCARI,3,0.01593,0.04756,-0.08877,2.193154549,6.407277029,-11.23897088
Polonez,VALKIRIA,30,Edges,MCARI,4,0.20146,-0.07817,0.06603,24.94548669,-7.746806189,7.093204253
Polonez,VALKIRIA,30,Edges,MCARI2,1,0.06158,-0.07758,0.02556,8.129791501,-9.472053292,3.447248068
Polonez,VALKIRIA,30,Edges,MCARI2,2,-0.08719,0.09046,0.00059,-11.92699078,14.05005273,0.080348522
Polonez,VALKIRIA,30,Edges,MCARI2,3,-0.06717,0.02033,-0.01096,-8.993159736,2.990889043,-1.565577857
Polonez,VALKIRIA,30,Edges,MCARI2,4,-0.01049,0.04716,0.06684,-1.500670223,6.849364807,9.085336099
Polonez,VALKIRIA,30,Edges,NDRE,1,0.01501,0.02231,-0.03912,7.637471951,10.5464189,-16.72860069
Polonez,VALKIRIA,30,Edges,NDRE,2,-0.00177,0.01059,-0.03265,-0.718049825,4.327200069,-12.78782395
Polonez,VALKIRIA,30,Edges,NDRE,3,-0.08402,0.01398,0.04688,-26.07850866,5.869978712,18.5927715
Polonez,VALKIRIA,30,Edges,NDRE,4,-0.06248,0.11223,-0.01579,-26.23876097,63.89738159,-5.485095755
Polonez,VALKIRIA,30,Edges,NDVI,1,0.00279,0.00107,0.00308,0.325254054,0.124334607,0.357453308
Polonez,VALKIRIA,30,Edges,NDVI,2,-0.0416,0.05032,-0.01547,-4.928261804,6.270319036,-1.813958451
Polonez,VALKIRIA,30,Edges,NDVI,3,-0.0427,0.00601,0.01414,-4.912783708,0.727197049,1.698557667
Polonez,VALKIRIA,30,Edges,NDVI,4,-0.01976,0.03936,0.01525,-2.295776399,4.680415387,1.73234232
Polonez,VALKIRIA,30,Edges,OSAVI,1,0.03142,-0.03514,0.0229,4.863468418,-5.187014455,3.565195595
Polonez,VALKIRIA,30,Edges,OSAVI,2,-0.05113,0.05859,-0.00432,-8.009198125,9.976824615,-0.668884929
Polonez,VALKIRIA,30,Edges,OSAVI,3,-0.03685,0.00599,-0.00101,-5.65478063,0.974283154,-0.162693037
Polonez,VALKIRIA,30,Edges,OSAVI,4,-0.00369,0.02681,0.03685,-0.586905798,4.289387246,5.653219113
Polonez,VALKIRIA,30,Edges,SIPI2,1,0.00086,0.01187,0.02563,0.096657342,1.332807845,2.839980454
Polonez,VALKIRIA,30,Edges,SIPI2,2,-0.01286,0.0241,-0.01819,-1.39236107,2.646167833,-1.945764619
Polonez,VALKIRIA,30,Edges,SIPI2,3,-0.00139,-0.014,0.00948,-0.14844702,-1.497372646,1.029348373
Polonez,VALKIRIA,30,Edges,SIPI2,4,-0.01167,0.02065,0.00449,-1.263669449,2.264674046,0.481511151
Polonez,VALKIRIA,50,Bounded,GNDVI,1,0.01152,0.00125,0.03571,1.654029327,0.176553423,5.034888918
Polonez,VALKIRIA,50,Bounded,GNDVI,2,0.00179,0.06538,-0.04124,0.250482424,9.126046362,-5.275067122
Polonez,VALKIRIA,50,Bounded,GNDVI,3,-0.02515,-0.01254,0.02534,-3.226133348,-1.662201874,3.415642131
Polonez,VALKIRIA,50,Bounded,GNDVI,4,-0.05768,0.04977,0.02501,-7.343177707,6.838313793,3.216385174
Polonez,VALKIRIA,50,Bounded,LCI,1,0.05746,-0.0254,-0.01919,22.07020522,-7.992171448,-6.562680611
Polonez,VALKIRIA,50,Bounded,LCI,2,-0.10466,0.1043,-0.03882,-28.65191455,40.01979887,-10.63791889
Polonez,VALKIRIA,50,Bounded,LCI,3,-0.07159,-0.04893,-0.00806,-15.16669809,-12.21933367,-2.293023348
Polonez,VALKIRIA,50,Bounded,LCI,4,-0.14094,0.09886,0.02142,-33.94745779,36.04989954,5.741226671
Polonez,VALKIRIA,50,Bounded,MCARI,1,0.10118,-0.1916,-0.016,8.865631963,-15.42125542,-1.522590002
Polonez,VALKIRIA,50,Bounded,MCARI,2,0.03177,0.08956,0.17856,3.406199777,9.285823153,16.94051749
Polonez,VALKIRIA,50,Bounded,MCARI,3,-0.05709,0.16312,-0.19803,-6.16229204,18.76342237,-19.18019973
Polonez,VALKIRIA,50,Bounded,MCARI,4,0.23253,-0.22847,0.23011,25.06464767,-19.69142884,24.69571713
Polonez,VALKIRIA,50,Bounded,MCARI2,1,0.04203,-0.06698,0.03391,4.874789925,-7.407481136,4.050207766
Polonez,VALKIRIA,50,Bounded,MCARI2,2,-0.11832,0.10181,-0.00904,-13.58281072,13.52451775,-1.057815961
Polonez,VALKIRIA,50,Bounded,MCARI2,3,-0.08777,-0.0511,0.08036,-9.773604697,-6.306609845,10.5853699
Polonez,VALKIRIA,50,Bounded,MCARI2,4,-0.05988,0.02258,0.07791,-7.327899005,2.981759502,9.990369955
Polonez,VALKIRIA,50,Bounded,NDRE,1,0.04076,-0.01666,-0.01586,24.97380691,-8.167827779,-8.467201606
Polonez,VALKIRIA,50,Bounded,NDRE,2,-0.07736,0.07476,-0.03018,-31.71908763,44.89254253,-12.5077189
Polonez,VALKIRIA,50,Bounded,NDRE,3,-0.05733,-0.04181,-0.0084,-17.26282065,-15.2163074,-3.605753753
Polonez,VALKIRIA,50,Bounded,NDRE,4,-0.11019,0.07547,0.01236,-38.75821752,43.34591152,4.952300055
Polonez,VALKIRIA,50,Bounded,NDVI,1,0.01282,-0.01943,0.0162,1.474273242,-2.201946734,1.877235736
Polonez,VALKIRIA,50,Bounded,NDVI,2,-0.01961,0.0362,-0.00902,-2.242652483,4.234903796,-1.012344543
Polonez,VALKIRIA,50,Bounded,NDVI,3,-0.03169,0.00261,0.01703,-3.514234925,0.299975519,1.951457635
Polonez,VALKIRIA,50,Bounded,NDVI,4,-0.02587,0.01607,0.02566,-2.900123426,1.855313273,2.908535293
Polonez,VALKIRIA,50,Bounded,OSAVI,1,0.02044,-0.02697,0.02278,2.926601577,-3.751768423,3.292426119
Polonez,VALKIRIA,50,Bounded,OSAVI,2,-0.04925,0.05638,-0.0128,-6.969198266,8.575804913,-1.793191755
Polonez,VALKIRIA,50,Bounded,OSAVI,3,-0.04205,-0.02452,0.03799,-5.749318764,-3.557020401,5.714320095
Polonez,VALKIRIA,50,Bounded,OSAVI,4,-0.03415,0.01815,0.03521,-4.903361423,2.740404432,5.174433215
Polonez,VALKIRIA,50,Bounded,SIPI2,1,0.00197,0.01147,0.01685,0.223477376,1.298258839,1.882763606
Polonez,VALKIRIA,50,Bounded,SIPI2,2,0.01219,0.02623,-0.02357,1.366268741,2.900262162,-2.532690185
Polonez,VALKIRIA,50,Bounded,SIPI2,3,5.00E-05,-0.01001,0.00816,0.005417347,-1.084494118,0.893755867
Polonez,VALKIRIA,50,Bounded,SIPI2,4,-0.0256,0.02599,0.00275,-2.746483482,2.86706799,0.294909013
Polonez,VALKIRIA,50,Edges,GNDVI,1,0.00349,0.00918,0.04244,0.502425029,1.314958295,6.000274282
Polonez,VALKIRIA,50,Edges,GNDVI,2,-0.01856,0.07456,-0.04139,-2.639171505,10.88958377,-5.451425155
Polonez,VALKIRIA,50,Edges,GNDVI,3,-0.03258,-0.02371,0.03197,-4.233362483,-3.217004672,4.481916023
Polonez,VALKIRIA,50,Edges,GNDVI,4,-0.07444,0.06595,0.01849,-9.517952285,9.319434023,2.39009011
Polonez,VALKIRIA,50,Edges,LCI,1,0.0402,-0.0053,-0.00723,14.54777061,-1.674401559,-2.323033374
Polonez,VALKIRIA,50,Edges,LCI,2,-0.1195,0.09901,-0.04009,-31.29492917,37.73951691,-11.09416899
Polonez,VALKIRIA,50,Edges,LCI,3,-0.07094,-0.06442,0.00265,-14.93124765,-15.93879818,0.779982988
Polonez,VALKIRIA,50,Edges,LCI,4,-0.16181,0.11704,0.0065,-37.72401622,43.8153496,1.691998928
Polonez,VALKIRIA,50,Edges,MCARI,1,0.11408,-0.21188,-0.01195,11.65067184,-19.38072776,-1.355842205
Polonez,VALKIRIA,50,Edges,MCARI,2,0.03566,0.0883,0.16034,4.713745074,11.14658325,18.21070768
Polonez,VALKIRIA,50,Edges,MCARI,3,-0.0797,0.1535,-0.16552,-9.914032772,21.19548032,-18.85814351
Polonez,VALKIRIA,50,Edges,MCARI,4,0.21522,-0.20119,0.22161,26.68531489,-19.69109286,27.0077912
Polonez,VALKIRIA,50,Edges,MCARI2,1,0.05797,-0.09632,0.03768,7.562839933,-11.68250087,5.174679775
Polonez,VALKIRIA,50,Edges,MCARI2,2,-0.10904,0.1126,0.001,-14.96915974,18.17914694,0.136613702
Polonez,VALKIRIA,50,Edges,MCARI2,3,-0.1095,-0.03851,0.07607,-13.73400678,-5.599084606,11.71603666
Polonez,VALKIRIA,50,Edges,MCARI2,4,-0.04419,0.01954,0.09298,-6.100717756,2.872891461,13.28872316
Polonez,VALKIRIA,50,Edges,NDRE,1,0.02759,0.00053,-0.00781,15.36525192,0.255852011,-3.760575113
Polonez,VALKIRIA,50,Edges,NDRE,2,-0.09026,0.06997,-0.03276,-33.83426234,39.64058897,-13.29108532
Polonez,VALKIRIA,50,Edges,NDRE,3,-0.0551,-0.05578,-6.00E-05,-16.12284968,-19.459203,-0.025988539
Polonez,VALKIRIA,50,Edges,NDRE,4,-0.12893,0.09076,-0.00144,-42.86079964,52.80397484,-0.548276926
Polonez,VALKIRIA,50,Edges,NDVI,1,0.00478,-0.01526,0.02772,0.55996748,-1.777723931,3.287706327
Polonez,VALKIRIA,50,Edges,NDVI,2,-0.04877,0.05355,-0.00688,-5.76211231,6.71371491,-0.808298215
Polonez,VALKIRIA,50,Edges,NDVI,3,-0.04675,-0.00565,0.0236,-5.301288979,-0.676556769,2.845221174
Polonez,VALKIRIA,50,Edges,NDVI,4,-0.04422,0.03425,0.02147,-5.000503217,4.076939284,2.455563676
Polonez,VALKIRIA,50,Edges,OSAVI,1,0.02793,-0.04274,0.02555,4.275080703,-6.273752259,4.001497233
Polonez,VALKIRIA,50,Edges,OSAVI,2,-0.05413,0.07186,-0.00456,-8.579385067,12.45836952,-0.702986614
Polonez,VALKIRIA,50,Edges,OSAVI,3,-0.05835,-0.0173,0.03694,-8.589079872,-2.785824822,6.118923109
Polonez,VALKIRIA,50,Edges,OSAVI,4,-0.02566,0.01618,0.04667,-3.960909558,2.600571226,7.311024812
Polonez,VALKIRIA,50,Edges,SIPI2,1,0.00122,0.01422,0.01426,0.137061557,1.595366929,1.574731848
Polonez,VALKIRIA,50,Edges,SIPI2,2,0.0142,0.02216,-0.02336,1.575989905,2.421273113,-2.492049658
Polonez,VALKIRIA,50,Edges,SIPI2,3,0.00279,-0.01098,0.00816,0.300759661,-1.180085572,0.887476467
Polonez,VALKIRIA,50,Edges,SIPI2,4,-0.0263,0.02637,0.00097,-2.81539066,2.904661668,0.103829822
Przehyba,CONTROL,30,Bounded,GNDVI,1,0.06011,-0.00702,0.02613,8.907151356,-0.955152722,3.589576628
Przehyba,CONTROL,30,Bounded,GNDVI,2,-0.0063,0.00514,0.04079,-0.845341431,0.695571214,5.481782715
Przehyba,CONTROL,30,Bounded,GNDVI,3,0.00543,0.02342,-0.00719,0.722669325,3.0945639,-0.92152196
Przehyba,CONTROL,30,Bounded,GNDVI,4,-0.03168,0.02203,-0.01353,-4.089794749,2.965282106,-1.768717621
Przehyba,CONTROL,30,Bounded,LCI,1,-0.00326,0.02131,0.0222,-1.158283325,7.66020468,7.412329174
Przehyba,CONTROL,30,Bounded,LCI,2,-0.00951,0.0233,-0.00017,-2.837526965,7.155118674,-0.048718838
Przehyba,CONTROL,30,Bounded,LCI,3,-0.02584,0.05728,-0.08545,-6.314590761,14.94114057,-19.39176355
Przehyba,CONTROL,30,Bounded,LCI,4,0.00922,0.12644,-0.01188,2.808655044,37.46470276,-2.560725625
Przehyba,CONTROL,30,Bounded,MCARI,1,0.03713,0.20288,0.13235,5.372586641,27.8592919,14.21420217
Przehyba,CONTROL,30,Bounded,MCARI,2,-0.01476,-0.07924,0.34865,-1.777326088,-9.714343859,47.3412713
Przehyba,CONTROL,30,Bounded,MCARI,3,0.23408,-0.30664,0.01999,29.31639742,-29.69761007,2.753819047
Przehyba,CONTROL,30,Bounded,MCARI,4,0.32682,-0.30813,-0.04235,44.06595466,-28.83813563,-5.569796055
Przehyba,CONTROL,30,Bounded,MCARI2,1,0.04513,0.03498,0.06566,7.519648894,5.420810146,9.652035733
Przehyba,CONTROL,30,Bounded,MCARI2,2,0.01833,-0.02984,0.08826,2.71165479,-4.297847763,13.28294663
Przehyba,CONTROL,30,Bounded,MCARI2,3,0.06058,-0.01489,-0.07782,8.305900645,-1.884950901,-10.04062958
Przehyba,CONTROL,30,Bounded,MCARI2,4,0.04929,0.02004,-0.0558,6.877440905,2.616252884,-7.099046972
Przehyba,CONTROL,30,Bounded,NDRE,1,-0.00553,0.01718,0.01238,-2.966404,9.497432155,6.250283989
Przehyba,CONTROL,30,Bounded,NDRE,2,-0.00602,0.0154,-0.0029,-2.685689557,7.05997772,-1.241805156
Przehyba,CONTROL,30,Bounded,NDRE,3,-0.02205,0.05069,-0.07094,-7.852536138,19.59026245,-22.9252103
Przehyba,CONTROL,30,Bounded,NDRE,4,0.00747,0.10793,-0.01141,3.454638789,48.24743743,-3.440570996
Przehyba,CONTROL,30,Bounded,NDVI,1,0.01522,-0.00625,0.03603,1.866841003,-0.752557793,4.371241285
Przehyba,CONTROL,30,Bounded,NDVI,2,-0.01535,0.02796,0.00883,-1.813754045,3.364778852,1.02803401
Przehyba,CONTROL,30,Bounded,NDVI,3,-0.00715,0.00232,-0.01079,-0.813941972,0.266271544,-1.235103496
Przehyba,CONTROL,30,Bounded,NDVI,4,-0.01141,0.01531,-2.00E-05,-1.31730706,1.791164912,-0.002298689
Przehyba,CONTROL,30,Bounded,OSAVI,1,0.03566,0.01327,0.03279,6.133565879,2.150551575,5.202111305
Przehyba,CONTROL,30,Bounded,OSAVI,2,0.00829,-0.01307,0.04725,1.317167185,-2.049646291,7.564829387
Przehyba,CONTROL,30,Bounded,OSAVI,3,0.02923,-0.00218,-0.03516,4.483947223,-0.320065305,-5.178729503
Przehyba,CONTROL,30,Bounded,OSAVI,4,0.01676,0.01105,-0.02613,2.568854024,1.651247551,-3.841285662
Przehyba,CONTROL,30,Bounded,SIPI2,1,0.03744,-0.00135,-0.0029,4.176282863,-0.144550293,-0.310964946
Przehyba,CONTROL,30,Bounded,SIPI2,2,0.00501,-0.01349,0.02403,0.538049554,-1.441006846,2.60442351
Przehyba,CONTROL,30,Bounded,SIPI2,3,0.00839,0.01472,0.00107,0.915268401,1.591246415,0.113856313
Przehyba,CONTROL,30,Bounded,SIPI2,4,-0.01531,0.00627,-0.00947,-1.62844449,0.677947042,-1.017053637
Przehyba,CONTROL,30,Edges,GNDVI,1,0.05308,-0.00188,0.02389,7.985545381,-0.261918329,3.337053587
Przehyba,CONTROL,30,Edges,GNDVI,2,-0.01233,-0.00459,0.04527,-1.647270381,-0.623487974,6.187883667
Przehyba,CONTROL,30,Edges,GNDVI,3,-0.00165,0.03363,-0.00634,-0.218325877,4.459614826,-0.804843278
Przehyba,CONTROL,30,Edges,GNDVI,4,-0.04519,0.03006,-0.01309,-5.753895243,4.061113956,-1.699446025
Przehyba,CONTROL,30,Edges,LCI,1,-0.01399,0.02079,0.02294,-4.829283616,7.540777872,7.737165715
Przehyba,CONTROL,30,Edges,LCI,2,-0.02298,0.016,-0.00331,-6.535445835,4.868534358,-0.960419683
Przehyba,CONTROL,30,Edges,LCI,3,-0.04076,0.07187,-0.07932,-9.73394055,19.01418325,-17.63250498
Przehyba,CONTROL,30,Edges,LCI,4,-0.01622,0.13763,-0.01156,-4.67097287,41.57616658,-2.466601659
Przehyba,CONTROL,30,Edges,MCARI,1,0.02841,0.20301,0.09332,4.469363387,30.57052634,10.76254698
Przehyba,CONTROL,30,Edges,MCARI,2,0.02245,-0.0666,0.34169,3.038871841,-8.749216709,49.1915619
Przehyba,CONTROL,30,Edges,MCARI,3,0.27994,-0.32474,0.01639,39.08679267,-32.59980264,2.441164073
Przehyba,CONTROL,30,Edges,MCARI,4,0.38418,-0.31638,-0.05074,57.81916198,-30.1707655,-6.929317952
Przehyba,CONTROL,30,Edges,MCARI2,1,0.04214,0.05157,0.04209,7.759146089,8.811754474,6.609496381
Przehyba,CONTROL,30,Edges,MCARI2,2,0.0445,-0.0291,0.1003,7.309809436,-4.454506629,16.06931434
Przehyba,CONTROL,30,Edges,MCARI2,3,0.10219,-0.03251,-0.08996,15.2258549,-4.203783276,-12.14295645
Przehyba,CONTROL,30,Edges,MCARI2,4,0.09488,0.00535,-0.05557,14.28762888,0.704920344,-7.270695708
Przehyba,CONTROL,30,Edges,NDRE,1,-0.01369,0.01518,0.01424,-6.970432941,8.308202571,7.195880561
Przehyba,CONTROL,30,Edges,NDRE,2,-0.01727,0.01141,-0.00715,-7.228330703,5.147732246,-3.067866353
Przehyba,CONTROL,30,Edges,NDRE,3,-0.03476,0.06264,-0.06579,-12.02930499,24.64191722,-20.76435815
Przehyba,CONTROL,30,Edges,NDRE,4,-0.01245,0.11671,-0.01088,-5.39589392,53.46777777,-3.24784845
Przehyba,CONTROL,30,Edges,NDVI,1,0.00693,0.00154,0.03305,0.865307896,0.190641012,4.083569225
Przehyba,CONTROL,30,Edges,NDVI,2,-0.02015,0.01627,0.01617,-2.376232486,1.965376991,1.915647535
Przehyba,CONTROL,30,Edges,NDVI,3,-0.01279,0.00911,-0.00953,-1.447272982,1.045995079,-1.082891787
Przehyba,CONTROL,30,Edges,NDVI,4,-0.02086,0.02026,-0.00209,-2.380188977,2.368092236,-0.238638686
Przehyba,CONTROL,30,Edges,OSAVI,1,0.03822,0.02666,0.02002,7.06037526,4.600112846,3.302480489
Przehyba,CONTROL,30,Edges,OSAVI,2,0.02483,-0.01686,0.05845,4.197724134,-2.735498693,9.750100504
Przehyba,CONTROL,30,Edges,OSAVI,3,0.05085,-0.00972,-0.04336,8.168924031,-1.443569359,-6.533948352
Przehyba,CONTROL,30,Edges,OSAVI,4,0.03845,0.00542,-0.02588,6.127773236,0.813910359,-3.854970872
Przehyba,CONTROL,30,Edges,SIPI2,1,0.03827,-0.00255,-0.00268,4.263682052,-0.272479273,-0.287152805
Przehyba,CONTROL,30,Edges,SIPI2,2,0.00373,-0.01337,0.02287,0.40001244,-1.428112125,2.478243579
Przehyba,CONTROL,30,Edges,SIPI2,3,0.00663,0.01758,0.00092,0.723119426,1.903646056,0.097760955
Przehyba,CONTROL,30,Edges,SIPI2,4,-0.019,0.00895,-0.00789,-2.018097019,0.970209685,-0.847083681
Przehyba,CONTROL,50,Bounded,GNDVI,1,0.0196,-0.02562,0.0758,2.913107647,-3.70006109,11.36770941
Przehyba,CONTROL,50,Bounded,GNDVI,2,0.00303,-0.00122,0.0469,0.410663146,-0.164673265,6.340914038
Przehyba,CONTROL,50,Bounded,GNDVI,3,0.01468,0.01705,-0.01768,1.981879572,2.257109232,-2.288847951
Przehyba,CONTROL,50,Bounded,GNDVI,4,-0.04924,0.02265,-0.01941,-6.273962165,3.07915676,-2.559872125
Przehyba,CONTROL,50,Bounded,LCI,1,-0.04554,-0.00598,0.0808,-16.26480851,-2.550639579,35.36553873
Przehyba,CONTROL,50,Bounded,LCI,2,-0.01958,0.04978,-0.00476,-6.509070479,17.70075134,-1.438018676
Przehyba,CONTROL,50,Bounded,LCI,3,0.00997,0.0645,-0.11602,2.897826194,18.21925818,-27.72142855
Przehyba,CONTROL,50,Bounded,LCI,4,-0.07571,0.10939,0.00378,-19.70224139,35.4516611,0.90441224
Przehyba,CONTROL,50,Bounded,MCARI,1,-0.06957,0.15081,0.19883,-8.604706677,20.40893657,22.34670149
Przehyba,CONTROL,50,Bounded,MCARI,2,-0.0368,-0.02489,0.28433,-4.205709479,-2.969454821,34.95956651
Przehyba,CONTROL,50,Bounded,MCARI,3,0.24027,-0.43055,0.10161,29.46034128,-40.77792016,16.25003398
Przehyba,CONTROL,50,Bounded,MCARI,4,0.19085,-0.18919,-0.19264,21.14725961,-17.30400034,-21.30641128
Przehyba,CONTROL,50,Bounded,MCARI2,1,0.00922,-0.01598,0.12564,1.494736808,-2.552507703,20.59432427
Przehyba,CONTROL,50,Bounded,MCARI2,2,-0.14863,0.13253,0.08189,-21.79769777,24.85414389,12.30020984
Przehyba,CONTROL,50,Bounded,MCARI2,3,0.06525,-0.02232,-0.06861,9.185211879,-2.87765703,-9.107792134
Przehyba,CONTROL,50,Bounded,MCARI2,4,-0.01578,0.02579,-0.07828,-2.05134605,3.422825829,-10.04541482
Przehyba,CONTROL,50,Bounded,NDRE,1,-0.03471,-0.00275,0.05444,-18.83434351,-1.838468789,37.07663913
Przehyba,CONTROL,50,Bounded,NDRE,2,-0.01449,0.03737,-0.00709,-7.372132424,20.52608741,-3.231084031
Przehyba,CONTROL,50,Bounded,NDRE,3,0.00732,0.05726,-0.09398,3.223519361,24.42822343,-32.22234032
Przehyba,CONTROL,50,Bounded,NDRE,4,-0.05805,0.08944,0.00336,-22.36813206,44.39348591,1.15499242
Przehyba,CONTROL,50,Bounded,NDVI,1,0.0007,-0.01751,0.05176,0.085635187,-2.140270205,6.465062309
Przehyba,CONTROL,50,Bounded,NDVI,2,-0.00944,0.01645,0.01547,-1.116114974,1.966877543,1.814022263
Przehyba,CONTROL,50,Bounded,NDVI,3,-0.00154,-0.00917,-0.01097,-0.176757329,-1.054373234,-1.27477947
Przehyba,CONTROL,50,Bounded,NDVI,4,-0.02296,0.01384,0.00024,-2.635200354,1.631457903,0.027837028
Przehyba,CONTROL,50,Bounded,OSAVI,1,0.00901,-0.01199,0.06951,1.524171052,-1.997830546,11.81819264
Przehyba,CONTROL,50,Bounded,OSAVI,2,-0.06344,0.05758,0.04421,-10.02653618,10.11451287,7.052600178
Przehyba,CONTROL,50,Bounded,OSAVI,3,0.03167,-0.00519,-0.03332,4.916320103,-0.76792074,-4.968232833
Przehyba,CONTROL,50,Bounded,OSAVI,4,-0.01576,0.01444,-0.03741,-2.319588008,2.175776853,-5.516795923
Przehyba,CONTROL,50,Bounded,SIPI2,1,0.01515,-0.00911,0.02611,1.694628977,-1.002033766,2.900978955
Przehyba,CONTROL,50,Bounded,SIPI2,2,0.00826,-0.01125,0.02415,0.891680278,-1.20372223,2.615473422
Przehyba,CONTROL,50,Bounded,SIPI2,3,0.01157,0.01726,-0.00602,1.266569676,1.865822902,-0.638848121
Przehyba,CONTROL,50,Bounded,SIPI2,4,-0.0211,0.0079,-0.01417,-2.233983871,0.85553297,-1.521527412
Przehyba,CONTROL,50,Edges,GNDVI,1,0.01928,-0.0274,0.0741,2.897457361,-4.001805194,11.27354551
Przehyba,CONTROL,50,Edges,GNDVI,2,0.00318,-0.00422,0.04451,0.43342497,-0.572691828,6.07519815
Przehyba,CONTROL,50,Edges,GNDVI,3,0.00932,0.02592,-0.01319,1.253461477,3.442866611,-1.693672547
Przehyba,CONTROL,50,Edges,GNDVI,4,-0.05528,0.03193,-0.01952,-7.006328256,4.351790394,-2.549464443
Przehyba,CONTROL,50,Edges,LCI,1,-0.04362,-0.01688,0.07925,-15.14893676,-6.908943562,34.84420135
Przehyba,CONTROL,50,Edges,LCI,2,-0.0206,0.04096,-0.00643,-6.770502956,14.43977142,-1.980771423
Przehyba,CONTROL,50,Edges,LCI,3,-0.00241,0.08138,-0.10832,-0.687901216,23.38969508,-25.23112615
Przehyba,CONTROL,50,Edges,LCI,4,-0.08913,0.12872,0.00458,-22.85847646,42.79383359,1.066328918
Przehyba,CONTROL,50,Edges,MCARI,1,-0.08473,0.18649,0.15683,-11.31844601,28.09130087,18.44275549
Przehyba,CONTROL,50,Edges,MCARI,2,-0.04018,0.01596,0.25823,-4.913416023,2.052519287,32.54148179
Przehyba,CONTROL,50,Edges,MCARI,3,0.27179,-0.45805,0.09325,36.00625827,-44.61680974,16.40047768
Przehyba,CONTROL,50,Edges,MCARI,4,0.24788,-0.25415,-0.19447,29.31683542,-23.24398825,-23.17185204
Przehyba,CONTROL,50,Edges,MCARI2,1,0.00076,0.00958,0.11184,0.133819073,1.684570355,19.34041306
Przehyba,CONTROL,50,Edges,MCARI2,2,-0.14224,0.15266,0.07175,-22.28206297,30.77071924,11.0592018
Przehyba,CONTROL,50,Edges,MCARI2,3,0.09593,-0.05451,-0.06979,14.36226197,-7.136115079,-9.83857075
Przehyba,CONTROL,50,Edges,MCARI2,4,0.00794,-0.00908,-0.09222,1.065698858,-1.205857706,-12.39664422
Przehyba,CONTROL,50,Edges,NDRE,1,-0.034,-0.01086,0.05327,-17.63201975,-6.837456164,36.00029736
Przehyba,CONTROL,50,Edges,NDRE,2,-0.01568,0.03017,-0.00794,-7.809892863,16.30009023,-3.688545533
Przehyba,CONTROL,50,Edges,NDRE,3,-0.00286,0.07162,-0.08892,-1.231426345,31.22180033,-29.54044869
Przehyba,CONTROL,50,Edges,NDRE,4,-0.06831,0.10507,0.00462,-25.91416573,53.8017625,1.538149094
Przehyba,CONTROL,50,Edges,NDVI,1,-0.00168,-0.01594,0.05191,-0.207995186,-1.977591433,6.570129264
Przehyba,CONTROL,50,Edges,NDVI,2,-0.00803,0.01658,0.01126,-0.956577573,1.994176236,1.327828623
Przehyba,CONTROL,50,Edges,NDVI,3,-0.00551,-0.00504,-0.00579,-0.629195828,-0.579169879,-0.669231863
Przehyba,CONTROL,50,Edges,NDVI,4,-0.02734,0.02067,-0.00145,-3.121214785,2.435773703,-0.166806439
Przehyba,CONTROL,50,Edges,OSAVI,1,0.00819,-0.00178,0.06672,1.458928231,-0.312521398,11.75100963
Przehyba,CONTROL,50,Edges,OSAVI,2,-0.06339,0.07071,0.04053,-10.38957208,12.93299753,6.564083628
Przehyba,CONTROL,50,Edges,OSAVI,3,0.04712,-0.01928,-0.0352,7.561327469,-2.876362654,-5.40697469
Przehyba,CONTROL,50,Edges,OSAVI,4,-0.00566,9.00E-05,-0.04578,-0.846100835,0.013568705,-6.901011636
Przehyba,CONTROL,50,Edges,SIPI2,1,0.01714,-0.01169,0.02513,1.917609902,-1.283260205,2.794485756
Przehyba,CONTROL,50,Edges,SIPI2,2,0.00769,-0.01364,0.02532,0.829458393,-1.459134083,2.748705167
Przehyba,CONTROL,50,Edges,SIPI2,3,0.01003,0.0208,-0.00596,1.098550855,2.253396616,-0.631455601
Przehyba,CONTROL,50,Edges,SIPI2,4,-0.02261,0.01029,-0.01303,-2.393704589,1.116111377,-1.397707245
Przehyba,KAISHI,30,Bounded,GNDVI,1,0.07908,-0.01411,0.0251,12.07990334,-1.923074302,3.487995598
Przehyba,KAISHI,30,Bounded,GNDVI,2,0.01056,0.00966,0.03774,1.462055101,1.318175678,5.082889894
Przehyba,KAISHI,30,Bounded,GNDVI,3,0.01272,0.01504,-0.00921,1.723107934,2.002873804,-1.202411089
Przehyba,KAISHI,30,Bounded,GNDVI,4,-0.03472,0.02054,-0.01198,-4.544556153,2.816511283,-1.597735963
Przehyba,KAISHI,30,Bounded,LCI,1,-0.01979,0.03986,0.05339,-6.803937276,14.70463458,17.17101222
Przehyba,KAISHI,30,Bounded,LCI,2,-0.04278,0.06407,0.0069,-13.12829703,22.63309795,1.987607698
Przehyba,KAISHI,30,Bounded,LCI,3,-0.06039,0.03683,-0.08958,-13.55309136,9.561490274,-21.22643186
Przehyba,KAISHI,30,Bounded,LCI,4,0.01616,0.11451,0.0058,5.052352502,34.07924145,1.287398368
Przehyba,KAISHI,30,Bounded,MCARI,1,0.16746,0.00459,0.07924,22.56870274,0.504694539,8.669100521
Przehyba,KAISHI,30,Bounded,MCARI,2,0.05085,-0.09316,0.31372,6.493332363,-11.17078616,42.34875493
Przehyba,KAISHI,30,Bounded,MCARI,3,0.23367,-0.25896,0.01487,30.09811157,-25.63881703,1.979839456
Przehyba,KAISHI,30,Bounded,MCARI,4,0.33865,-0.29378,0.02184,47.02420709,-27.74621722,2.854786277
Przehyba,KAISHI,30,Bounded,MCARI2,1,0.10194,-0.0519,0.04476,16.52158551,-7.218850798,6.710131609
Przehyba,KAISHI,30,Bounded,MCARI2,2,0.04982,-0.03178,0.0768,7.721983784,-4.572721086,11.58002506
Przehyba,KAISHI,30,Bounded,MCARI2,3,0.06594,0.00362,-0.08338,9.271249425,0.465791956,-10.67891408
Przehyba,KAISHI,30,Bounded,MCARI2,4,0.05953,0.03372,-0.03416,8.575449696,4.473803967,-4.338102791
Przehyba,KAISHI,30,Bounded,NDRE,1,-0.01949,0.03218,0.03787,-9.970788506,18.28606497,18.19264896
Przehyba,KAISHI,30,Bounded,NDRE,2,-0.03302,0.0471,0.00268,-15.11828617,25.40576403,1.152732794
Przehyba,KAISHI,30,Bounded,NDRE,3,-0.05362,0.03269,-0.07232,-17.03731241,12.52005929,-24.61613868
Przehyba,KAISHI,30,Bounded,NDRE,4,0.01283,0.09601,0.00669,6.076220335,42.86524303,2.0906838
Przehyba,KAISHI,30,Bounded,NDVI,1,0.03034,-0.00991,0.03716,3.81514767,-1.200352233,4.555702536
Przehyba,KAISHI,30,Bounded,NDVI,2,-0.01077,0.03023,0.01164,-1.291071229,3.671269011,1.363554895
Przehyba,KAISHI,30,Bounded,NDVI,3,-0.00375,0.00036,-0.01475,-0.431053806,0.041560313,-1.702110964
Przehyba,KAISHI,30,Bounded,NDVI,4,-0.00882,0.02052,-0.00471,-1.032846147,2.428025951,-0.544099181
Przehyba,KAISHI,30,Bounded,OSAVI,1,0.06269,-0.02522,0.02369,10.72061919,-3.895275473,3.807267719
Przehyba,KAISHI,30,Bounded,OSAVI,2,0.02556,-0.01199,0.04093,4.184394957,-1.884032238,6.554977411
Przehyba,KAISHI,30,Bounded,OSAVI,3,0.03233,0.00426,-0.03745,5.032995465,0.631400152,-5.515861969
Przehyba,KAISHI,30,Bounded,OSAVI,4,0.01995,0.01649,-0.01669,3.110475677,2.493456378,-2.462301994
Przehyba,KAISHI,30,Bounded,SIPI2,1,0.0435,-0.00417,-0.00421,4.874981929,-0.445602798,-0.451890803
Przehyba,KAISHI,30,Bounded,SIPI2,2,0.0149,-0.01163,0.02031,1.617102651,-1.242121924,2.196456902
Przehyba,KAISHI,30,Bounded,SIPI2,3,0.01177,0.01027,0.002,1.290597063,1.111771462,0.214127948
Przehyba,KAISHI,30,Bounded,SIPI2,4,-0.01936,0.0023,-0.00601,-2.059725661,0.249844933,-0.651228612
Przehyba,KAISHI,30,Edges,GNDVI,1,0.0777,-0.01522,0.02253,11.99572045,-2.098063082,3.172296684
Przehyba,KAISHI,30,Edges,GNDVI,2,0.00208,0.00779,0.03618,0.286568085,1.070185778,4.917758709
Przehyba,KAISHI,30,Edges,GNDVI,3,0.0031,0.02096,0.00165,0.41522065,2.795818544,0.214104698
Przehyba,KAISHI,30,Edges,GNDVI,4,-0.04575,0.03137,-0.01556,-5.891966449,4.292961432,-2.041724128
Przehyba,KAISHI,30,Edges,LCI,1,-0.02571,0.03257,0.05407,-8.497179174,11.76402599,17.47400875
Przehyba,KAISHI,30,Edges,LCI,2,-0.04821,0.05771,0.00609,-14.4181164,20.16696894,1.771012967
Przehyba,KAISHI,30,Edges,LCI,3,-0.07731,0.04717,-0.07298,-16.88614358,12.3961621,-17.06372124
Przehyba,KAISHI,30,Edges,LCI,4,-0.00599,0.13086,-0.00051,-1.770612561,39.3787747,-0.110110521
Przehyba,KAISHI,30,Edges,MCARI,1,0.16665,0.03213,0.05637,25.43183764,3.909087259,6.600231131
Przehyba,KAISHI,30,Edges,MCARI,2,0.03683,-0.07018,0.27811,4.979240771,-9.037979346,39.37444873
Przehyba,KAISHI,30,Edges,MCARI,3,0.27593,-0.27547,-0.01272,38.94285662,-27.98124088,-1.794048329
Przehyba,KAISHI,30,Edges,MCARI,4,0.38396,-0.33065,0.03561,57.65502785,-31.49284565,4.950846065
Przehyba,KAISHI,30,Edges,MCARI2,1,0.11103,-0.03606,0.02611,20.08789244,-5.432760177,4.159690039
Przehyba,KAISHI,30,Edges,MCARI2,2,0.04699,-0.02033,0.06356,7.717435755,-3.09969491,10.00092834
Przehyba,KAISHI,30,Edges,MCARI2,3,0.10325,-0.0105,-0.0997,15.57078032,-1.370129353,-13.19043039
Przehyba,KAISHI,30,Edges,MCARI2,4,0.09468,0.00914,-0.02708,14.37439936,1.213245884,-3.551517329
Przehyba,KAISHI,30,Edges,NDRE,1,-0.02524,0.02653,0.04021,-12.15793758,14.54806675,19.24927354
Przehyba,KAISHI,30,Edges,NDRE,2,-0.03654,0.04189,0.00273,-16.18740891,22.14164522,1.181403923
Przehyba,KAISHI,30,Edges,NDRE,3,-0.0681,0.04234,-0.06053,-20.95765077,16.484907,-20.23189975
Przehyba,KAISHI,30,Edges,NDRE,4,-0.00459,0.10935,0.00177,-2.040535074,49.62537043,0.536850055
Przehyba,KAISHI,30,Edges,NDVI,1,0.03222,-0.00942,0.03255,4.127588871,-1.15892675,4.05152595
Przehyba,KAISHI,30,Edges,NDVI,2,-0.02342,0.0359,0.00612,-2.796347793,4.409772252,0.719999153
Przehyba,KAISHI,30,Edges,NDVI,3,-0.01099,-0.00145,-0.00113,-1.250980352,-0.167142928,-0.130474291
Przehyba,KAISHI,30,Edges,NDVI,4,-0.01836,0.02868,-0.00988,-2.119160046,3.38199172,-1.126952062
Przehyba,KAISHI,30,Edges,OSAVI,1,0.07011,-0.0184,0.01173,12.76302927,-2.970468059,1.951646421
Przehyba,KAISHI,30,Edges,OSAVI,2,0.02733,-0.00921,0.03572,4.630076694,-1.491254062,5.871224262
Przehyba,KAISHI,30,Edges,OSAVI,3,0.05171,-0.00106,-0.04627,8.366488097,-0.158263048,-6.919282022
Przehyba,KAISHI,30,Edges,OSAVI,4,0.03657,0.00631,-0.01367,5.850441783,0.953674974,-2.046526668
Przehyba,KAISHI,30,Edges,SIPI2,1,0.04141,-0.0054,-0.00318,4.618244799,-0.575649391,-0.340956243
Przehyba,KAISHI,30,Edges,SIPI2,2,0.01657,-0.01657,0.02273,1.797178094,-1.765449817,2.465290168
Przehyba,KAISHI,30,Edges,SIPI2,3,0.00903,0.01532,0.00133,0.98879692,1.661134972,0.14185441
Przehyba,KAISHI,30,Edges,SIPI2,4,-0.02107,0.00501,-0.00548,-2.23881945,0.544535031,-0.592393366
Przehyba,KAISHI,50,Bounded,GNDVI,1,0.04156,-0.04334,0.08092,6.31101649,-6.19062379,12.32126026
Przehyba,KAISHI,50,Bounded,GNDVI,2,0.03534,-0.01035,0.04909,4.999002746,-1.394350657,6.706916362
Przehyba,KAISHI,50,Bounded,GNDVI,3,0.0147,0.00999,-0.00997,2.001331498,1.33340274,-1.313222717
Przehyba,KAISHI,50,Bounded,GNDVI,4,-0.05726,0.01547,-0.01946,-7.294908724,2.125960771,-2.618614772
Przehyba,KAISHI,50,Bounded,LCI,1,-0.0348,-0.02811,0.08999,-12.28635685,-11.31455758,40.84309516
Przehyba,KAISHI,50,Bounded,LCI,2,0.07348,0.0199,-0.00152,30.78973061,6.375528224,-0.45778858
Przehyba,KAISHI,50,Bounded,LCI,3,0.01178,0.04211,-0.08953,3.471229752,11.99233356,-22.76662996
Przehyba,KAISHI,50,Bounded,LCI,4,-0.09602,0.05177,0.07421,-23.66067798,16.71072721,20.52432302
Przehyba,KAISHI,50,Bounded,MCARI,1,-0.18386,0.2424,0.18945,-22.77126802,38.87350235,21.87742866
Przehyba,KAISHI,50,Bounded,MCARI,2,0.04067,0.00036,0.27975,5.502407557,0.046165624,35.85798316
Przehyba,KAISHI,50,Bounded,MCARI,3,0.23251,-0.4676,0.12783,28.68613292,-44.83045249,22.21426697
Przehyba,KAISHI,50,Bounded,MCARI,4,0.16163,-0.26681,-0.06439,17.47878549,-24.560202,-7.856836937
Przehyba,KAISHI,50,Bounded,MCARI2,1,-0.05744,0.04339,0.12275,-9.421474861,7.857219171,20.60874281
Przehyba,KAISHI,50,Bounded,MCARI2,2,-0.0926,0.14403,0.08175,-15.53845095,28.61479593,12.62799847
Przehyba,KAISHI,50,Bounded,MCARI2,3,0.06433,-0.04882,-0.04905,9.155718374,-6.36546533,-6.830230139
Przehyba,KAISHI,50,Bounded,MCARI2,4,-0.03121,-0.01024,-0.02117,-4.001943911,-1.367775268,-2.866928216
Przehyba,KAISHI,50,Bounded,NDRE,1,-0.02664,-0.01941,0.06124,-14.19883702,-12.05732354,43.25744679
Przehyba,KAISHI,50,Bounded,NDRE,2,0.05332,0.01443,-0.0044,34.84261359,6.992939215,-1.992925116
Przehyba,KAISHI,50,Bounded,NDRE,3,0.00868,0.03816,-0.07182,3.874117946,16.3966124,-26.51250872
Przehyba,KAISHI,50,Bounded,NDRE,4,-0.07484,0.0409,0.06503,-26.94208747,20.15364071,26.66901793
Przehyba,KAISHI,50,Bounded,NDVI,1,0.00244,-0.01879,0.05456,0.301718435,-2.316489981,6.885837211
Przehyba,KAISHI,50,Bounded,NDVI,2,0.01324,0.01624,0.01363,1.614986686,1.949437076,1.604849164
Przehyba,KAISHI,50,Bounded,NDVI,3,-0.00017,-0.01279,-0.00704,-0.019639987,-1.477910496,-0.825689257
Przehyba,KAISHI,50,Bounded,NDVI,4,-0.02754,0.00822,-4.00E-05,-3.155936978,0.972664806,-0.004687568
Przehyba,KAISHI,50,Bounded,OSAVI,1,-0.01663,0.01091,0.06993,-2.842195754,1.919149453,12.0695696
Przehyba,KAISHI,50,Bounded,OSAVI,2,-0.03393,0.06241,0.04517,-5.763047536,11.248673,7.318167752
Przehyba,KAISHI,50,Bounded,OSAVI,3,0.03092,-0.0182,-0.02301,4.82912971,-2.711557343,-3.523731204
Przehyba,KAISHI,50,Bounded,OSAVI,4,-0.02375,-0.00214,-0.01326,-3.472775632,-0.324173169,-2.015194506
Przehyba,KAISHI,50,Bounded,SIPI2,1,0.03257,-0.02258,0.02881,3.671675341,-2.455332628,3.211634567
Przehyba,KAISHI,50,Bounded,SIPI2,2,0.01837,-0.01789,0.02706,1.998279109,-1.90793901,2.942036659
Przehyba,KAISHI,50,Bounded,SIPI2,3,0.01092,0.01453,-0.00296,1.197052095,1.573939974,-0.315669021
Przehyba,KAISHI,50,Bounded,SIPI2,4,-0.02425,0.00629,-0.01447,-2.569669842,0.684103884,-1.563072177
Przehyba,KAISHI,50,Edges,GNDVI,1,0.04322,-0.04785,0.08162,6.62912921,-6.883000499,12.60850155
Przehyba,KAISHI,50,Edges,GNDVI,2,0.02955,-0.01217,0.04661,4.165544812,-1.646951516,6.413299375
Przehyba,KAISHI,50,Edges,GNDVI,3,0.00616,0.01785,0.00037,0.830568144,2.386934841,0.048323627
Przehyba,KAISHI,50,Edges,GNDVI,4,-0.0623,0.02656,-0.0188,-7.891460123,3.652561125,-2.494291654
Przehyba,KAISHI,50,Edges,LCI,1,-0.03818,-0.03429,0.08401,-12.92611665,-13.33250386,37.6893778
Przehyba,KAISHI,50,Edges,LCI,2,0.0643,0.01536,-0.00509,25.79625373,4.898568381,-1.547484046
Przehyba,KAISHI,50,Edges,LCI,3,-0.00422,0.05391,-0.0672,-1.202755507,15.55211299,-16.77688983
Przehyba,KAISHI,50,Edges,LCI,4,-0.10546,0.07026,0.07599,-25.74197974,23.09505261,20.29208424
Przehyba,KAISHI,50,Edges,MCARI,1,-0.14597,0.23264,0.18934,-20.24462194,40.4548387,23.44184296
Przehyba,KAISHI,50,Edges,MCARI,2,0.04433,0.02288,0.2575,6.444147571,3.124654315,34.10049515
Przehyba,KAISHI,50,Edges,MCARI,3,0.27154,-0.4801,0.08306,36.34533557,-47.13096046,15.42286617
Przehyba,KAISHI,50,Edges,MCARI,4,0.19412,-0.31264,-0.07608,21.82837982,-28.85674175,-9.870507965
Przehyba,KAISHI,50,Edges,MCARI2,1,-0.03781,0.04532,0.12958,-6.899496543,8.882773652,23.32585087
Przehyba,KAISHI,50,Edges,MCARI2,2,-0.08286,0.15434,0.07464,-14.90338699,32.62167606,11.89556004
Przehyba,KAISHI,50,Edges,MCARI2,3,0.09436,-0.06913,-0.0725,14.26345059,-9.145256518,-10.55649472
Przehyba,KAISHI,50,Edges,MCARI2,4,-0.02005,-0.03213,-0.03763,-2.61923393,-4.310200271,-5.275398809
Przehyba,KAISHI,50,Edges,NDRE,1,-0.03089,-0.02375,0.05614,-15.44183442,-14.04070919,38.61046348
Przehyba,KAISHI,50,Edges,NDRE,2,0.04665,0.01079,-0.00707,28.81034579,5.173298301,-3.222997707
Przehyba,KAISHI,50,Edges,NDRE,3,-0.00399,0.04802,-0.05477,-1.711777804,20.96018786,-19.76392984
Przehyba,KAISHI,50,Edges,NDRE,4,-0.08197,0.0553,0.06754,-29.22271222,27.85459198,26.6082551
Przehyba,KAISHI,50,Edges,NDVI,1,0.01076,-0.02294,0.05679,1.353695803,-2.847492804,7.255829642
Przehyba,KAISHI,50,Edges,NDVI,2,0.00977,0.01557,0.0105,1.191345733,1.876240434,1.241984763
Przehyba,KAISHI,50,Edges,NDVI,3,-0.00829,-0.00954,0.00383,-0.949413116,-1.103041921,0.44777463
Przehyba,KAISHI,50,Edges,NDVI,4,-0.03222,0.01719,0.0007,-3.677238442,2.036775709,0.081284669
Przehyba,KAISHI,50,Edges,OSAVI,1,-0.00789,0.01301,0.07743,-1.434934191,2.400541736,13.95208038
Przehyba,KAISHI,50,Edges,OSAVI,2,-0.03134,0.07148,0.04315,-5.537581875,13.37046937,7.119392962
Przehyba,KAISHI,50,Edges,OSAVI,3,0.04583,-0.02647,-0.03593,7.385848116,-3.972440537,-5.615194313
Przehyba,KAISHI,50,Edges,OSAVI,4,-0.0192,-0.01059,-0.02176,-2.831770697,-1.607416886,-3.356828044
Przehyba,KAISHI,50,Edges,SIPI2,1,0.02881,-0.02358,0.02833,3.235184796,-2.564908613,3.16270928
Przehyba,KAISHI,50,Edges,SIPI2,2,0.01648,-0.01895,0.02741,1.789668358,-2.021719347,2.984632572
Przehyba,KAISHI,50,Edges,SIPI2,3,0.00949,0.01801,-0.00235,1.039349623,1.952174436,-0.24984823
Przehyba,KAISHI,50,Edges,SIPI2,4,-0.02479,0.00861,-0.01414,-2.624138475,0.935970284,-1.522868334
Przehyba,KUMA,30,Bounded,GNDVI,1,0.06258,0.00439,0.01107,9.291745669,0.596401755,1.494994402
Przehyba,KUMA,30,Bounded,GNDVI,2,0.02757,0.00645,0.03035,3.836354503,0.864355198,4.03230628
Przehyba,KUMA,30,Bounded,GNDVI,3,0.0091,0.02479,-0.01492,1.225043112,3.296845056,-1.920895663
Przehyba,KUMA,30,Bounded,GNDVI,4,-0.04824,0.02433,-0.01529,-6.225954124,3.348559899,-2.03619337
Przehyba,KUMA,30,Bounded,LCI,1,0.0042,0.03249,0.0205,1.408351525,10.74330156,6.121029169
Przehyba,KUMA,30,Bounded,LCI,2,-0.02547,0.07227,0.00038,-7.97704915,24.59660814,0.103799329
Przehyba,KUMA,30,Bounded,LCI,3,-0.06477,0.05013,-0.09189,-14.31757744,12.93306949,-20.99186505
Przehyba,KUMA,30,Bounded,LCI,4,-0.05355,0.11909,0.02029,-13.72826998,35.38857902,4.453360432
Przehyba,KUMA,30,Bounded,MCARI,1,0.03616,0.1545,0.07233,4.76340399,19.42709558,7.61543977
Przehyba,KUMA,30,Bounded,MCARI,2,0.0444,0.00065,0.32671,6.238224298,0.085962803,43.17043939
Przehyba,KUMA,30,Bounded,MCARI,3,0.24884,-0.30791,0.03338,32.89354542,-30.62741896,4.78613655
Przehyba,KUMA,30,Bounded,MCARI,4,0.49166,-0.30163,0.03808,89.792549,-29.02490447,5.162822795
Przehyba,KUMA,30,Bounded,MCARI2,1,0.05326,0.01132,0.02651,8.38580365,1.644438182,3.788761199
Przehyba,KUMA,30,Bounded,MCARI2,2,0.05592,0.01289,0.0674,9.13127183,1.928713896,9.894144399
Przehyba,KUMA,30,Bounded,MCARI2,3,0.07681,-0.01391,-0.08346,10.99734981,-1.794257602,-10.96223637
Przehyba,KUMA,30,Bounded,MCARI2,4,0.14397,0.01927,-0.02057,24.19375167,2.607433146,-2.71260736
Przehyba,KUMA,30,Bounded,NDRE,1,-0.00103,0.02587,0.01367,-0.515100445,13.0045091,6.080933804
Przehyba,KUMA,30,Bounded,NDRE,2,-0.01974,0.05357,-0.00118,-9.266257024,27.71468925,-0.47800179
Przehyba,KUMA,30,Bounded,NDRE,3,-0.05826,0.04383,-0.07422,-18.11843222,16.64697996,-24.16637091
Przehyba,KUMA,30,Bounded,NDRE,4,-0.04213,0.10222,0.02002,-15.74476514,45.34022914,6.109786951
Przehyba,KUMA,30,Bounded,NDVI,1,0.03278,-0.00487,0.01663,4.058935043,-0.579499061,1.99039869
Przehyba,KUMA,30,Bounded,NDVI,2,-0.00737,0.03198,0.00215,-0.88072456,3.855608777,0.2495876
Przehyba,KUMA,30,Bounded,NDVI,3,-0.00215,0.00647,-0.02299,-0.247621395,0.747017415,-2.634712422
Przehyba,KUMA,30,Bounded,NDVI,4,-0.02375,0.01522,-0.00153,-2.75713634,1.816985833,-0.17939407
Przehyba,KUMA,30,Bounded,OSAVI,1,0.03678,0.00651,0.01275,6.156050353,1.02642371,1.989852532
Przehyba,KUMA,30,Bounded,OSAVI,2,0.02987,0.00619,0.03609,5.001917374,0.987176277,5.699341946
Przehyba,KUMA,30,Bounded,OSAVI,3,0.03615,-0.00191,-0.03837,5.668623113,-0.283437038,-5.710152821
Przehyba,KUMA,30,Bounded,OSAVI,4,0.05557,0.01179,-0.01189,9.280986587,1.801867891,-1.784987787
Przehyba,KUMA,30,Bounded,SIPI2,1,0.02791,0.00651,-0.00195,3.100143178,0.701364267,-0.208622864
Przehyba,KUMA,30,Bounded,SIPI2,2,0.0253,-0.01483,0.02052,2.759174254,-1.573907312,2.212611237
Przehyba,KUMA,30,Bounded,SIPI2,3,0.00824,0.01333,0.00304,0.899267817,1.441796524,0.324138394
Przehyba,KUMA,30,Bounded,SIPI2,4,-0.01995,0.00813,-0.01035,-2.115204984,0.880612551,-1.11128887
Przehyba,KUMA,30,Edges,GNDVI,1,0.0628,0.00178,0.02144,9.532034771,0.246663461,2.963737073
Przehyba,KUMA,30,Edges,GNDVI,2,0.03708,-0.0021,0.03505,5.241352405,-0.282056758,4.720977438
Przehyba,KUMA,30,Edges,GNDVI,3,-0.002,0.0298,-0.00201,-0.267147175,3.991155172,-0.258870167
Przehyba,KUMA,30,Edges,GNDVI,4,-0.0566,0.03648,-0.01695,-7.213214201,5.01050035,-2.216987487
Przehyba,KUMA,30,Edges,LCI,1,-0.00155,0.02265,0.02135,-0.505543035,7.424987953,6.515085398
Przehyba,KUMA,30,Edges,LCI,2,-0.0273,0.06744,0.00322,-8.616309127,23.29203809,0.90200879
Przehyba,KUMA,30,Edges,LCI,3,-0.0764,0.05724,-0.07783,-16.78305702,15.11003878,-17.84842029
Przehyba,KUMA,30,Edges,LCI,4,-0.06501,0.135,0.01783,-16.3732115,40.65762963,3.817651983
Przehyba,KUMA,30,Edges,MCARI,1,0.05319,0.17888,0.07208,8.059811407,25.08375039,8.08061784
Przehyba,KUMA,30,Edges,MCARI,2,0.07277,-0.00482,0.28866,10.86198841,-0.648965089,39.11906882
Przehyba,KUMA,30,Edges,MCARI,3,0.25549,-0.30692,0.02023,35.28034125,-31.32920469,3.007100801
Przehyba,KUMA,30,Edges,MCARI,4,0.49125,-0.32523,0.04551,92.65703599,-31.8406236,6.53690529
Przehyba,KUMA,30,Edges,MCARI2,1,0.0602,0.03351,0.03723,10.71515661,5.387277921,5.679365278
Przehyba,KUMA,30,Edges,MCARI2,2,0.08044,0.01236,0.05858,14.1328353,1.902677141,8.849330258
Przehyba,KUMA,30,Edges,MCARI2,3,0.08623,-0.02236,-0.08443,12.77517441,-2.937424709,-11.42720251
Przehyba,KUMA,30,Edges,MCARI2,4,0.15493,0.00124,-0.01797,26.55907951,0.167960004,-2.429984138
Przehyba,KUMA,30,Edges,NDRE,1,-0.00604,0.01808,0.01221,-2.877958365,8.870093362,5.502205839
Przehyba,KUMA,30,Edges,NDRE,2,-0.02294,0.05002,0.00079,-10.75273857,26.27087043,0.328590265
Przehyba,KUMA,30,Edges,NDRE,3,-0.06631,0.04985,-0.06433,-20.56181413,19.4588982,-21.02074626
Przehyba,KUMA,30,Edges,NDRE,4,-0.05057,0.11444,0.01827,-18.62882698,51.80835797,5.44834805
Przehyba,KUMA,30,Edges,NDVI,1,0.03415,-0.0051,0.03538,4.347709845,-0.622238815,4.343657192
Przehyba,KUMA,30,Edges,NDVI,2,0.00534,0.02748,0.00535,0.648931633,3.31791493,0.625211082
Przehyba,KUMA,30,Edges,NDVI,3,-0.01468,0.00775,-0.00686,-1.672475138,0.897966656,-0.787771399
Przehyba,KUMA,30,Edges,NDVI,4,-0.03231,0.02513,-0.00378,-3.691807752,2.981476406,-0.435483369
Przehyba,KUMA,30,Edges,OSAVI,1,0.04265,0.01711,0.01965,7.652406695,2.851709442,3.184243746
Przehyba,KUMA,30,Edges,OSAVI,2,0.04631,0.00467,0.03316,8.097272176,0.755381079,5.32347837
Przehyba,KUMA,30,Edges,OSAVI,3,0.04177,-0.00532,-0.03918,6.681371977,-0.797671758,-5.921819289
Przehyba,KUMA,30,Edges,OSAVI,4,0.06256,0.00516,-0.01123,10.56915651,0.788423016,-1.702466985
Przehyba,KUMA,30,Edges,SIPI2,1,0.0278,0.00472,-0.00586,3.079680644,0.507259071,-0.626596565
Przehyba,KUMA,30,Edges,SIPI2,2,0.02485,-0.01836,0.02214,2.710038922,-1.949435715,2.397528402
Przehyba,KUMA,30,Edges,SIPI2,3,0.00757,0.01603,0.00228,0.827167819,1.737215535,0.242870732
Przehyba,KUMA,30,Edges,SIPI2,4,-0.02046,0.01065,-0.01001,-2.172479589,1.155948904,-1.074067755
Przehyba,KUMA,50,Bounded,GNDVI,1,0.03778,-0.04686,0.07662,5.479165972,-6.442999528,11.26034439
Przehyba,KUMA,50,Bounded,GNDVI,2,0.03721,-0.00832,0.04773,5.220543773,-1.109376229,6.435641562
Przehyba,KUMA,50,Bounded,GNDVI,3,0.01298,-0.00173,0.00224,1.759448905,-0.230448202,0.299073007
Przehyba,KUMA,50,Bounded,GNDVI,4,-0.05047,0.01305,-0.01623,-6.465531046,1.787350489,-2.183855615
Przehyba,KUMA,50,Bounded,LCI,1,-0.0487,-0.019,0.08934,-15.89212932,-7.371741399,37.42130593
Przehyba,KUMA,50,Bounded,LCI,2,0.05702,0.04088,-0.00103,23.44080805,13.61436835,-0.301919092
Przehyba,KUMA,50,Bounded,LCI,3,0.0122,0.00933,-0.05306,3.531717428,2.6087613,-14.4589082
Przehyba,KUMA,50,Bounded,LCI,4,-0.0546,0.01035,0.10932,-14.74595634,3.27873007,33.53158232
Przehyba,KUMA,50,Bounded,MCARI,1,-0.16961,0.25609,0.21948,-21.66208375,41.75124028,25.2432254
Przehyba,KUMA,50,Bounded,MCARI,2,0.09823,0.04849,0.27008,14.94785825,6.419277159,33.59743043
Przehyba,KUMA,50,Bounded,MCARI,3,0.20152,-0.5444,0.22608,24.38850236,-52.96693653,46.76765734
Przehyba,KUMA,50,Bounded,MCARI,4,0.16082,-0.30845,-0.02034,17.42964253,-28.46790174,-2.62434343
Przehyba,KUMA,50,Bounded,MCARI2,1,-0.05735,0.05143,0.13666,-9.356070679,9.256309607,22.51211183
Przehyba,KUMA,50,Bounded,MCARI2,2,-0.06001,0.17133,0.07555,-10.78829521,34.52556318,11.31714829
Przehyba,KUMA,50,Bounded,MCARI2,3,0.04681,-0.09952,0.00853,6.546935556,-13.06377912,1.28797293
Przehyba,KUMA,50,Bounded,MCARI2,4,-0.02331,-0.02992,-0.00766,-3.032467304,-4.01410841,-1.070653336
Przehyba,KUMA,50,Bounded,NDRE,1,-0.03735,-0.0123,0.06122,-18.36545033,-7.408701309,39.82539796
Przehyba,KUMA,50,Bounded,NDRE,2,0.03968,0.03091,-0.00417,25.36095257,15.75907128,-1.836591779
Przehyba,KUMA,50,Bounded,NDRE,3,0.0096,0.00949,-0.04007,4.200375409,3.984866744,-16.18068091
Przehyba,KUMA,50,Bounded,NDRE,4,-0.04139,0.00779,0.09462,-16.60841616,3.74841811,43.88458845
Przehyba,KUMA,50,Bounded,NDVI,1,-0.00258,-0.0214,0.0554,-0.31095914,-2.587318993,6.875914565
Przehyba,KUMA,50,Bounded,NDVI,2,0.01977,0.01457,0.01529,2.404843259,1.730689508,1.785316038
Przehyba,KUMA,50,Bounded,NDVI,3,-0.00405,-0.00693,-0.01529,-0.465752259,-0.800683065,-1.780845372
Przehyba,KUMA,50,Bounded,NDVI,4,-0.02015,0.00567,-0.004,-2.331957305,0.671855874,-0.470809239
Przehyba,KUMA,50,Bounded,OSAVI,1,-0.01668,0.01282,0.07325,-2.806516907,2.219333127,12.40535098
Przehyba,KUMA,50,Bounded,OSAVI,2,-0.01917,0.07429,0.04202,-3.348465767,13.42596023,6.695123331
Przehyba,KUMA,50,Bounded,OSAVI,3,0.02355,-0.04215,0.00356,3.647989888,-6.299403238,0.567818413
Przehyba,KUMA,50,Bounded,OSAVI,4,-0.01944,-0.01122,-0.00652,-2.864548414,-1.702060525,-1.006202342
Przehyba,KUMA,50,Bounded,SIPI2,1,0.03089,-0.02275,0.0239,3.435004576,-2.445813144,2.633867123
Przehyba,KUMA,50,Bounded,SIPI2,2,0.01575,-0.01494,0.02455,1.708315211,-1.593241414,2.660465056
Przehyba,KUMA,50,Bounded,SIPI2,3,0.01201,0.00264,0.01076,1.316667964,0.285664511,1.160982778
Przehyba,KUMA,50,Bounded,SIPI2,4,-0.02382,0.00606,-0.00969,-2.518446937,0.657266098,-1.044112402
Przehyba,KUMA,50,Edges,GNDVI,1,0.03733,-0.02919,0.07054,5.641350358,-4.175661003,10.5305429
Przehyba,KUMA,50,Edges,GNDVI,2,0.02545,-0.00697,0.04599,3.575889652,-0.945519364,6.298352075
Przehyba,KUMA,50,Edges,GNDVI,3,0.00849,0.00138,0.01442,1.151606484,0.185055805,1.930127252
Przehyba,KUMA,50,Edges,GNDVI,4,-0.05962,0.02692,-0.01628,-7.599444764,3.71355932,-2.165380252
Przehyba,KUMA,50,Edges,LCI,1,-0.05155,-0.01317,0.08198,-17.20277247,-5.308108065,34.89386697
Przehyba,KUMA,50,Edges,LCI,2,0.05146,0.03714,-0.00124,21.32694547,12.68654932,-0.375881731
Przehyba,KUMA,50,Edges,LCI,3,0.0057,0.0185,-0.0401,1.666710527,5.320816472,-10.95056951
Przehyba,KUMA,50,Edges,LCI,4,-0.06642,0.02736,0.11141,-17.79499586,8.916960803,33.33722332
Przehyba,KUMA,50,Edges,MCARI,1,-0.15505,0.25253,0.21024,-21.54007732,44.71369812,25.72369298
Przehyba,KUMA,50,Edges,MCARI,2,0.06093,0.08558,0.23261,9.380470209,12.04553036,29.22048964
Przehyba,KUMA,50,Edges,MCARI,3,0.22179,-0.55382,0.20567,28.18990532,-54.91189923,45.22794294
Przehyba,KUMA,50,Edges,MCARI,4,0.18878,-0.32886,-0.03632,21.48789869,-30.81172393,-4.91833692
Przehyba,KUMA,50,Edges,MCARI2,1,-0.05088,0.06783,0.13391,-9.221718161,13.54267951,23.54705807
Przehyba,KUMA,50,Edges,MCARI2,2,-0.07768,0.19019,0.05793,-14.38276142,41.13007692,8.876786888
Przehyba,KUMA,50,Edges,MCARI2,3,0.06527,-0.12306,0.01085,9.523587184,-16.39442542,1.728915595
Przehyba,KUMA,50,Edges,MCARI2,4,-0.0149,-0.03934,-0.02137,-1.986928941,-5.35237367,-3.071898525
Przehyba,KUMA,50,Edges,NDRE,1,-0.03998,-0.01038,0.05589,-19.71001918,-6.373533258,36.65374702
Przehyba,KUMA,50,Edges,NDRE,2,0.03643,0.02723,-0.00365,23.38839633,14.16819726,-1.663468857
Przehyba,KUMA,50,Edges,NDRE,3,0.00431,0.01741,-0.03101,1.90631206,7.556390814,-12.51356881
Przehyba,KUMA,50,Edges,NDRE,4,-0.04977,0.02006,0.097,-19.82386751,9.96567159,43.82180338
Przehyba,KUMA,50,Edges,NDVI,1,-0.00716,0.00459,0.05176,-0.89938337,0.581792555,6.522744543
Przehyba,KUMA,50,Edges,NDVI,2,0.00657,0.01779,0.01172,0.800135426,2.149378807,1.38620958
Przehyba,KUMA,50,Edges,NDVI,3,-0.00736,-0.0073,-0.00162,-0.846394371,-0.846660504,-0.189493409
Przehyba,KUMA,50,Edges,NDVI,4,-0.02917,0.01901,-0.00255,-3.359859754,2.265735899,-0.297192059
Przehyba,KUMA,50,Edges,OSAVI,1,-0.0131,0.02656,0.07405,-2.358826061,4.898010368,13.0181551
Przehyba,KUMA,50,Edges,OSAVI,2,-0.02975,0.0878,0.03432,-5.301414364,16.52174077,5.542447688
Przehyba,KUMA,50,Edges,OSAVI,3,0.03195,-0.05326,0.00565,5.059214183,-8.027479724,0.925909235
Przehyba,KUMA,50,Edges,OSAVI,4,-0.01711,-0.01335,-0.01396,-2.550643922,-2.042218078,-2.180054376
Przehyba,KUMA,50,Edges,SIPI2,1,0.0351,-0.02612,0.0217,3.907898297,-2.798728357,2.392078143
Przehyba,KUMA,50,Edges,SIPI2,2,0.0154,-0.01633,0.02609,1.67058821,-1.74236661,2.83309498
Przehyba,KUMA,50,Edges,SIPI2,3,0.01069,0.00511,0.01097,1.17219925,0.553838884,1.182416592
Przehyba,KUMA,50,Edges,SIPI2,4,-0.0248,0.0078,-0.01034,-2.621256914,0.846619654,-1.112891786
Przehyba,NATURAL,30,Bounded,GNDVI,1,0.0753,-0.00846,0.02547,11.42551942,-1.15203765,3.508791265
Przehyba,NATURAL,30,Bounded,GNDVI,2,0.00018,0.00883,0.04013,0.024532151,1.20314316,5.402960117
Przehyba,NATURAL,30,Bounded,GNDVI,3,0.01219,0.02049,-0.01263,1.6524982,2.732506425,-1.639512378
Przehyba,NATURAL,30,Bounded,GNDVI,4,-0.02989,0.02117,-0.01171,-3.932630837,2.899360552,-1.558567396
Przehyba,NATURAL,30,Bounded,LCI,1,-0.00505,0.03675,0.03963,-1.732828697,12.83255523,12.26437575
Przehyba,NATURAL,30,Bounded,LCI,2,-0.0234,0.03222,0.00576,-6.925720171,10.24577783,1.661421843
Przehyba,NATURAL,30,Bounded,LCI,3,-0.04965,0.04923,-0.09571,-11.476558,12.85475924,-22.14478911
Przehyba,NATURAL,30,Bounded,LCI,4,0.02025,0.11736,-0.01479,6.42916332,35.00973984,-3.267923311
Przehyba,NATURAL,30,Bounded,MCARI,1,0.06597,0.09407,0.1958,9.385389977,12.23482223,22.68984786
Przehyba,NATURAL,30,Bounded,MCARI,2,-0.00278,-0.04993,0.30453,-0.341640439,-6.157044717,40.01650436
Przehyba,NATURAL,30,Bounded,MCARI,3,0.21676,-0.30417,0.0578,27.15436623,-29.96716292,8.131213591
Przehyba,NATURAL,30,Bounded,MCARI,4,0.31909,-0.29928,-0.02668,43.3116022,-28.3457139,-3.526576881
Przehyba,NATURAL,30,Bounded,MCARI2,1,0.06245,-0.00989,0.09028,10.39307284,-1.490960018,13.81609051
Przehyba,NATURAL,30,Bounded,MCARI2,2,0.02385,-0.01519,0.06927,3.571209315,-2.196067319,10.23945271
Przehyba,NATURAL,30,Bounded,MCARI2,3,0.05684,-0.01485,-0.06403,7.877147541,-1.90770804,-8.38559872
Przehyba,NATURAL,30,Bounded,MCARI2,4,0.0484,0.031,-0.05458,6.864459544,4.114237784,-6.957466146
Przehyba,NATURAL,30,Bounded,NDRE,1,-0.00823,0.02955,0.02676,-4.205824786,15.76411969,12.33174041
Przehyba,NATURAL,30,Bounded,NDRE,2,-0.01744,0.02224,0.00188,-7.682447106,10.61215531,0.811005517
Przehyba,NATURAL,30,Bounded,NDRE,3,-0.04381,0.04364,-0.07826,-14.44773127,16.82207686,-25.82318411
Przehyba,NATURAL,30,Bounded,NDRE,4,0.01614,0.09851,-0.01299,7.79104175,44.11534207,-4.036530759
Przehyba,NATURAL,30,Bounded,NDVI,1,0.0282,-0.00399,0.03494,3.530025874,-0.482431163,4.245077278
Przehyba,NATURAL,30,Bounded,NDVI,2,-0.01347,0.02912,0.01032,-1.601624692,3.518816363,1.204663167
Przehyba,NATURAL,30,Bounded,NDVI,3,-0.00298,0.00124,-0.01553,-0.342938291,0.143190209,-1.790777668
Przehyba,NATURAL,30,Bounded,NDVI,4,-0.00938,0.02063,-0.00276,-1.096613009,2.438589046,-0.318481995
Przehyba,NATURAL,30,Bounded,OSAVI,1,0.04561,-0.00641,0.04353,7.883624497,-1.02699507,7.046642525
Przehyba,NATURAL,30,Bounded,OSAVI,2,0.01199,-0.00544,0.03866,1.924493717,-0.856678073,6.140689454
Przehyba,NATURAL,30,Bounded,OSAVI,3,0.02829,-0.00285,-0.02959,4.375118889,-0.422284157,-4.402939658
Przehyba,NATURAL,30,Bounded,OSAVI,4,0.01613,0.01532,-0.02538,2.500112373,2.316645521,-3.750992062
Przehyba,NATURAL,30,Bounded,SIPI2,1,0.04184,-0.00373,-0.00286,4.680817264,-0.398631614,-0.306876502
Przehyba,NATURAL,30,Bounded,SIPI2,2,0.00876,-0.01151,0.02275,0.946228104,-1.231620657,2.464705952
Przehyba,NATURAL,30,Bounded,SIPI2,3,0.01094,0.01356,0.00017,1.199257644,1.4688503,0.01814822
Przehyba,NATURAL,30,Bounded,SIPI2,4,-0.01568,0.00263,-0.0069,-1.674317486,0.285614685,-0.747197198
Przehyba,NATURAL,30,Edges,GNDVI,1,0.07844,-0.00556,0.02391,12.08198623,-0.76408157,3.311125298
Przehyba,NATURAL,30,Edges,GNDVI,2,-0.0028,0.00681,0.03953,-0.380336081,0.928563345,5.340441313
Przehyba,NATURAL,30,Edges,GNDVI,3,0.00211,0.03204,-0.00705,0.282236113,4.273646779,-0.90182168
Przehyba,NATURAL,30,Edges,GNDVI,4,-0.04172,0.0324,-0.01549,-5.396239447,4.429793919,-2.027988599
Przehyba,NATURAL,30,Edges,LCI,1,-0.00462,0.03473,0.04,-1.584302375,12.10142478,12.43313306
Przehyba,NATURAL,30,Edges,LCI,2,-0.02511,0.02708,0.00426,-7.330081358,8.530450369,1.236463482
Przehyba,NATURAL,30,Edges,LCI,3,-0.06343,0.06494,-0.08385,-14.34091264,17.14039871,-18.8931775
Przehyba,NATURAL,30,Edges,LCI,4,0.00043,0.13247,-0.01957,0.129771753,39.92693976,-4.215392105
Przehyba,NATURAL,30,Edges,MCARI,1,0.06004,0.11238,0.16711,9.065090794,15.55731829,20.01938326
Przehyba,NATURAL,30,Edges,MCARI,2,-0.01321,-0.02525,0.29369,-1.688155182,-3.282200335,39.47175664
Przehyba,NATURAL,30,Edges,MCARI,3,0.25045,-0.32911,0.03177,33.72741462,-33.14230011,4.785279955
Przehyba,NATURAL,30,Edges,MCARI,4,0.35997,-0.32769,-0.02248,52.54645275,-31.35726459,-3.13383919
Przehyba,NATURAL,30,Edges,MCARI2,1,0.0618,0.00579,0.08045,10.9537373,0.924933426,12.7338429
Przehyba,NATURAL,30,Edges,MCARI2,2,0.01958,-0.00086,0.06857,3.039659956,-0.129570564,10.34439582
Przehyba,NATURAL,30,Edges,MCARI2,3,0.0825,-0.03257,-0.08046,11.97733453,-4.222735352,-10.89165068
Przehyba,NATURAL,30,Edges,MCARI2,4,0.07773,0.01181,-0.05604,11.5048007,1.567641542,-7.3238531
Przehyba,NATURAL,30,Edges,NDRE,1,-0.00827,0.02722,0.02722,-4.181603976,14.3640403,12.55992728
Przehyba,NATURAL,30,Edges,NDRE,2,-0.01837,0.01806,0.00063,-7.955790577,8.497583882,0.27321101
Przehyba,NATURAL,30,Edges,NDRE,3,-0.05493,0.05639,-0.06903,-17.69817412,22.07554778,-22.13699087
Przehyba,NATURAL,30,Edges,NDRE,4,0.00085,0.11055,-0.01624,0.388143805,50.28634331,-4.915388131
Przehyba,NATURAL,30,Edges,NDVI,1,0.03333,0.00061,0.0343,4.240776343,0.074456437,4.183533952
Przehyba,NATURAL,30,Edges,NDVI,2,-0.01847,0.03027,0.00923,-2.188567549,3.667041811,1.078609984
Przehyba,NATURAL,30,Edges,NDVI,3,-0.01077,0.0093,-0.01086,-1.224989792,1.070909156,-1.237295223
Przehyba,NATURAL,30,Edges,NDVI,4,-0.01865,0.02865,-0.0089,-2.147946897,3.372091792,-1.013354648
Przehyba,NATURAL,30,Edges,OSAVI,1,0.04689,0.00249,0.03956,8.423287723,0.412551507,6.527503461
Przehyba,NATURAL,30,Edges,OSAVI,2,0.01083,4.00E-05,0.03918,1.77221114,0.006431582,6.299329068
Przehyba,NATURAL,30,Edges,OSAVI,3,0.04041,-0.00994,-0.03809,6.402182541,-1.480045444,-5.756724365
Przehyba,NATURAL,30,Edges,OSAVI,4,0.02915,0.00792,-0.02643,4.609635799,1.197240904,-3.948070106
Przehyba,NATURAL,30,Edges,SIPI2,1,0.04142,-0.00453,-0.00355,4.631498438,-0.48411349,-0.381228113
Przehyba,NATURAL,30,Edges,SIPI2,2,0.00974,-0.01378,0.02306,1.052061944,-1.472944532,2.501733096
Przehyba,NATURAL,30,Edges,SIPI2,3,0.00826,0.01653,0.00116,0.904164081,1.793209237,0.123622436
Przehyba,NATURAL,30,Edges,SIPI2,4,-0.01814,0.00574,-0.00596,-1.934271039,0.624129454,-0.644031203
Przehyba,NATURAL,50,Bounded,GNDVI,1,0.03095,-0.03383,0.07666,4.65035212,-4.857205621,11.56850939
Przehyba,NATURAL,50,Bounded,GNDVI,2,0.01555,-0.00377,0.04928,2.147371852,-0.509672282,6.696370942
Przehyba,NATURAL,50,Bounded,GNDVI,3,0.01768,0.01638,-0.01093,2.41982615,2.188929469,-1.429335509
Przehyba,NATURAL,50,Bounded,GNDVI,4,-0.05723,0.01891,-0.02028,-7.291272514,2.598666174,-2.716346701
Przehyba,NATURAL,50,Bounded,LCI,1,-0.04876,-0.01852,0.0861,-16.6104016,-7.565637626,38.05171675
Przehyba,NATURAL,50,Bounded,LCI,2,0.02525,0.03049,-0.00034,9.170446828,10.14335093,-0.102693903
Przehyba,NATURAL,50,Bounded,LCI,3,0.01651,0.05663,-0.10063,4.93615291,16.13477653,-24.68775377
Przehyba,NATURAL,50,Bounded,LCI,4,-0.09502,0.0852,0.03213,-23.69038448,27.83667842,8.211699819
Przehyba,NATURAL,50,Bounded,MCARI,1,-0.08676,0.20242,0.18758,-11.40362061,30.03036862,21.40173491
Przehyba,NATURAL,50,Bounded,MCARI,2,0.00233,0.02236,0.26331,0.294195262,2.81498286,32.24147495
Przehyba,NATURAL,50,Bounded,MCARI,3,0.21688,-0.44117,0.08827,26.2093485,-42.24265132,14.63359643
Przehyba,NATURAL,50,Bounded,MCARI,4,0.17531,-0.21358,-0.13465,19.22530709,-19.64530285,-15.41321496
Przehyba,NATURAL,50,Bounded,MCARI2,1,-0.00137,0.01482,0.12084,-0.231176418,2.506549672,19.93825806
Przehyba,NATURAL,50,Bounded,MCARI2,2,-0.12649,0.15621,0.07418,-19.80642969,30.50136583,11.09895848
Przehyba,NATURAL,50,Bounded,MCARI2,3,0.05607,-0.02794,-0.0703,7.887285111,-3.64294925,-9.512584893
Przehyba,NATURAL,50,Bounded,MCARI2,4,-0.02564,0.0149,-0.05261,-3.306377672,1.98711443,-6.879543264
Przehyba,NATURAL,50,Bounded,NDRE,1,-0.0382,-0.01187,0.05858,-19.55454541,-7.553244968,40.32185902
Przehyba,NATURAL,50,Bounded,NDRE,2,0.01904,0.02219,-0.0037,10.67917057,11.2450654,-1.685487949
Przehyba,NATURAL,50,Bounded,NDRE,3,0.01247,0.05005,-0.0817,5.659923475,21.49997208,-28.8854869
Przehyba,NATURAL,50,Bounded,NDRE,4,-0.07356,0.06844,0.02851,-26.88291897,34.20785621,10.61781454
Przehyba,NATURAL,50,Bounded,NDVI,1,0.00728,-0.02092,0.05232,0.896506457,-2.553333797,6.553098005
Przehyba,NATURAL,50,Bounded,NDVI,2,-0.00324,0.0186,0.01638,-0.387221222,2.231577785,1.922329892
Przehyba,NATURAL,50,Bounded,NDVI,3,0.00032,-0.00834,-0.00576,0.037026709,-0.964651424,-0.672723514
Przehyba,NATURAL,50,Bounded,NDVI,4,-0.0274,0.01101,-0.00021,-3.138562973,1.302017121,-0.024514926
Przehyba,NATURAL,50,Bounded,OSAVI,1,0.00751,-0.00058,0.06746,1.298137838,-0.098970874,11.52274059
Przehyba,NATURAL,50,Bounded,OSAVI,2,-0.0527,0.06837,0.04168,-8.623779048,12.24388925,6.649956683
Przehyba,NATURAL,50,Bounded,OSAVI,3,0.02782,-0.00792,-0.03272,4.32732765,-1.180836456,-4.936699503
Przehyba,NATURAL,50,Bounded,OSAVI,4,-0.02153,0.00923,-0.02665,-3.157349821,1.397699172,-3.979982109
Przehyba,NATURAL,50,Bounded,SIPI2,1,0.02048,-0.01342,0.02674,2.298538385,-1.4723291,2.977526026
Przehyba,NATURAL,50,Bounded,SIPI2,2,0.01384,-0.01425,0.02531,1.501848554,-1.523459675,2.747738896
Przehyba,NATURAL,50,Bounded,SIPI2,3,0.01278,0.01647,-0.00445,1.404008345,1.784338771,-0.473655696
Przehyba,NATURAL,50,Bounded,SIPI2,4,-0.02427,0.00709,-0.01493,-2.572307053,0.771288487,-1.611734898
Przehyba,NATURAL,50,Edges,GNDVI,1,0.03258,-0.03245,0.07313,4.948803128,-4.696629571,11.106032
Przehyba,NATURAL,50,Edges,GNDVI,2,0.016,-0.00491,0.04505,2.215449716,-0.6651305,6.143536468
Przehyba,NATURAL,50,Edges,GNDVI,3,0.00779,0.02337,-0.00236,1.053057042,3.126249931,-0.306131317
Przehyba,NATURAL,50,Edges,GNDVI,4,-0.06332,0.03194,-0.02068,-8.029714509,4.403992549,-2.731147095
Przehyba,NATURAL,50,Edges,LCI,1,-0.04416,-0.02397,0.07865,-14.91181566,-9.512621983,34.49394985
Przehyba,NATURAL,50,Edges,LCI,2,0.02325,0.02768,-0.00312,8.379858065,9.205157282,-0.950115872
Przehyba,NATURAL,50,Edges,LCI,3,0.00113,0.06973,-0.07877,0.327753784,20.15894721,-18.95190686
Przehyba,NATURAL,50,Edges,LCI,4,-0.10465,0.10288,0.03184,-25.94064265,34.43439959,7.927280151
Przehyba,NATURAL,50,Edges,MCARI,1,-0.09931,0.21578,0.18667,-13.85055459,34.93275873,22.39643135
Przehyba,NATURAL,50,Edges,MCARI,2,0.00915,0.03068,0.25269,1.210748269,4.011081462,31.76249213
Przehyba,NATURAL,50,Edges,MCARI,3,0.25762,-0.46761,0.0473,33.56782951,-45.61688296,8.484746292
Przehyba,NATURAL,50,Edges,MCARI,4,0.20087,-0.24779,-0.12535,22.94684197,-23.02365362,-15.13064744
Przehyba,NATURAL,50,Edges,MCARI2,1,-0.00964,0.03369,0.12191,-1.737309441,6.178919047,21.05777718
Przehyba,NATURAL,50,Edges,MCARI2,2,-0.11462,0.16148,0.06721,-18.83985792,32.7034192,10.2571381
Przehyba,NATURAL,50,Edges,MCARI2,3,0.08285,-0.05734,-0.0981,12.22840325,-7.541055616,-13.95386548
Przehyba,NATURAL,50,Edges,MCARI2,4,-0.01864,0.00406,-0.05666,-2.450854709,0.54723545,-7.595469529
Przehyba,NATURAL,50,Edges,NDRE,1,-0.0352,-0.0167,0.05316,-17.6679332,-10.18100237,36.0820194
Przehyba,NATURAL,50,Edges,NDRE,2,0.01692,0.01982,-0.00502,9.352665123,10.01865228,-2.306444721
Przehyba,NATURAL,50,Edges,NDRE,3,0.00051,0.06136,-0.06459,0.223791198,26.86503124,-22.29078447
Przehyba,NATURAL,50,Edges,NDRE,4,-0.08043,0.08154,0.02866,-29.24184969,41.89681483,10.37800414
Przehyba,NATURAL,50,Edges,NDVI,1,0.00717,-0.01366,0.04805,0.893668415,-1.687501004,6.037789905
Przehyba,NATURAL,50,Edges,NDVI,2,0.00113,0.01956,0.0089,0.135890643,2.349038828,1.044305543
Przehyba,NATURAL,50,Edges,NDVI,3,-0.00803,-0.00646,0.00302,-0.918847356,-0.746052332,0.351395284
Przehyba,NATURAL,50,Edges,NDVI,4,-0.03386,0.02354,-0.00089,-3.862867078,2.793431993,-0.102743956
Przehyba,NATURAL,50,Edges,OSAVI,1,0.0048,0.00994,0.06938,0.863385442,1.772622786,12.1571919
Przehyba,NATURAL,50,Edges,OSAVI,2,-0.04839,0.07291,0.03857,-8.126340326,13.32709416,6.221058048
Przehyba,NATURAL,50,Edges,OSAVI,3,0.04012,-0.02052,-0.04896,6.392291012,-3.073001763,-7.564532601
Przehyba,NATURAL,50,Edges,OSAVI,4,-0.01882,0.00592,-0.02932,-2.786121503,0.901516894,-4.425052559
Przehyba,NATURAL,50,Edges,SIPI2,1,0.02228,-0.01719,0.02702,2.499969143,-1.881791939,3.014612279
Przehyba,NATURAL,50,Edges,SIPI2,2,0.01158,-0.01576,0.0271,1.254222712,-1.685812115,2.948533404
Przehyba,NATURAL,50,Edges,SIPI2,3,0.0105,0.0201,-0.00383,1.152211533,2.180537671,-0.406628793
Przehyba,NATURAL,50,Edges,SIPI2,4,-0.02457,0.00868,-0.01448,-2.603027224,0.944164833,-1.560326332
Przehyba,VALKIRIA,30,Bounded,GNDVI,1,0.07045,-0.01055,0.01378,10.61583922,-1.437171102,1.904548665
Przehyba,VALKIRIA,30,Bounded,GNDVI,2,0.03039,0.00437,0.03266,4.28449981,0.590787234,4.389425061
Przehyba,VALKIRIA,30,Bounded,GNDVI,3,0.01039,0.02653,-0.01526,1.408830752,3.547355796,-1.970529861
Przehyba,VALKIRIA,30,Bounded,GNDVI,4,-0.0455,0.01805,-0.00969,-5.884094968,2.48017577,-1.299239362
Przehyba,VALKIRIA,30,Bounded,LCI,1,-0.01907,0.03441,0.03205,-6.285203898,12.10166666,10.05487042
Przehyba,VALKIRIA,30,Bounded,LCI,2,-0.0224,0.06806,0.00173,-7.295442628,23.910821,0.490500452
Przehyba,VALKIRIA,30,Bounded,LCI,3,-0.06187,0.05548,-0.10237,-13.92900642,14.51174567,-23.38330391
Przehyba,VALKIRIA,30,Bounded,LCI,4,-0.00412,0.11121,0.02822,-1.213974854,33.17117112,6.320679283
Przehyba,VALKIRIA,30,Bounded,MCARI,1,0.15767,0.00453,0.0573,21.54164805,0.509217053,6.408456926
Przehyba,VALKIRIA,30,Bounded,MCARI,2,0.03439,-0.02912,0.31695,4.71469837,-3.81246146,43.14058563
Przehyba,VALKIRIA,30,Bounded,MCARI,3,0.21302,-0.27874,0.03808,26.59057234,-27.48560097,5.178197721
Przehyba,VALKIRIA,30,Bounded,MCARI,4,0.33616,-0.26181,0.06338,46.98771772,-24.89679825,8.025111077
Przehyba,VALKIRIA,30,Bounded,MCARI2,1,0.09531,-0.04879,0.02409,15.47313104,-6.859454983,3.636275814
Przehyba,VALKIRIA,30,Bounded,MCARI2,2,0.04776,0.0006,0.07256,7.795374679,0.090849763,10.97679231
Przehyba,VALKIRIA,30,Bounded,MCARI2,3,0.05428,0.00188,-0.07659,7.523100826,0.242333309,-9.848637792
Przehyba,VALKIRIA,30,Bounded,MCARI2,4,0.05,0.03978,-0.00946,7.162390004,5.317534899,-1.200704176
Przehyba,VALKIRIA,30,Bounded,NDRE,1,-0.01854,0.0275,0.02262,-9.046064669,14.75234831,10.57449126
Przehyba,VALKIRIA,30,Bounded,NDRE,2,-0.01753,0.04981,-0.00062,-8.564965237,26.61629467,-0.261657473
Przehyba,VALKIRIA,30,Bounded,NDRE,3,-0.05458,0.04805,-0.08344,-17.39984252,18.54489176,-27.16579142
Przehyba,VALKIRIA,30,Bounded,NDRE,4,-0.0017,0.09406,0.02672,-0.754111014,42.04155884,8.408041763
Przehyba,VALKIRIA,30,Bounded,NDVI,1,0.02545,-0.00737,0.02557,3.174460622,-0.890999455,3.11908767
Przehyba,VALKIRIA,30,Bounded,NDVI,2,-0.00516,0.03344,0.00613,-0.624477333,4.072431804,0.717318982
Przehyba,VALKIRIA,30,Bounded,NDVI,3,-0.00491,0.0077,-0.01876,-0.565354913,0.891646431,-2.153176222
Przehyba,VALKIRIA,30,Bounded,NDVI,4,-0.01935,0.01625,0.00063,-2.246418791,1.929880609,0.073403389
Przehyba,VALKIRIA,30,Bounded,OSAVI,1,0.0571,-0.02248,0.01062,9.735703775,-3.492847276,1.709811776
Przehyba,VALKIRIA,30,Bounded,OSAVI,2,0.02885,0.00081,0.03841,4.859266546,0.130107732,6.16165975
Przehyba,VALKIRIA,30,Bounded,OSAVI,3,0.0268,0.00561,-0.03559,4.143789495,0.832899068,-5.240289121
Przehyba,VALKIRIA,30,Bounded,OSAVI,4,0.0139,0.01949,-0.00615,2.156105112,2.959392998,-0.906984667
Przehyba,VALKIRIA,30,Bounded,SIPI2,1,0.03932,-0.003,-0.00517,4.390347934,-0.320882727,-0.554768054
Przehyba,VALKIRIA,30,Bounded,SIPI2,2,0.02634,-0.0174,0.02016,2.874663995,-1.845916864,2.17893887
Przehyba,VALKIRIA,30,Bounded,SIPI2,3,0.01075,0.01395,0.00023,1.178222933,1.511145101,0.024544041
Przehyba,VALKIRIA,30,Bounded,SIPI2,4,-0.02064,0.00304,-0.00761,-2.19091767,0.329921611,-0.823173469
Przehyba,VALKIRIA,30,Edges,GNDVI,1,0.06867,-0.00749,0.01422,10.52976995,-1.039092923,1.993464465
Przehyba,VALKIRIA,30,Edges,GNDVI,2,0.0258,0.0021,0.03371,3.639692968,0.285850016,4.575494299
Przehyba,VALKIRIA,30,Edges,GNDVI,3,-0.00042,0.03517,0.00023,-0.056519147,4.735482186,0.029568265
Przehyba,VALKIRIA,30,Edges,GNDVI,4,-0.05801,0.03288,-0.01464,-7.411514742,4.53710616,-1.932492136
Przehyba,VALKIRIA,30,Edges,LCI,1,-0.02571,0.03439,0.03679,-8.375929709,12.22794685,11.65601604
Przehyba,VALKIRIA,30,Edges,LCI,2,-0.03316,0.0705,-0.00034,-10.5611486,25.1049601,-0.096777591
Przehyba,VALKIRIA,30,Edges,LCI,3,-0.0798,0.06865,-0.0745,-17.48615679,18.23077801,-16.73363866
Przehyba,VALKIRIA,30,Edges,LCI,4,-0.02632,0.12923,0.02326,-7.366132025,39.04335767,5.054093577
Przehyba,VALKIRIA,30,Edges,MCARI,1,0.16064,0.02,0.02786,24.19674314,2.425621353,3.298872392
Przehyba,VALKIRIA,30,Edges,MCARI,2,0.05694,-0.04832,0.30254,8.273865831,-6.484765766,43.41779909
Przehyba,VALKIRIA,30,Edges,MCARI,3,0.23877,-0.28572,-0.00868,33.52847259,-30.04697601,-1.30488837
Przehyba,VALKIRIA,30,Edges,MCARI,4,0.35443,-0.2769,0.05472,55.0279386,-27.73101417,7.58292788
Przehyba,VALKIRIA,30,Edges,MCARI2,1,0.10085,-0.03839,0.0069,17.97519299,-5.799961021,1.106636451
Przehyba,VALKIRIA,30,Edges,MCARI2,2,0.06351,-0.00973,0.07295,11.05866088,-1.52553029,11.61474396
Przehyba,VALKIRIA,30,Edges,MCARI2,3,0.0862,-0.0168,-0.10194,13.17799,-2.269285891,-14.0894321
Przehyba,VALKIRIA,30,Edges,MCARI2,4,0.08244,0.0223,-0.01864,12.82332464,3.07445842,-2.493208548
Przehyba,VALKIRIA,30,Edges,NDRE,1,-0.0245,0.0275,0.0272,-11.61902865,14.75630631,12.71854148
Przehyba,VALKIRIA,30,Edges,NDRE,2,-0.02623,0.05232,-0.00236,-12.39538587,28.22295705,-0.992843951
Przehyba,VALKIRIA,30,Edges,NDRE,3,-0.06965,0.05979,-0.06258,-21.43729936,23.42400226,-19.86408118
Przehyba,VALKIRIA,30,Edges,NDRE,4,-0.01966,0.10902,0.02422,-8.192998029,49.48683846,7.354526435
Przehyba,VALKIRIA,30,Edges,NDVI,1,0.02366,-0.00235,0.02288,3.011515291,-0.290370451,2.835329093
Przehyba,VALKIRIA,30,Edges,NDVI,2,-0.00898,0.03251,0.00388,-1.088628679,3.984503212,0.457320128
Przehyba,VALKIRIA,30,Edges,NDVI,3,-0.01524,0.01099,-0.00214,-1.74554251,1.281123192,-0.24630797
Przehyba,VALKIRIA,30,Edges,NDVI,4,-0.02685,0.02515,-0.00734,-3.093207501,2.989844041,-0.847251224
Przehyba,VALKIRIA,30,Edges,OSAVI,1,0.06245,-0.0183,0.00147,11.27152555,-2.968365015,0.245736801
Przehyba,VALKIRIA,30,Edges,OSAVI,2,0.03963,-0.00503,0.04072,6.962391141,-0.826173437,6.743943783
Przehyba,VALKIRIA,30,Edges,OSAVI,3,0.04492,-0.00291,-0.04999,7.338658163,-0.442908218,-7.642433777
Przehyba,VALKIRIA,30,Edges,OSAVI,4,0.03044,0.01277,-0.01127,4.926435245,1.969672899,-1.704731955
Przehyba,VALKIRIA,30,Edges,SIPI2,1,0.03992,-0.00398,-0.0032,4.451228827,-0.424872778,-0.343063839
Przehyba,VALKIRIA,30,Edges,SIPI2,2,0.02547,-0.01865,0.02236,2.777744454,-1.978987713,2.420565715
Przehyba,VALKIRIA,30,Edges,SIPI2,3,0.00929,0.01776,0.00093,1.016532606,1.923783093,0.098837228
Przehyba,VALKIRIA,30,Edges,SIPI2,4,-0.0246,0.008,-0.00618,-2.604467191,0.86963044,-0.665997795
Przehyba,VALKIRIA,50,Bounded,GNDVI,1,0.04016,-0.04712,0.08185,6.036456227,-6.679415013,12.43295546
Przehyba,VALKIRIA,50,Bounded,GNDVI,2,0.03567,-0.00438,0.04921,5.081913261,-0.593841135,6.711757237
Przehyba,VALKIRIA,50,Bounded,GNDVI,3,0.01426,-0.00041,0.00028,1.943968449,-0.054826687,0.037463156
Przehyba,VALKIRIA,50,Bounded,GNDVI,4,-0.05701,0.01292,-0.0215,-7.279194986,1.779170758,-2.908939374
Przehyba,VALKIRIA,50,Bounded,LCI,1,-0.04772,-0.02621,0.08957,-16.10089716,-10.54045468,40.26504713
Przehyba,VALKIRIA,50,Bounded,LCI,2,0.07394,0.02809,-0.00155,32.0584805,9.222505672,-0.465925795
Przehyba,VALKIRIA,50,Bounded,LCI,3,0.01291,0.02077,-0.0665,3.81635386,5.91416067,-17.87821842
Przehyba,VALKIRIA,50,Bounded,LCI,4,-0.0813,0.01378,0.10861,-20.69697641,4.423599809,33.38856593
Przehyba,VALKIRIA,50,Bounded,MCARI,1,-0.17079,0.27576,0.19824,-22.30883876,46.36328329,22.77204635
Przehyba,VALKIRIA,50,Bounded,MCARI,2,0.09455,0.02689,0.27253,14.22165934,3.54104198,34.66107741
Przehyba,VALKIRIA,50,Bounded,MCARI,3,0.21157,-0.46852,0.15351,25.47559788,-44.96133107,26.76577203
Przehyba,VALKIRIA,50,Bounded,MCARI,4,0.13925,-0.25984,-0.02567,14.74901258,-23.98417547,-3.117027568
Przehyba,VALKIRIA,50,Bounded,MCARI2,1,-0.05446,0.06253,0.12485,-9.229397818,11.67451751,20.87300486
Przehyba,VALKIRIA,50,Bounded,MCARI2,2,-0.06014,0.16015,0.07699,-10.92697604,32.66760634,11.83749468
Przehyba,VALKIRIA,50,Bounded,MCARI2,3,0.05366,-0.05083,-0.03463,7.544559439,-6.645304425,-4.849657807
Przehyba,VALKIRIA,50,Bounded,MCARI2,4,-0.04007,-0.00371,-0.00885,-5.114812021,-0.499097991,-1.1965426
Przehyba,VALKIRIA,50,Bounded,NDRE,1,-0.03717,-0.01789,0.06103,-18.75179724,-11.10828247,42.6303253
Przehyba,VALKIRIA,50,Bounded,NDRE,2,0.05295,0.0201,-0.00435,35.70922775,9.988520655,-1.965382165
Przehyba,VALKIRIA,50,Bounded,NDRE,3,0.00976,0.02029,-0.05268,4.370977782,8.706248847,-20.79410755
Przehyba,VALKIRIA,50,Bounded,NDRE,4,-0.06225,0.00975,0.09388,-23.31539265,4.762114086,43.76873622
Przehyba,VALKIRIA,50,Bounded,NDVI,1,0.00184,-0.01852,0.05433,0.227488808,-2.284527262,6.858540859
Przehyba,VALKIRIA,50,Bounded,NDVI,2,0.01382,0.02134,0.01391,1.699456838,2.580345602,1.639632185
Przehyba,VALKIRIA,50,Bounded,NDVI,3,-0.00082,-0.01561,-0.00454,-0.094842532,-1.807191952,-0.535275732
Przehyba,VALKIRIA,50,Bounded,NDVI,4,-0.02887,0.01078,-0.00484,-3.317128771,1.281105125,-0.567914475
Przehyba,VALKIRIA,50,Bounded,OSAVI,1,-0.01435,0.0181,0.07078,-2.486911222,3.216799871,12.18724764
Przehyba,VALKIRIA,50,Bounded,OSAVI,2,-0.01835,0.07123,0.04326,-3.242960478,13.01025953,6.99184285
Przehyba,VALKIRIA,50,Bounded,OSAVI,3,0.02642,-0.02125,-0.01484,4.104708918,-3.171305727,-2.287225598
Przehyba,VALKIRIA,50,Bounded,OSAVI,4,-0.02782,0.00011,-0.00827,-4.059056204,0.016728486,-1.25746764
Przehyba,VALKIRIA,50,Bounded,SIPI2,1,0.03107,-0.02572,0.02965,3.479357344,-2.783396155,3.300565159
Przehyba,VALKIRIA,50,Bounded,SIPI2,2,0.01873,-0.01678,0.027,2.037461886,-1.788891601,2.930860989
Przehyba,VALKIRIA,50,Bounded,SIPI2,3,0.01097,0.00879,0.0029,1.202651754,0.952204532,0.311188515
Przehyba,VALKIRIA,50,Bounded,SIPI2,4,-0.02326,0.00269,-0.01304,-2.464319806,0.292197247,-1.412323825
Przehyba,VALKIRIA,50,Edges,GNDVI,1,0.04375,-0.04838,0.07803,6.673367999,-6.917941319,11.98689322
Przehyba,VALKIRIA,50,Edges,GNDVI,2,0.02774,-0.00524,0.0451,3.936477123,-0.715425753,6.201946944
Przehyba,VALKIRIA,50,Edges,GNDVI,3,0.00604,0.01089,0.01419,0.819248543,1.465086149,1.881486255
Przehyba,VALKIRIA,50,Edges,GNDVI,4,-0.06102,0.02835,-0.02266,-7.798970107,3.929907637,-3.022377061
Przehyba,VALKIRIA,50,Edges,LCI,1,-0.03991,-0.03357,0.08619,-13.4557874,-13.07798092,38.62926394
Przehyba,VALKIRIA,50,Edges,LCI,2,0.05528,0.02637,-0.00475,22.40224347,8.730602799,-1.446358374
Przehyba,VALKIRIA,50,Edges,LCI,3,0.00049,0.04228,-0.04378,0.141250674,12.17072405,-11.23511886
Przehyba,VALKIRIA,50,Edges,LCI,4,-0.0888,0.04091,0.10272,-22.50374429,13.37798111,29.6269804
Przehyba,VALKIRIA,50,Edges,MCARI,1,-0.18907,0.28449,0.16389,-25.83202285,52.40664565,19.80924431
Przehyba,VALKIRIA,50,Edges,MCARI,2,0.11515,0.03523,0.25076,18.70529775,4.821067641,32.73710445
Przehyba,VALKIRIA,50,Edges,MCARI,3,0.21589,-0.48182,0.11141,28.26077566,-49.17478983,22.37189026
Przehyba,VALKIRIA,50,Edges,MCARI,4,0.16478,-0.31528,-0.00893,18.84231482,-30.33577376,-1.233389639
Przehyba,VALKIRIA,50,Edges,MCARI2,1,-0.06627,0.07765,0.10994,-11.92397588,15.86309323,19.38460833
Przehyba,VALKIRIA,50,Edges,MCARI2,2,-0.03973,0.16327,0.0671,-7.802573101,34.77818179,10.60482259
Przehyba,VALKIRIA,50,Edges,MCARI2,3,0.07075,-0.08901,-0.04519,10.68923266,-12.14936305,-7.021212794
Przehyba,VALKIRIA,50,Edges,MCARI2,4,-0.02319,-0.04306,-0.00605,-3.116805617,-5.973578084,-0.892618707
Przehyba,VALKIRIA,50,Edges,NDRE,1,-0.03171,-0.02395,0.05907,-15.78232241,-14.15392616,40.66473451
Przehyba,VALKIRIA,50,Edges,NDRE,2,0.03823,0.01859,-0.00631,23.57242834,9.275937948,-2.881265382
Przehyba,VALKIRIA,50,Edges,NDRE,3,-0.00015,0.03863,-0.03633,-0.064979791,16.74534334,-13.4894791
Przehyba,VALKIRIA,50,Edges,NDRE,4,-0.06856,0.03125,0.0906,-25.44810717,15.55879732,39.03473057
Przehyba,VALKIRIA,50,Edges,NDVI,1,0.00484,-0.0191,0.0513,0.606713206,-2.379822099,6.547701859
Przehyba,VALKIRIA,50,Edges,NDVI,2,0.0071,0.02233,0.00776,0.871966998,2.718691522,0.919778921
Przehyba,VALKIRIA,50,Edges,NDVI,3,-0.00828,-0.00987,0.0096,-0.953882983,-1.148006807,1.129569904
Przehyba,VALKIRIA,50,Edges,NDVI,4,-0.02993,0.01869,-0.00307,-3.45272717,2.233185689,-0.358807916
Przehyba,VALKIRIA,50,Edges,OSAVI,1,-0.02136,0.02921,0.06608,-3.855658305,5.48409687,11.76133461
Przehyba,VALKIRIA,50,Edges,OSAVI,2,-0.00495,0.07604,0.0391,-0.92036346,14.26960241,6.421194211
Przehyba,VALKIRIA,50,Edges,OSAVI,3,0.03634,-0.03908,-0.0213,5.871698381,-5.964217746,-3.456888703
Przehyba,VALKIRIA,50,Edges,OSAVI,4,-0.02066,-0.01577,-0.00872,-3.094940985,-2.437851784,-1.381690384
Przehyba,VALKIRIA,50,Edges,SIPI2,1,0.03272,-0.02649,0.02892,3.668486335,-2.864895673,3.219948539
Przehyba,VALKIRIA,50,Edges,SIPI2,2,0.01707,-0.01817,0.02815,1.853840882,-1.93738731,3.060810642
Przehyba,VALKIRIA,50,Edges,SIPI2,3,0.00958,0.01329,0.0039,1.049436339,1.440726933,0.416781994
Przehyba,VALKIRIA,50,Edges,SIPI2,4,-0.02543,0.00889,-0.01483,-2.689721625,0.966282291,-1.596493098
